product_id,name,category,price,stock_qty,supplier_id,created_at
P00001,Adaptive dynamic focus group,Books,498.14,192,SUP055,2024-05-07
P00002,Triple-buffered 6thgeneration extranet,Sports,1172.7,329,SUP042,2024-06-12
P00003,Polarized dedicated adapter,Home,1402.11,148,SUP062,2024-08-12
P00004,Switchable upward-trending application,Home,364.48,202,SUP065,2025-05-12
P00005,Customizable hybrid concept,Sports,232.63,13,SUP090,2024-05-04
P00006,Balanced fault-tolerant encoding,Beauty,1717.13,458,SUP090,2024-10-05
P00007,Universal zero tolerance matrix,Beauty,1355.73,83,SUP036,2025-06-18
P00008,Upgradable reciprocal complexity,Clothing,1266.19,187,SUP082,2025-04-24
P00009,Operative user-facing projection,Beauty,948.29,74,SUP041,2026-03-15
P00010,Reduced multi-tasking database,Books,317.41,462,SUP089,2024-07-16
P00011,Horizontal scalable migration,Clothing,1725.27,276,SUP008,2024-06-27
P00012,Secured uniform array,Books,861.36,485,SUP098,2025-09-20
P00013,Monitored radical software,Electronics,1303.51,383,SUP048,2024-06-20
P00014,Multi-channeled bottom-line project,Electronics,371.03,251,SUP044,2024-10-25
P00015,Proactive mission-critical system engine,Books,810.45,357,SUP059,2024-07-05
P00016,Persistent high-level neural-net,Home,356.0,493,SUP091,2026-03-13
P00017,Automated zero administration success,Books,1388.89,296,SUP005,2024-12-23
P00018,Digitized 5thgeneration Graphical User Interface,Books,1881.52,396,SUP066,2025-05-23
P00019,Visionary attitude-oriented alliance,Electronics,514.05,498,SUP027,2025-12-20
P00020,Monitored local groupware,Home,1121.93,431,SUP002,2024-09-26
P00021,Extended dynamic hierarchy,Electronics,40.03,88,SUP016,2024-05-14
P00022,Total fault-tolerant circuit,Books,1962.02,309,SUP019,2026-01-27
P00023,Triple-buffered clear-thinking open system,Beauty,799.21,265,SUP025,2026-05-04
P00024,Enhanced contextually-based info-mediaries,Sports,394.75,427,SUP048,2024-07-02
P00025,Phased non-volatile success,Electronics,1322.86,154,SUP067,2025-06-27
P00026,Expanded coherent migration,Electronics,35.49,285,SUP019,2024-08-26
P00027,Self-enabling upward-trending flexibility,Books,943.77,133,SUP047,2024-08-08
P00028,Customizable upward-trending matrix,Clothing,596.71,168,SUP070,2024-08-17
P00029,Intuitive neutral task-force,Clothing,1444.55,435,SUP088,2026-01-31
P00030,Expanded grid-enabled pricing structure,Clothing,1335.15,413,SUP097,2024-05-10
P00031,Public-key fresh-thinking middleware,Electronics,1470.8,138,SUP070,2025-09-10
P00032,Upgradable national definition,Sports,348.58,270,SUP050,2025-02-02
P00033,Ergonomic responsive function,Clothing,1000.24,429,SUP037,2025-10-15
P00034,Reduced needs-based capacity,Clothing,1916.2,136,SUP051,2025-05-15
P00035,Multi-layered transitional system engine,Beauty,647.49,386,SUP014,2024-09-06
P00036,Adaptive impactful Graphic Interface,Clothing,1170.79,73,SUP013,2025-03-05
P00037,Fully-configurable responsive implementation,Electronics,63.6,240,SUP057,2024-12-09
P00038,Proactive value-added database,Beauty,1726.5,116,SUP058,2025-07-09
P00039,Distributed composite emulation,Sports,842.03,124,SUP100,2025-05-31
P00040,Object-based scalable capacity,Sports,1704.81,178,SUP036,2025-03-02
P00041,Horizontal multimedia help-desk,Sports,668.53,238,SUP028,2026-02-19
P00042,Synergized mobile standardization,Beauty,910.03,423,SUP047,2024-12-02
P00043,Cross-group even-keeled benchmark,Sports,879.63,1,SUP081,2024-07-20
P00044,Inverse well-modulated forecast,Electronics,1863.98,155,SUP073,2025-11-15
P00045,Inverse mobile Graphical User Interface,Clothing,1615.19,132,SUP080,2025-12-22
P00046,Public-key logistical strategy,Books,1990.0,490,SUP048,2024-08-07
P00047,Versatile 3rdgeneration instruction set,Books,1509.78,192,SUP019,2026-03-02
P00048,Assimilated static functionalities,Clothing,40.19,479,SUP055,2025-10-06
P00049,Versatile dedicated project,Books,1405.75,280,SUP021,2025-06-01
P00050,Centralized multi-state implementation,Books,1315.3,293,SUP064,2026-01-12
P00051,Open-source multimedia core,Books,801.26,429,SUP071,2025-05-02
P00052,Profound empowering project,Books,1464.29,103,SUP007,2024-05-14
P00053,Ameliorated dynamic process improvement,Clothing,590.1,329,SUP017,2024-07-22
P00054,Re-contextualized tangible attitude,Beauty,831.46,188,SUP009,2025-10-29
P00055,Seamless intermediate definition,Beauty,966.55,264,SUP075,2024-11-03
P00056,Synergistic composite customer loyalty,Books,746.88,304,SUP006,2025-10-03
P00057,Inverse next generation core,Books,1950.83,391,SUP011,2024-08-15
P00058,Digitized homogeneous function,Electronics,1631.78,233,SUP008,2025-06-22
P00059,Balanced fresh-thinking open architecture,Home,641.44,199,SUP082,2025-05-24
P00060,Enhanced maximized capability,Sports,426.44,302,SUP078,2024-07-13
P00061,Reduced exuding budgetary management,Home,917.61,328,SUP072,2024-07-01
P00062,Fully-configurable foreground alliance,Electronics,1610.03,188,SUP047,2024-06-11
P00063,Face-to-face context-sensitive flexibility,Home,1652.07,20,SUP026,2024-11-27
P00064,Fundamental hybrid capacity,Electronics,1514.09,118,SUP031,2026-02-19
P00065,Balanced full-range archive,Home,691.34,255,SUP028,2024-11-27
P00066,Re-engineered needs-based standardization,Home,591.94,129,SUP052,2024-07-27
P00067,Profit-focused intermediate open architecture,Sports,1281.44,76,SUP045,2024-11-01
P00068,Multi-lateral coherent core,Books,321.38,287,SUP088,2024-09-05
P00069,Front-line interactive analyzer,Sports,1535.72,92,SUP062,2025-01-04
P00070,Open-source methodical success,Beauty,174.52,38,SUP050,2025-03-02
P00071,Universal 6thgeneration architecture,Home,1812.66,377,SUP040,2026-04-12
P00072,Realigned intermediate neural-net,Home,1991.44,6,SUP069,2024-12-28
P00073,Exclusive tangible alliance,Electronics,1260.86,61,SUP078,2025-10-19
P00074,Realigned analyzing hardware,Electronics,1307.13,309,SUP069,2024-11-06
P00075,Programmable methodical Graphic Interface,Clothing,132.96,80,SUP032,2025-12-17
P00076,Customizable methodical forecast,Sports,766.31,172,SUP054,2025-03-30
P00077,Future-proofed discrete firmware,Home,1871.47,143,SUP029,2026-03-01
P00078,Stand-alone national forecast,Sports,72.39,245,SUP032,2025-05-25
P00079,Secured bi-directional help-desk,Books,1741.22,127,SUP091,2026-03-05
P00080,Fully-configurable explicit complexity,Electronics,1049.39,267,SUP056,2024-07-01
P00081,Programmable 24/7 flexibility,Electronics,397.39,267,SUP016,2024-05-10
P00082,Profit-focused dedicated firmware,Sports,1121.74,324,SUP004,2026-04-24
P00083,Integrated disintermediate groupware,Home,215.49,216,SUP056,2025-01-19
P00084,Optional incremental installation,Electronics,878.1,110,SUP002,2024-06-26
P00085,Optional methodical ability,Home,782.1,120,SUP095,2024-07-27
P00086,Stand-alone real-time standardization,Home,1969.25,359,SUP095,2024-11-19
P00087,Horizontal logistical hierarchy,Sports,239.72,102,SUP074,2025-09-04
P00088,Virtual heuristic extranet,Clothing,389.13,306,SUP019,2025-03-09
P00089,Cross-group client-server system engine,Home,1100.05,14,SUP059,2025-07-30
P00090,Future-proofed content-based projection,Books,664.29,296,SUP012,2025-07-25
P00091,Advanced incremental budgetary management,Clothing,253.52,302,SUP014,2025-01-07
P00092,Implemented homogeneous knowledge user,Books,255.36,255,SUP012,2025-05-09
P00093,Automated asynchronous array,Sports,381.55,409,SUP014,2025-10-01
P00094,Function-based interactive core,Clothing,876.62,479,SUP015,2024-11-05
P00095,Object-based regional intranet,Clothing,681.15,490,SUP092,2025-06-05
P00096,Sharable bandwidth-monitored analyzer,Home,1732.21,36,SUP053,2025-02-22
P00097,Reduced explicit challenge,Home,458.73,317,SUP100,2024-06-20
P00098,Seamless scalable algorithm,Beauty,983.37,164,SUP056,2024-09-15
P00099,Extended 6thgeneration policy,Home,614.11,474,SUP045,2024-08-05
P00100,Open-source logistical benchmark,Sports,929.31,370,SUP032,2024-05-14
P00101,Pre-emptive attitude-oriented groupware,Sports,1505.42,483,SUP041,2024-11-12
P00102,Decentralized directional collaboration,Books,844.27,283,SUP065,2026-02-22
P00103,Switchable solution-oriented help-desk,Home,404.72,294,SUP045,2026-04-20
P00104,Customizable tertiary intranet,Home,1386.53,341,SUP009,2024-12-27
P00105,Cross-platform bottom-line capability,Clothing,644.6,310,SUP078,2026-03-01
P00106,Face-to-face even-keeled superstructure,Electronics,1126.31,484,SUP007,2025-11-03
P00107,Function-based eco-centric hardware,Beauty,1797.05,33,SUP097,2025-07-13
P00108,Up-sized fresh-thinking circuit,Sports,1723.34,389,SUP082,2025-09-13
P00109,Reduced reciprocal analyzer,Sports,1770.0,114,SUP051,2025-11-10
P00110,Persistent coherent extranet,Sports,1367.5,103,SUP085,2024-11-17
P00111,Mandatory explicit model,Beauty,525.04,480,SUP007,2025-01-07
P00112,Cross-group fresh-thinking database,Beauty,840.99,306,SUP049,2025-07-26
P00113,Upgradable intangible utilization,Electronics,1912.0,180,SUP001,2025-01-16
P00114,Distributed heuristic structure,Sports,391.92,104,SUP058,2025-01-26
P00115,Multi-tiered solution-oriented pricing structure,Clothing,278.49,335,SUP047,2024-08-13
P00116,User-friendly holistic initiative,Home,1408.18,24,SUP052,2025-07-18
P00117,Universal hybrid moderator,Books,859.69,385,SUP037,2025-12-24
P00118,Open-source actuating hub,Home,1001.37,136,SUP041,2026-02-22
P00119,Virtual impactful product,Books,792.67,359,SUP059,2025-06-17
P00120,Exclusive dynamic moderator,Sports,972.11,310,SUP073,2025-01-13
P00121,Expanded bottom-line hardware,Books,487.12,298,SUP015,2025-06-08
P00122,Grass-roots content-based artificial intelligence,Clothing,623.08,166,SUP074,2024-07-28
P00123,Innovative modular neural-net,Home,864.21,52,SUP009,2025-03-11
P00124,Customer-focused motivating data-warehouse,Electronics,51.37,70,SUP023,2024-05-04
P00125,Managed bifurcated archive,Beauty,128.29,171,SUP017,2024-07-24
P00126,Reverse-engineered regional leverage,Clothing,1062.21,37,SUP038,2025-04-09
P00127,Integrated motivating monitoring,Sports,940.36,123,SUP058,2026-04-07
P00128,Managed homogeneous knowledgebase,Beauty,578.73,354,SUP087,2024-05-10
P00129,Fundamental solution-oriented initiative,Books,854.4,264,SUP091,2026-03-17
P00130,Advanced analyzing success,Sports,170.88,163,SUP002,2025-09-23
P00131,Exclusive clear-thinking support,Home,1940.78,198,SUP071,2024-07-23
P00132,Mandatory local algorithm,Home,1647.3,166,SUP006,2025-02-02
P00133,Programmable interactive time-frame,Home,1599.05,457,SUP098,2025-02-28
P00134,Diverse logistical process improvement,Electronics,87.57,63,SUP084,2024-05-07
P00135,Enterprise-wide bifurcated customer loyalty,Beauty,1715.72,353,SUP069,2025-03-25
P00136,Up-sized radical structure,Sports,622.82,58,SUP071,2024-09-28
P00137,Persistent directional throughput,Beauty,231.83,2,SUP056,2025-02-17
P00138,Universal reciprocal database,Home,614.25,392,SUP009,2026-03-20
P00139,Operative executive orchestration,Home,916.07,32,SUP058,2025-10-06
P00140,Inverse bi-directional flexibility,Sports,663.02,275,SUP017,2025-09-05
P00141,Enhanced asynchronous productivity,Books,811.1,73,SUP060,2024-11-01
P00142,Object-based needs-based superstructure,Home,1335.63,19,SUP077,2025-05-03
P00143,Diverse radical help-desk,Home,1374.22,29,SUP026,2024-07-07
P00144,Monitored asynchronous intranet,Clothing,1237.43,385,SUP096,2024-10-19
P00145,Vision-oriented holistic flexibility,Home,1011.86,421,SUP008,2025-05-11
P00146,Triple-buffered composite function,Electronics,105.09,150,SUP033,2025-07-04
P00147,Reactive object-oriented flexibility,Electronics,1331.89,214,SUP100,2024-12-08
P00148,Business-focused maximized conglomeration,Home,1262.21,101,SUP042,2025-02-24
P00149,Fully-configurable dedicated customer loyalty,Clothing,925.19,423,SUP030,2025-06-22
P00150,Sharable client-driven definition,Electronics,334.61,112,SUP056,2025-10-02
P00151,Multi-channeled encompassing migration,Clothing,1556.64,114,SUP036,2025-11-20
P00152,Monitored optimal hierarchy,Beauty,628.75,170,SUP072,2024-10-15
P00153,Multi-tiered composite ability,Clothing,727.24,180,SUP041,2025-08-05
P00154,Function-based disintermediate implementation,Electronics,526.42,79,SUP074,2024-05-28
P00155,Compatible motivating budgetary management,Books,156.8,154,SUP090,2024-11-26
P00156,Exclusive leadingedge archive,Beauty,96.08,226,SUP001,2025-11-01
P00157,Multi-lateral multimedia project,Books,161.5,191,SUP074,2025-12-26
P00158,Cloned 5thgeneration product,Beauty,118.58,396,SUP096,2025-03-23
P00159,Synchronized optimal infrastructure,Beauty,11.53,414,SUP045,2024-12-15
P00160,Total 24hour standardization,Clothing,1380.31,434,SUP065,2024-10-15
P00161,Front-line 6thgeneration benchmark,Home,1436.09,298,SUP025,2024-06-14
P00162,Expanded demand-driven framework,Beauty,150.81,234,SUP004,2024-08-23
P00163,Robust 4thgeneration challenge,Beauty,762.6,266,SUP070,2025-04-03
P00164,Horizontal neutral focus group,Sports,832.38,469,SUP033,2024-10-08
P00165,Multi-channeled tertiary adapter,Clothing,448.98,291,SUP056,2024-10-05
P00166,Seamless high-level structure,Clothing,1782.63,31,SUP077,2025-03-06
P00167,Open-architected interactive project,Books,90.15,495,SUP089,2026-03-30
P00168,Diverse responsive focus group,Clothing,1854.73,144,SUP072,2026-03-16
P00169,Enterprise-wide human-resource matrices,Books,1520.83,234,SUP052,2024-07-11
P00170,Persevering optimizing contingency,Beauty,1130.59,295,SUP097,2024-07-29
P00171,Universal neutral success,Clothing,1485.66,72,SUP048,2025-04-09
P00172,Organized foreground groupware,Electronics,1227.49,245,SUP038,2026-01-07
P00173,Pre-emptive asynchronous moderator,Clothing,230.89,393,SUP059,2024-07-13
P00174,Sharable hybrid installation,Sports,1691.44,47,SUP079,2024-08-01
P00175,Integrated multi-state hardware,Clothing,1315.59,19,SUP056,2025-05-30
P00176,Realigned mission-critical budgetary management,Home,526.05,491,SUP058,2026-01-02
P00177,Right-sized upward-trending success,Books,1030.09,331,SUP011,2025-08-06
P00178,User-friendly intangible hardware,Home,426.43,378,SUP084,2025-01-06
P00179,Customer-focused global Graphical User Interface,Home,1713.46,197,SUP091,2024-06-16
P00180,Vision-oriented regional benchmark,Books,844.51,239,SUP069,2024-12-06
P00181,Customer-focused global adapter,Clothing,1597.97,105,SUP002,2026-05-01
P00182,Intuitive leadingedge capability,Beauty,348.74,127,SUP003,2025-10-09
P00183,Reactive 4thgeneration application,Sports,918.11,491,SUP093,2025-04-25
P00184,Realigned user-facing data-warehouse,Books,644.02,110,SUP078,2025-09-24
P00185,Focused stable software,Books,1751.55,15,SUP087,2025-11-03
P00186,Robust value-added workforce,Electronics,1368.96,61,SUP064,2024-06-07
P00187,Innovative 24hour synergy,Home,1109.15,40,SUP051,2026-02-12
P00188,Upgradable 3rdgeneration moderator,Beauty,701.42,258,SUP084,2025-07-27
P00189,Mandatory eco-centric neural-net,Electronics,1643.98,305,SUP039,2025-11-10
P00190,Business-focused static matrices,Books,1062.9,458,SUP091,2024-11-04
P00191,Organic foreground capacity,Sports,1175.23,430,SUP033,2024-08-31
P00192,Customer-focused modular leverage,Home,1011.14,311,SUP008,2026-05-01
P00193,Optional tertiary process improvement,Sports,272.8,437,SUP039,2025-03-22
P00194,Mandatory attitude-oriented forecast,Sports,763.07,200,SUP088,2024-12-30
P00195,Persevering zero tolerance adapter,Home,1001.23,62,SUP056,2025-06-15
P00196,Decentralized client-server extranet,Beauty,661.24,175,SUP006,2024-06-22
P00197,Triple-buffered exuding support,Clothing,623.41,472,SUP064,2024-05-04
P00198,Mandatory multi-state database,Beauty,1398.47,437,SUP056,2025-09-25
P00199,Future-proofed even-keeled capacity,Clothing,1367.99,488,SUP032,2025-09-11
P00200,Polarized didactic instruction set,Beauty,29.84,279,SUP072,2024-08-22
P00201,Stand-alone maximized capacity,Home,1292.91,71,SUP026,2026-01-16
P00202,Future-proofed executive contingency,Sports,1979.76,107,SUP057,2024-08-29
P00203,Networked attitude-oriented info-mediaries,Clothing,818.94,281,SUP020,2024-12-17
P00204,Focused 3rdgeneration array,Books,167.31,350,SUP002,2026-01-08
P00205,Digitized multi-state support,Beauty,917.46,241,SUP021,2026-04-30
P00206,Face-to-face local process improvement,Books,1836.01,222,SUP084,2025-03-27
P00207,Automated encompassing attitude,Clothing,529.39,168,SUP032,2025-01-05
P00208,Devolved user-facing adapter,Home,1477.36,431,SUP027,2026-02-23
P00209,Open-architected bandwidth-monitored monitoring,Beauty,1580.13,284,SUP089,2024-09-04
P00210,Self-enabling secondary Local Area Network,Beauty,879.72,103,SUP010,2025-05-15
P00211,Up-sized regional Graphic Interface,Clothing,1733.47,278,SUP048,2025-06-29
P00212,Progressive regional utilization,Beauty,898.31,197,SUP002,2025-12-08
P00213,Triple-buffered systematic task-force,Electronics,1626.54,428,SUP039,2025-02-05
P00214,Ameliorated object-oriented definition,Electronics,1290.88,76,SUP041,2025-07-19
P00215,Visionary needs-based structure,Home,1501.8,422,SUP046,2025-10-26
P00216,Configurable next generation conglomeration,Books,1399.88,145,SUP017,2026-02-06
P00217,Devolved multi-tasking frame,Books,586.6,99,SUP064,2025-07-11
P00218,Inverse interactive interface,Sports,1956.04,416,SUP027,2025-12-30
P00219,Polarized leadingedge concept,Sports,248.86,112,SUP071,2026-05-02
P00220,Cloned impactful support,Clothing,521.58,91,SUP022,2024-08-04
P00221,Inverse non-volatile system engine,Beauty,384.78,90,SUP063,2025-10-19
P00222,Decentralized systemic open architecture,Clothing,599.76,403,SUP092,2026-03-24
P00223,Reverse-engineered background benchmark,Books,1594.41,213,SUP018,2025-01-07
P00224,Networked value-added implementation,Electronics,1584.82,193,SUP022,2025-05-26
P00225,Multi-lateral object-oriented encryption,Home,308.13,83,SUP017,2024-08-31
P00226,User-friendly high-level task-force,Books,1079.59,18,SUP012,2025-03-14
P00227,De-engineered radical ability,Electronics,517.11,461,SUP005,2024-09-27
P00228,Exclusive tangible contingency,Clothing,1975.78,304,SUP055,2025-04-19
P00229,Public-key encompassing functionalities,Beauty,1080.15,132,SUP033,2024-11-21
P00230,Vision-oriented incremental conglomeration,Home,1386.12,492,SUP049,2024-07-20
P00231,Pre-emptive methodical encoding,Home,1878.69,320,SUP055,2025-12-22
P00232,Future-proofed intangible array,Sports,632.2,213,SUP076,2024-09-24
P00233,Down-sized solution-oriented toolset,Beauty,1743.89,272,SUP049,2025-06-22
P00234,Ergonomic human-resource parallelism,Electronics,287.25,254,SUP097,2026-03-21
P00235,Adaptive zero administration flexibility,Sports,989.66,344,SUP067,2024-05-21
P00236,Grass-roots scalable synergy,Sports,363.52,112,SUP001,2025-02-04
P00237,Multi-lateral client-driven strategy,Electronics,115.43,200,SUP001,2025-03-20
P00238,Implemented 4thgeneration functionalities,Books,1667.08,384,SUP080,2025-05-10
P00239,Progressive actuating emulation,Beauty,770.88,423,SUP048,2024-07-20
P00240,Proactive maximized installation,Clothing,12.9,135,SUP014,2026-02-05
P00241,Robust zero administration neural-net,Sports,696.79,374,SUP084,2025-06-17
P00242,De-engineered explicit system engine,Beauty,484.25,150,SUP050,2025-09-14
P00243,Fundamental leadingedge success,Books,1694.75,299,SUP021,2024-09-03
P00244,Realigned homogeneous contingency,Electronics,583.86,245,SUP052,2024-06-30
P00245,Proactive exuding software,Home,1809.67,180,SUP068,2025-11-08
P00246,Advanced leadingedge access,Books,822.86,373,SUP078,2025-08-24
P00247,Quality-focused foreground core,Books,1228.26,84,SUP097,2025-06-16
P00248,Re-contextualized impactful instruction set,Beauty,1310.07,120,SUP032,2025-05-06
P00249,Enhanced holistic policy,Books,1450.3,413,SUP023,2025-01-23
P00250,Upgradable demand-driven knowledgebase,Books,1499.07,207,SUP020,2026-04-10
P00251,Monitored value-added open system,Home,1272.36,413,SUP093,2024-12-14
P00252,Proactive multi-state application,Home,1102.76,325,SUP070,2025-03-08
P00253,Business-focused zero-defect synergy,Home,43.15,71,SUP083,2025-03-02
P00254,Reverse-engineered maximized project,Beauty,1966.17,135,SUP065,2025-04-20
P00255,Distributed incremental matrix,Home,1697.7,452,SUP060,2025-10-11
P00256,Reverse-engineered bi-directional portal,Electronics,402.4,249,SUP091,2025-05-24
P00257,Enterprise-wide 6thgeneration algorithm,Home,1319.39,32,SUP067,2025-05-28
P00258,Enhanced regional installation,Books,230.01,189,SUP081,2025-03-27
P00259,Programmable intermediate portal,Home,380.37,132,SUP097,2025-03-10
P00260,Multi-layered value-added database,Sports,447.52,11,SUP001,2026-03-03
P00261,Cloned intermediate workforce,Clothing,907.29,59,SUP014,2025-09-03
P00262,Inverse zero administration definition,Clothing,1216.76,65,SUP089,2024-08-10
P00263,Future-proofed eco-centric hub,Home,1972.06,287,SUP033,2025-05-27
P00264,Persevering intermediate capacity,Home,723.03,384,SUP081,2025-12-08
P00265,Robust dynamic initiative,Home,98.02,196,SUP062,2025-12-28
P00266,Innovative hybrid structure,Beauty,1704.73,3,SUP078,2026-01-03
P00267,Right-sized encompassing Graphic Interface,Sports,1781.68,311,SUP012,2025-04-07
P00268,Vision-oriented client-driven parallelism,Home,1005.36,246,SUP025,2024-08-05
P00269,Innovative upward-trending throughput,Books,217.08,364,SUP075,2025-11-24
P00270,Synergistic context-sensitive approach,Sports,950.64,194,SUP031,2024-08-23
P00271,User-friendly scalable software,Beauty,1088.58,241,SUP057,2024-08-21
P00272,User-centric regional encoding,Books,1360.92,167,SUP054,2025-12-26
P00273,Proactive human-resource approach,Electronics,804.29,207,SUP023,2024-07-25
P00274,Enhanced transitional emulation,Clothing,1143.57,57,SUP025,2024-10-26
P00275,Front-line grid-enabled neural-net,Electronics,1092.98,276,SUP026,2025-02-09
P00276,Assimilated multi-tasking budgetary management,Electronics,1623.4,238,SUP095,2025-04-23
P00277,Cross-group human-resource implementation,Clothing,944.47,453,SUP095,2025-07-15
P00278,Stand-alone even-keeled Local Area Network,Electronics,1212.68,424,SUP036,2025-04-16
P00279,Configurable grid-enabled challenge,Home,1608.01,180,SUP066,2025-10-05
P00280,Enhanced dynamic policy,Clothing,1772.69,294,SUP013,2024-05-24
P00281,Synergized value-added moderator,Electronics,657.32,384,SUP091,2025-02-12
P00282,Future-proofed scalable implementation,Clothing,993.18,232,SUP091,2025-01-02
P00283,Enterprise-wide disintermediate contingency,Electronics,1362.65,308,SUP053,2024-10-15
P00284,Adaptive logistical frame,Books,1234.07,439,SUP088,2024-05-13
P00285,Open-source real-time system engine,Home,745.65,8,SUP057,2024-08-12
P00286,Assimilated zero-defect frame,Beauty,297.61,152,SUP076,2024-09-07
P00287,Assimilated scalable Graphical User Interface,Sports,47.13,152,SUP095,2025-01-18
P00288,Monitored neutral analyzer,Home,383.68,75,SUP077,2024-10-16
P00289,Reduced system-worthy emulation,Beauty,1629.53,399,SUP059,2025-06-23
P00290,Expanded methodical Internet solution,Home,911.42,383,SUP053,2024-08-11
P00291,Proactive directional archive,Sports,1159.11,7,SUP023,2025-12-13
P00292,Extended radical function,Beauty,1003.85,312,SUP037,2024-08-04
P00293,Robust solution-oriented matrices,Books,1066.72,241,SUP062,2024-06-21
P00294,Stand-alone context-sensitive help-desk,Clothing,659.98,423,SUP022,2026-03-28
P00295,Centralized encompassing methodology,Sports,209.62,244,SUP007,2026-01-04
P00296,Assimilated dedicated matrices,Sports,1541.96,451,SUP053,2026-03-28
P00297,Right-sized logistical secured line,Books,1116.67,236,SUP011,2025-09-19
P00298,Customizable foreground core,Beauty,302.09,417,SUP002,2026-03-22
P00299,Compatible discrete artificial intelligence,Home,951.23,253,SUP012,2026-03-16
P00300,Balanced next generation success,Electronics,1693.21,472,SUP005,2025-03-03
P00301,Progressive reciprocal product,Books,1873.43,164,SUP070,2025-04-24
P00302,Implemented system-worthy process improvement,Electronics,845.19,142,SUP032,2024-07-19
P00303,Cross-platform full-range product,Clothing,728.58,248,SUP075,2024-11-26
P00304,Upgradable intangible success,Books,146.27,40,SUP017,2024-12-03
P00305,Proactive discrete time-frame,Electronics,1389.23,377,SUP026,2026-01-13
P00306,Cloned attitude-oriented hub,Books,512.04,52,SUP094,2026-01-03
P00307,Optional impactful intranet,Clothing,753.88,202,SUP084,2024-11-07
P00308,Self-enabling modular approach,Sports,1897.42,382,SUP084,2024-06-10
P00309,Reverse-engineered bifurcated benchmark,Clothing,1027.24,124,SUP009,2024-07-13
P00310,Self-enabling contextually-based algorithm,Beauty,543.45,32,SUP092,2024-08-07
P00311,Stand-alone neutral parallelism,Home,800.4,124,SUP029,2025-03-08
P00312,Optional holistic benchmark,Beauty,386.19,121,SUP094,2025-05-25
P00313,Assimilated stable algorithm,Clothing,1664.07,166,SUP063,2024-12-16
P00314,Networked static portal,Sports,1573.18,6,SUP049,2025-11-01
P00315,Monitored 24/7 instruction set,Books,1314.29,114,SUP032,2025-04-08
P00316,Balanced impactful projection,Electronics,128.9,204,SUP042,2025-05-21
P00317,Team-oriented 24hour groupware,Books,64.84,356,SUP004,2026-03-27
P00318,Sharable client-driven customer loyalty,Clothing,1606.4,275,SUP082,2025-07-30
P00319,Horizontal incremental capacity,Books,1415.84,206,SUP094,2026-04-03
P00320,Decentralized 4thgeneration support,Beauty,1360.38,122,SUP062,2024-12-15
P00321,Adaptive cohesive framework,Beauty,277.19,106,SUP078,2026-04-27
P00322,Virtual context-sensitive pricing structure,Books,987.49,307,SUP057,2024-07-17
P00323,Persevering web-enabled open architecture,Electronics,1892.42,72,SUP072,2025-03-06
P00324,Extended methodical capability,Home,1482.95,93,SUP075,2026-01-06
P00325,Up-sized 24/7 algorithm,Electronics,1399.96,331,SUP023,2025-11-15
P00326,Front-line 3rdgeneration groupware,Sports,952.4,404,SUP087,2025-02-05
P00327,Adaptive foreground customer loyalty,Books,1427.53,371,SUP099,2024-11-18
P00328,Balanced optimizing complexity,Books,1920.6,416,SUP018,2025-01-11
P00329,Digitized methodical approach,Home,541.12,0,SUP098,2024-11-01
P00330,Seamless directional toolset,Clothing,1936.9,26,SUP069,2024-06-10
P00331,Fundamental composite function,Books,1088.46,489,SUP078,2024-10-05
P00332,Horizontal systemic superstructure,Electronics,1829.6,343,SUP083,2025-07-09
P00333,Synchronized incremental approach,Electronics,577.71,401,SUP080,2025-02-17
P00334,Balanced 24hour synergy,Sports,259.95,470,SUP087,2024-06-02
P00335,Self-enabling empowering adapter,Home,931.68,342,SUP062,2025-02-01
P00336,Exclusive fault-tolerant capacity,Sports,231.68,304,SUP074,2025-07-28
P00337,Extended 6thgeneration implementation,Clothing,994.29,383,SUP076,2026-03-29
P00338,Open-source neutral function,Beauty,691.1,266,SUP065,2024-08-14
P00339,Compatible multi-tasking contingency,Clothing,773.19,434,SUP014,2024-10-08
P00340,Pre-emptive maximized analyzer,Beauty,980.32,284,SUP073,2026-03-08
P00341,Total 4thgeneration focus group,Books,812.23,445,SUP062,2025-10-25
P00342,Public-key intermediate database,Electronics,1559.06,324,SUP032,2025-12-16
P00343,Operative systemic conglomeration,Beauty,603.45,345,SUP020,2025-11-11
P00344,Monitored bifurcated infrastructure,Sports,1078.33,68,SUP080,2024-09-26
P00345,Implemented analyzing initiative,Electronics,561.1,475,SUP088,2025-07-18
P00346,Triple-buffered asynchronous capability,Sports,1282.67,215,SUP049,2025-11-20
P00347,Cloned 24hour groupware,Electronics,1414.52,69,SUP093,2025-07-11
P00348,Adaptive grid-enabled hardware,Home,607.33,110,SUP072,2024-09-27
P00349,Extended fault-tolerant adapter,Electronics,1250.74,81,SUP008,2026-01-23
P00350,Reverse-engineered grid-enabled portal,Home,650.2,484,SUP054,2024-11-02
P00351,Virtual contextually-based installation,Home,784.05,16,SUP100,2025-07-03
P00352,Ergonomic regional info-mediaries,Books,1678.11,384,SUP009,2024-05-20
P00353,Synchronized eco-centric infrastructure,Sports,692.36,453,SUP047,2025-06-02
P00354,Polarized 24hour superstructure,Clothing,1558.9,309,SUP095,2024-09-10
P00355,Up-sized secondary core,Sports,1795.76,164,SUP004,2025-04-03
P00356,Customer-focused fault-tolerant attitude,Books,520.72,462,SUP014,2025-01-22
P00357,Reactive full-range parallelism,Clothing,1619.03,40,SUP089,2025-02-23
P00358,Reactive hybrid complexity,Clothing,179.48,404,SUP031,2026-03-11
P00359,Pre-emptive multi-state ability,Books,385.16,405,SUP081,2024-12-12
P00360,Open-architected global synergy,Beauty,1322.03,370,SUP077,2025-06-03
P00361,User-friendly local knowledgebase,Clothing,743.35,493,SUP049,2025-03-18
P00362,Face-to-face intangible middleware,Electronics,1916.06,88,SUP058,2025-12-20
P00363,Versatile scalable process improvement,Beauty,1848.61,357,SUP058,2025-08-10
P00364,Re-engineered 24hour approach,Beauty,394.14,19,SUP090,2026-01-25
P00365,Face-to-face contextually-based neural-net,Home,119.79,191,SUP089,2024-09-13
P00366,User-centric executive success,Beauty,815.82,373,SUP082,2024-12-15
P00367,Programmable coherent concept,Clothing,65.84,89,SUP003,2024-09-25
P00368,Triple-buffered modular architecture,Books,1532.82,82,SUP057,2024-11-16
P00369,Integrated static emulation,Sports,737.72,338,SUP004,2026-04-11
P00370,Expanded modular artificial intelligence,Home,355.6,76,SUP005,2024-08-11
P00371,Up-sized regional collaboration,Electronics,154.0,409,SUP071,2026-03-06
P00372,Multi-layered 24hour application,Clothing,1389.79,194,SUP023,2025-03-14
P00373,Progressive disintermediate definition,Electronics,1466.72,79,SUP027,2025-10-21
P00374,Seamless 6thgeneration groupware,Books,1789.13,315,SUP021,2026-03-21
P00375,Mandatory 24/7 project,Books,1503.33,406,SUP007,2024-10-16
P00376,Right-sized intangible Graphical User Interface,Electronics,761.71,456,SUP049,2025-06-05
P00377,Cross-platform multi-state capacity,Clothing,1230.93,409,SUP055,2025-10-20
P00378,Customer-focused web-enabled service-desk,Books,80.85,298,SUP058,2026-01-05
P00379,Function-based radical extranet,Clothing,1851.34,150,SUP055,2025-05-28
P00380,Configurable impactful Local Area Network,Electronics,1512.7,11,SUP078,2026-01-19
P00381,Synchronized object-oriented Local Area Network,Electronics,103.65,423,SUP089,2026-03-31
P00382,Decentralized motivating open architecture,Home,1100.16,48,SUP093,2024-10-09
P00383,Extended local projection,Books,446.65,467,SUP006,2026-03-23
P00384,Fully-configurable foreground encoding,Books,775.17,396,SUP082,2026-04-17
P00385,Cross-platform multi-tasking concept,Home,1110.65,30,SUP074,2026-04-20
P00386,Programmable bottom-line matrix,Sports,1511.35,80,SUP024,2026-02-01
P00387,Business-focused impactful core,Home,873.62,470,SUP068,2024-12-02
P00388,Focused eco-centric open system,Electronics,1523.91,241,SUP034,2025-03-26
P00389,Universal didactic Local Area Network,Beauty,102.04,281,SUP025,2024-05-21
P00390,Cross-platform dynamic solution,Beauty,897.79,77,SUP034,2025-01-31
P00391,Universal holistic leverage,Electronics,910.09,124,SUP074,2024-08-21
P00392,Monitored interactive superstructure,Clothing,1351.7,491,SUP067,2025-06-14
P00393,Monitored 24hour firmware,Beauty,1149.22,46,SUP063,2024-07-17
P00394,Enterprise-wide executive info-mediaries,Beauty,597.38,27,SUP038,2025-07-22
P00395,Inverse web-enabled alliance,Clothing,1049.59,451,SUP001,2025-11-04
P00396,Horizontal bandwidth-monitored function,Home,1508.58,268,SUP036,2025-08-24
P00397,Monitored uniform protocol,Clothing,1087.85,190,SUP081,2025-02-28
P00398,Virtual intermediate customer loyalty,Beauty,1575.5,150,SUP071,2024-07-10
P00399,Cloned eco-centric orchestration,Beauty,1748.91,488,SUP074,2025-04-25
P00400,Fully-configurable upward-trending success,Clothing,207.23,128,SUP068,2025-11-11
P00401,Re-contextualized transitional implementation,Beauty,116.86,311,SUP097,2025-01-24
P00402,Cross-platform analyzing challenge,Books,1616.73,243,SUP085,2026-04-24
P00403,Horizontal asymmetric superstructure,Books,1137.2,260,SUP050,2026-02-17
P00404,Up-sized 24hour time-frame,Clothing,1425.21,471,SUP039,2024-12-03
P00405,Enhanced encompassing strategy,Books,851.75,139,SUP080,2025-10-24
P00406,Secured actuating capacity,Home,1403.11,412,SUP098,2025-03-30
P00407,Digitized zero-defect encryption,Books,519.88,479,SUP003,2025-02-24
P00408,Assimilated reciprocal adapter,Sports,1701.84,55,SUP064,2024-08-06
P00409,Self-enabling 3rdgeneration service-desk,Beauty,1288.82,33,SUP091,2024-12-19
P00410,Synergized bifurcated Graphic Interface,Home,8.46,387,SUP084,2025-10-31
P00411,Seamless eco-centric Internet solution,Electronics,708.88,143,SUP053,2024-10-08
P00412,Fundamental asynchronous paradigm,Beauty,538.52,226,SUP058,2024-08-20
P00413,Self-enabling fresh-thinking conglomeration,Home,1110.64,39,SUP042,2024-10-27
P00414,Innovative fault-tolerant paradigm,Clothing,595.31,365,SUP006,2025-06-07
P00415,Customizable bottom-line parallelism,Home,1632.25,256,SUP025,2024-11-05
P00416,Phased upward-trending customer loyalty,Clothing,1674.65,325,SUP044,2025-01-15
P00417,Robust actuating pricing structure,Books,718.65,438,SUP098,2025-11-03
P00418,Down-sized human-resource focus group,Beauty,362.73,500,SUP036,2024-05-13
P00419,Triple-buffered bandwidth-monitored implementation,Sports,1809.78,357,SUP036,2025-07-03
P00420,Networked empowering utilization,Home,1023.33,175,SUP003,2025-09-10
P00421,Adaptive user-facing strategy,Beauty,1235.24,220,SUP052,2024-11-19
P00422,Enhanced background migration,Home,1910.58,488,SUP064,2024-11-02
P00423,Decentralized non-volatile migration,Books,12.14,356,SUP005,2024-06-24
P00424,Decentralized global projection,Beauty,1501.4,452,SUP029,2024-07-31
P00425,Seamless zero-defect intranet,Home,1751.99,83,SUP014,2026-03-15
P00426,Progressive uniform analyzer,Books,1138.6,6,SUP009,2024-06-12
P00427,Profit-focused zero-defect monitoring,Books,528.54,214,SUP036,2024-09-10
P00428,Open-architected zero-defect approach,Books,267.54,112,SUP021,2024-11-01
P00429,Profit-focused regional system engine,Electronics,333.91,315,SUP057,2025-12-02
P00430,Robust neutral focus group,Clothing,1687.57,218,SUP038,2025-04-29
P00431,Open-source 6thgeneration implementation,Sports,1155.34,218,SUP060,2024-09-29
P00432,Proactive homogeneous analyzer,Home,454.48,198,SUP045,2024-09-07
P00433,Exclusive heuristic Local Area Network,Books,1611.3,331,SUP097,2025-05-27
P00434,Team-oriented directional access,Electronics,1342.25,344,SUP062,2025-06-03
P00435,Devolved secondary functionalities,Beauty,783.48,28,SUP009,2025-10-19
P00436,Integrated non-volatile Local Area Network,Home,1596.93,169,SUP057,2025-10-04
P00437,Triple-buffered user-facing parallelism,Electronics,1191.82,7,SUP070,2024-07-12
P00438,Function-based value-added structure,Clothing,514.47,481,SUP075,2025-04-11
P00439,Universal 4thgeneration project,Beauty,1571.76,421,SUP017,2025-07-30
P00440,Versatile optimal Internet solution,Clothing,785.84,172,SUP049,2025-07-25
P00441,Cross-group bandwidth-monitored migration,Beauty,1298.64,480,SUP049,2025-11-27
P00442,Business-focused maximized definition,Beauty,965.24,437,SUP063,2024-12-20
P00443,Pre-emptive explicit infrastructure,Beauty,43.19,156,SUP023,2025-04-19
P00444,Open-source eco-centric open architecture,Books,1659.84,423,SUP016,2025-07-08
P00445,Multi-lateral systematic knowledge user,Clothing,1643.99,394,SUP019,2024-08-16
P00446,Proactive background matrices,Beauty,1940.17,376,SUP022,2026-01-05
P00447,Universal context-sensitive frame,Beauty,1260.52,231,SUP078,2026-01-12
P00448,Multi-lateral even-keeled synergy,Home,1773.17,5,SUP061,2025-04-23
P00449,Horizontal tangible extranet,Sports,1895.29,93,SUP083,2024-05-20
P00450,Managed dedicated concept,Clothing,1333.73,398,SUP066,2024-05-15
P00451,Persevering high-level hub,Beauty,85.73,340,SUP077,2024-09-13
P00452,Quality-focused context-sensitive leverage,Electronics,1746.04,152,SUP009,2026-01-05
P00453,Self-enabling 3rdgeneration projection,Clothing,1035.48,85,SUP067,2025-08-12
P00454,Sharable transitional open architecture,Electronics,254.87,162,SUP094,2025-08-21
P00455,Devolved motivating capability,Home,1260.03,313,SUP019,2024-08-08
P00456,Proactive incremental standardization,Clothing,546.88,313,SUP084,2024-10-02
P00457,Extended encompassing success,Electronics,820.15,188,SUP026,2024-07-04
P00458,Grass-roots mobile time-frame,Books,1786.45,271,SUP074,2024-05-21
P00459,Focused object-oriented product,Sports,1603.1,378,SUP012,2025-03-26
P00460,Extended modular product,Home,1981.42,432,SUP018,2024-12-04
P00461,Monitored optimal parallelism,Books,1863.68,349,SUP001,2025-02-17
P00462,Synergized holistic infrastructure,Beauty,330.38,88,SUP015,2024-07-24
P00463,Synchronized zero administration collaboration,Electronics,1858.66,338,SUP001,2026-03-08
P00464,Mandatory stable Local Area Network,Clothing,1808.43,103,SUP057,2026-01-28
P00465,Persevering eco-centric encoding,Electronics,284.23,278,SUP052,2024-06-09
P00466,Managed 24/7 moratorium,Electronics,727.49,449,SUP091,2024-09-26
P00467,Cross-group web-enabled leverage,Electronics,606.33,483,SUP002,2024-08-13
P00468,Up-sized analyzing challenge,Home,311.63,62,SUP089,2025-03-02
P00469,Visionary background standardization,Home,103.05,313,SUP074,2025-07-29
P00470,Triple-buffered optimizing flexibility,Beauty,1858.07,75,SUP005,2024-11-01
P00471,Streamlined radical groupware,Beauty,1171.31,83,SUP049,2024-11-30
P00472,Vision-oriented homogeneous pricing structure,Home,870.62,317,SUP041,2025-11-28
P00473,Progressive systemic superstructure,Beauty,548.18,207,SUP018,2024-08-09
P00474,Persistent high-level emulation,Home,230.8,481,SUP003,2025-07-29
P00475,Re-contextualized fault-tolerant open system,Clothing,624.31,388,SUP081,2024-08-22
P00476,Intuitive web-enabled info-mediaries,Clothing,366.65,247,SUP083,2026-04-18
P00477,Cross-platform modular frame,Beauty,328.04,405,SUP065,2026-04-08
P00478,Right-sized executive throughput,Electronics,404.42,413,SUP047,2025-05-08
P00479,Cross-platform foreground hardware,Clothing,632.63,298,SUP094,2025-05-02
P00480,Multi-lateral uniform Local Area Network,Sports,1409.36,465,SUP098,2024-05-23
P00481,Profit-focused static knowledgebase,Books,329.09,198,SUP032,2024-12-11
P00482,Robust dedicated encoding,Beauty,96.83,482,SUP009,2025-08-29
P00483,Total 4thgeneration open architecture,Home,1264.14,47,SUP014,2024-10-22
P00484,Distributed 3rdgeneration extranet,Electronics,485.17,432,SUP033,2024-08-10
P00485,Adaptive hybrid help-desk,Home,998.12,47,SUP056,2025-05-28
P00486,Ergonomic impactful projection,Electronics,747.36,103,SUP066,2026-02-18
P00487,Integrated client-server budgetary management,Home,812.2,476,SUP042,2025-05-27
P00488,Future-proofed background infrastructure,Electronics,664.84,224,SUP069,2025-04-17
P00489,Pre-emptive user-facing contingency,Clothing,412.44,261,SUP007,2025-12-01
P00490,Function-based asymmetric benchmark,Sports,727.31,88,SUP009,2025-10-14
P00491,Team-oriented dynamic emulation,Clothing,863.1,190,SUP098,2024-10-17
P00492,Synchronized multimedia superstructure,Clothing,1842.22,35,SUP022,2026-03-11
P00493,Customizable interactive structure,Sports,223.53,191,SUP071,2024-10-19
P00494,Object-based bi-directional archive,Books,1028.21,308,SUP059,2026-03-24
P00495,Up-sized mission-critical migration,Beauty,743.31,493,SUP066,2025-03-09
P00496,Centralized full-range capacity,Clothing,1976.39,299,SUP071,2025-09-07
P00497,Realigned demand-driven service-desk,Beauty,1026.84,301,SUP081,2025-08-28
P00498,Multi-tiered eco-centric database,Clothing,937.41,348,SUP054,2025-01-17
P00499,Visionary regional artificial intelligence,Electronics,728.41,268,SUP066,2026-02-05
P00500,Integrated didactic infrastructure,Books,332.68,279,SUP058,2025-07-31
P00501,Secured 5thgeneration analyzer,Beauty,1258.89,161,SUP019,2024-10-19
P00502,Re-engineered incremental monitoring,Home,282.07,192,SUP028,2025-09-04
P00503,Inverse bifurcated moratorium,Clothing,420.98,46,SUP027,2024-12-26
P00504,Enhanced reciprocal moderator,Home,825.6,20,SUP028,2025-08-11
P00505,User-friendly exuding task-force,Books,580.42,313,SUP033,2025-01-26
P00506,Proactive optimal attitude,Clothing,1409.2,318,SUP022,2026-01-10
P00507,De-engineered asynchronous secured line,Sports,1954.98,139,SUP061,2025-04-11
P00508,Upgradable dynamic function,Books,614.97,309,SUP058,2024-09-23
P00509,Networked attitude-oriented database,Home,1150.61,39,SUP016,2024-09-28
P00510,Decentralized background portal,Clothing,191.2,437,SUP035,2024-09-23
P00511,Robust mobile migration,Clothing,915.07,204,SUP090,2025-02-13
P00512,User-friendly background infrastructure,Electronics,1528.42,133,SUP095,2025-06-27
P00513,Phased content-based conglomeration,Sports,243.68,145,SUP027,2025-07-30
P00514,Vision-oriented grid-enabled moratorium,Books,1196.05,145,SUP010,2026-02-24
P00515,Business-focused cohesive matrix,Sports,780.49,489,SUP004,2024-07-04
P00516,Enterprise-wide reciprocal algorithm,Books,1795.98,245,SUP045,2025-11-05
P00517,Versatile system-worthy toolset,Books,96.25,151,SUP020,2024-09-30
P00518,Compatible intermediate structure,Books,1896.83,404,SUP054,2024-08-14
P00519,Polarized interactive approach,Clothing,751.27,404,SUP074,2024-05-15
P00520,Organic solution-oriented array,Home,995.23,253,SUP069,2024-06-18
P00521,Persevering attitude-oriented strategy,Sports,1100.51,309,SUP062,2024-09-30
P00522,Persevering encompassing task-force,Beauty,1286.6,356,SUP030,2025-05-24
P00523,Reverse-engineered 5thgeneration knowledgebase,Clothing,529.12,323,SUP064,2024-09-01
P00524,Down-sized impactful moderator,Clothing,1143.18,375,SUP018,2024-09-27
P00525,Mandatory analyzing architecture,Electronics,1473.83,96,SUP097,2025-12-11
P00526,Open-source disintermediate orchestration,Sports,556.55,419,SUP081,2025-10-13
P00527,Decentralized intangible archive,Books,338.09,268,SUP095,2026-01-27
P00528,Re-engineered 24hour database,Sports,180.13,375,SUP008,2025-02-24
P00529,Operative local orchestration,Clothing,1249.96,415,SUP092,2026-01-09
P00530,Re-engineered object-oriented solution,Books,1729.31,355,SUP003,2025-11-08
P00531,Programmable didactic adapter,Electronics,1214.79,140,SUP082,2025-07-20
P00532,Implemented interactive data-warehouse,Sports,473.74,116,SUP009,2024-06-11
P00533,Focused optimal alliance,Sports,769.83,294,SUP065,2025-06-11
P00534,User-centric foreground product,Clothing,717.21,229,SUP028,2024-10-09
P00535,Cross-group background projection,Beauty,453.64,378,SUP073,2026-03-12
P00536,Intuitive actuating task-force,Electronics,168.14,464,SUP010,2026-01-08
P00537,Profound bifurcated database,Clothing,230.12,203,SUP059,2024-09-28
P00538,Self-enabling mobile matrices,Home,1984.05,219,SUP068,2025-01-14
P00539,Organized 5thgeneration challenge,Clothing,572.65,372,SUP061,2024-09-06
P00540,Proactive transitional solution,Clothing,1092.73,147,SUP076,2025-12-23
P00541,Configurable intermediate hub,Beauty,942.35,341,SUP082,2025-04-19
P00542,Automated asynchronous emulation,Books,48.12,170,SUP018,2025-09-26
P00543,Inverse bottom-line array,Books,1719.9,324,SUP064,2025-09-01
P00544,Persevering radical matrices,Clothing,1228.45,19,SUP076,2026-01-05
P00545,Quality-focused systemic Internet solution,Sports,492.71,172,SUP017,2026-03-08
P00546,Mandatory homogeneous projection,Home,1040.6,346,SUP030,2025-06-04
P00547,Customer-focused motivating Local Area Network,Home,1239.43,199,SUP026,2025-01-15
P00548,Enterprise-wide discrete policy,Beauty,181.36,77,SUP013,2024-10-05
P00549,Open-architected human-resource artificial intelligence,Clothing,524.15,64,SUP010,2025-05-28
P00550,Multi-channeled zero administration moderator,Home,153.27,202,SUP027,2025-01-30
P00551,Re-contextualized transitional emulation,Home,428.81,108,SUP078,2025-03-24
P00552,Organized cohesive utilization,Clothing,1679.53,481,SUP081,2024-05-20
P00553,Managed intangible firmware,Clothing,1199.07,415,SUP037,2025-01-19
P00554,Extended system-worthy hub,Sports,536.02,56,SUP064,2024-07-03
P00555,Extended user-facing Internet solution,Clothing,478.31,324,SUP060,2024-11-07
P00556,Re-contextualized upward-trending archive,Home,396.19,406,SUP087,2024-07-04
P00557,Visionary stable methodology,Home,260.65,360,SUP005,2026-01-15
P00558,Triple-buffered demand-driven leverage,Sports,1994.94,278,SUP002,2026-02-11
P00559,Multi-channeled zero administration migration,Home,1647.35,153,SUP053,2026-04-11
P00560,Cross-group disintermediate concept,Books,1980.07,305,SUP082,2024-05-12
P00561,Right-sized solution-oriented migration,Sports,1363.97,290,SUP024,2025-08-24
P00562,User-centric eco-centric interface,Beauty,1334.31,293,SUP063,2024-05-15
P00563,Reduced motivating moratorium,Clothing,1838.73,294,SUP100,2025-10-25
P00564,Enterprise-wide coherent circuit,Sports,1642.76,460,SUP041,2024-07-15
P00565,Realigned zero administration methodology,Home,643.76,37,SUP014,2025-03-18
P00566,Cross-platform mobile software,Electronics,1250.31,241,SUP064,2026-01-07
P00567,Compatible disintermediate Local Area Network,Clothing,589.63,474,SUP002,2026-03-09
P00568,Monitored dedicated productivity,Electronics,1240.54,160,SUP010,2026-03-28
P00569,Universal background budgetary management,Books,1744.47,494,SUP009,2024-06-30
P00570,Progressive executive data-warehouse,Home,1867.3,413,SUP007,2025-07-31
P00571,Organic executive moderator,Books,107.94,332,SUP047,2025-03-30
P00572,User-centric needs-based access,Books,1714.45,422,SUP016,2024-08-23
P00573,Managed 6thgeneration intranet,Beauty,877.49,347,SUP001,2025-09-03
P00574,Expanded secondary migration,Beauty,919.54,124,SUP060,2026-03-22
P00575,Programmable intermediate throughput,Beauty,88.37,461,SUP006,2024-07-18
P00576,User-centric scalable intranet,Electronics,1507.94,140,SUP009,2025-11-14
P00577,Digitized executive challenge,Clothing,367.71,261,SUP051,2024-07-03
P00578,Exclusive interactive superstructure,Books,1762.57,467,SUP035,2024-09-21
P00579,Exclusive interactive moderator,Electronics,1983.0,381,SUP087,2024-11-16
P00580,Monitored encompassing productivity,Home,1406.99,60,SUP028,2026-03-16
P00581,Configurable upward-trending capacity,Home,875.94,107,SUP001,2025-07-19
P00582,Switchable reciprocal flexibility,Books,1618.15,150,SUP037,2024-09-17
P00583,Reduced zero tolerance extranet,Beauty,592.89,138,SUP018,2025-04-25
P00584,Reduced systemic solution,Beauty,1696.81,312,SUP051,2025-03-23
P00585,Seamless grid-enabled approach,Clothing,619.77,104,SUP043,2025-07-10
P00586,Fundamental client-driven hardware,Clothing,1396.45,32,SUP023,2025-09-15
P00587,Customer-focused contextually-based software,Clothing,1770.31,168,SUP046,2024-10-25
P00588,Vision-oriented fault-tolerant knowledge user,Sports,291.78,126,SUP063,2026-03-11
P00589,Diverse maximized Internet solution,Beauty,1077.63,41,SUP089,2026-02-01
P00590,Profit-focused secondary data-warehouse,Home,648.72,261,SUP020,2025-04-26
P00591,Universal neutral service-desk,Beauty,1487.82,466,SUP043,2024-09-30
P00592,Focused demand-driven approach,Electronics,49.22,201,SUP094,2024-05-08
P00593,Multi-layered demand-driven framework,Home,1939.7,255,SUP062,2026-01-15
P00594,Horizontal maximized pricing structure,Beauty,1918.77,366,SUP016,2025-10-03
P00595,Advanced dedicated open system,Electronics,1030.37,256,SUP017,2025-05-28
P00596,Adaptive exuding website,Books,369.8,264,SUP008,2025-05-25
P00597,Synergistic web-enabled adapter,Books,1118.43,131,SUP086,2025-09-20
P00598,Adaptive dynamic help-desk,Sports,1241.39,329,SUP024,2026-01-26
P00599,Decentralized 5thgeneration budgetary management,Clothing,356.04,201,SUP090,2024-09-12
P00600,Universal logistical open system,Beauty,425.39,406,SUP018,2025-12-04
P00601,Polarized intermediate data-warehouse,Home,1171.29,225,SUP052,2025-12-04
P00602,Decentralized 24hour core,Clothing,220.4,491,SUP079,2024-11-30
P00603,Ameliorated needs-based implementation,Home,1794.83,6,SUP069,2025-03-02
P00604,Function-based heuristic analyzer,Home,499.7,34,SUP050,2025-05-26
P00605,Compatible incremental artificial intelligence,Beauty,906.0,198,SUP065,2026-03-24
P00606,Phased homogeneous software,Beauty,37.7,343,SUP031,2025-06-10
P00607,Business-focused web-enabled hub,Sports,1068.19,90,SUP038,2024-05-13
P00608,Persevering cohesive flexibility,Beauty,1311.65,473,SUP024,2025-02-25
P00609,Persistent 3rdgeneration open architecture,Beauty,1935.71,184,SUP035,2025-01-10
P00610,Automated grid-enabled info-mediaries,Beauty,1833.66,119,SUP016,2026-03-08
P00611,Networked zero administration open system,Electronics,988.34,174,SUP091,2024-09-16
P00612,Decentralized interactive hardware,Beauty,784.41,500,SUP047,2025-11-20
P00613,Fully-configurable context-sensitive contingency,Electronics,467.07,0,SUP052,2024-12-04
P00614,Automated static access,Books,730.11,219,SUP073,2025-07-13
P00615,Digitized non-volatile groupware,Sports,1705.17,334,SUP067,2026-02-28
P00616,De-engineered 3rdgeneration system engine,Beauty,1318.42,124,SUP018,2025-02-08
P00617,Optimized radical throughput,Books,317.0,367,SUP005,2024-11-03
P00618,Decentralized dynamic Graphic Interface,Sports,537.51,462,SUP024,2025-06-15
P00619,Intuitive zero tolerance projection,Home,285.99,8,SUP029,2024-09-24
P00620,Integrated 5thgeneration installation,Home,1914.05,59,SUP061,2024-11-26
P00621,Profound neutral forecast,Clothing,1619.98,52,SUP073,2024-06-03
P00622,Operative client-server focus group,Beauty,216.08,26,SUP012,2025-07-09
P00623,Face-to-face secondary focus group,Home,9.54,286,SUP064,2025-11-27
P00624,Front-line impactful extranet,Electronics,1450.72,479,SUP018,2024-12-20
P00625,Switchable bi-directional support,Beauty,1498.56,155,SUP085,2024-05-24
P00626,Sharable disintermediate pricing structure,Electronics,1333.09,446,SUP075,2025-08-20
P00627,Realigned encompassing forecast,Sports,1147.23,469,SUP069,2024-08-22
P00628,Ameliorated fresh-thinking structure,Home,245.25,415,SUP041,2025-01-16
P00629,Programmable reciprocal hardware,Sports,590.3,225,SUP001,2026-04-14
P00630,Virtual multi-tasking application,Electronics,1037.73,278,SUP008,2024-11-20
P00631,Optimized multimedia algorithm,Beauty,1998.68,272,SUP047,2024-11-05
P00632,Function-based logistical data-warehouse,Clothing,961.81,262,SUP051,2024-12-25
P00633,Compatible zero administration strategy,Beauty,1064.73,206,SUP010,2025-12-13
P00634,Managed well-modulated complexity,Home,912.44,493,SUP014,2026-03-11
P00635,Advanced 24/7 extranet,Sports,88.02,445,SUP034,2025-08-07
P00636,Reduced 5thgeneration structure,Home,1875.46,66,SUP040,2024-08-01
P00637,Pre-emptive empowering capability,Books,1049.55,283,SUP028,2026-03-11
P00638,Seamless regional adapter,Home,1177.54,286,SUP076,2024-09-08
P00639,Fully-configurable radical hardware,Clothing,1492.96,85,SUP039,2024-07-07
P00640,Multi-tiered fault-tolerant interface,Home,634.65,304,SUP038,2026-03-27
P00641,Exclusive 24/7 open system,Clothing,144.61,257,SUP029,2024-12-22
P00642,Reactive national software,Home,1371.44,43,SUP028,2024-08-24
P00643,Triple-buffered high-level alliance,Electronics,1412.61,191,SUP026,2024-12-01
P00644,Reduced full-range open system,Clothing,756.87,328,SUP054,2025-07-25
P00645,Progressive regional software,Electronics,1630.0,306,SUP091,2025-06-28
P00646,Cloned background encryption,Home,454.18,170,SUP080,2025-10-30
P00647,Profound zero tolerance middleware,Beauty,1359.32,45,SUP015,2026-02-13
P00648,Implemented didactic encoding,Sports,542.3,246,SUP006,2025-10-16
P00649,Quality-focused multi-tasking intranet,Electronics,288.03,129,SUP048,2025-04-22
P00650,Robust transitional collaboration,Home,1122.61,350,SUP038,2026-04-02
P00651,Devolved well-modulated time-frame,Books,1425.65,90,SUP053,2025-04-01
P00652,Digitized homogeneous matrices,Clothing,93.15,356,SUP057,2026-03-08
P00653,Public-key stable conglomeration,Home,1671.08,214,SUP097,2024-07-24
P00654,Upgradable leadingedge knowledgebase,Clothing,1470.58,470,SUP033,2024-12-26
P00655,Reverse-engineered motivating projection,Sports,1285.99,374,SUP066,2026-01-01
P00656,Progressive high-level capacity,Books,1250.91,327,SUP035,2025-03-23
P00657,Multi-channeled local methodology,Sports,423.97,308,SUP099,2025-04-15
P00658,Intuitive radical matrices,Books,1571.28,264,SUP042,2025-02-19
P00659,Programmable incremental data-warehouse,Electronics,1768.43,19,SUP094,2025-05-20
P00660,Phased human-resource website,Beauty,976.7,194,SUP034,2026-02-17
P00661,Cloned non-volatile initiative,Home,1949.94,338,SUP012,2024-11-21
P00662,Multi-tiered contextually-based protocol,Home,175.73,419,SUP100,2026-04-21
P00663,Up-sized asynchronous open system,Books,1101.97,26,SUP019,2024-07-30
P00664,Virtual intermediate system engine,Electronics,335.36,226,SUP063,2024-05-06
P00665,Managed bifurcated collaboration,Clothing,1227.24,118,SUP021,2024-09-16
P00666,Pre-emptive asymmetric superstructure,Home,1233.22,346,SUP073,2026-01-15
P00667,Multi-channeled composite orchestration,Books,1200.67,52,SUP061,2024-11-06
P00668,Virtual tertiary Local Area Network,Clothing,1994.21,41,SUP005,2025-05-24
P00669,Reactive upward-trending application,Books,523.42,229,SUP068,2025-01-31
P00670,Cloned clear-thinking forecast,Books,1091.86,489,SUP014,2024-09-23
P00671,Synergistic user-facing infrastructure,Sports,1255.07,14,SUP040,2024-11-26
P00672,Persevering non-volatile methodology,Home,1450.0,500,SUP088,2025-09-30
P00673,User-centric hybrid website,Electronics,332.74,201,SUP034,2024-07-11
P00674,Optional responsive instruction set,Home,1469.75,431,SUP025,2025-05-16
P00675,Synchronized contextually-based data-warehouse,Home,1417.22,464,SUP070,2025-04-07
P00676,Grass-roots exuding access,Electronics,1124.54,461,SUP001,2025-06-02
P00677,Persevering explicit contingency,Beauty,888.2,228,SUP057,2024-11-27
P00678,De-engineered didactic capability,Sports,1190.68,447,SUP023,2025-11-09
P00679,Object-based real-time architecture,Home,1704.62,309,SUP048,2025-06-04
P00680,Managed attitude-oriented core,Beauty,1146.92,183,SUP063,2025-09-11
P00681,Inverse tangible protocol,Sports,493.6,246,SUP034,2025-02-26
P00682,Profit-focused optimal synergy,Electronics,865.99,480,SUP027,2026-02-26
P00683,Ergonomic impactful moderator,Books,1321.74,229,SUP042,2024-11-25
P00684,User-friendly upward-trending hierarchy,Clothing,426.51,282,SUP082,2025-06-18
P00685,Face-to-face optimizing architecture,Beauty,54.13,469,SUP009,2026-04-08
P00686,Virtual actuating pricing structure,Beauty,696.16,309,SUP094,2024-10-22
P00687,Programmable client-server Graphic Interface,Beauty,1045.3,312,SUP083,2025-01-14
P00688,Multi-tiered multi-state process improvement,Home,1559.56,218,SUP053,2024-05-17
P00689,Enhanced 24/7 software,Home,1011.62,170,SUP097,2025-06-23
P00690,Upgradable interactive complexity,Electronics,1747.54,368,SUP094,2025-09-24
P00691,Quality-focused explicit adapter,Electronics,1591.9,171,SUP007,2024-09-17
P00692,Synergized full-range budgetary management,Clothing,546.1,413,SUP080,2025-01-02
P00693,Polarized multi-tasking capability,Books,1494.91,206,SUP003,2026-04-08
P00694,Advanced dynamic Graphical User Interface,Sports,1430.45,142,SUP042,2024-07-17
P00695,Progressive optimizing algorithm,Books,1611.59,339,SUP098,2025-09-07
P00696,Vision-oriented didactic focus group,Clothing,891.57,118,SUP051,2026-04-23
P00697,Exclusive tertiary project,Beauty,337.32,344,SUP019,2024-10-20
P00698,Multi-lateral intermediate functionalities,Books,1388.41,181,SUP061,2025-07-07
P00699,Sharable tertiary synergy,Electronics,961.52,321,SUP076,2024-08-21
P00700,Fundamental web-enabled pricing structure,Home,952.66,488,SUP076,2024-06-09
P00701,Function-based multimedia strategy,Clothing,243.76,216,SUP093,2026-01-01
P00702,Virtual system-worthy budgetary management,Beauty,886.27,68,SUP057,2025-11-03
P00703,Sharable local utilization,Books,209.11,208,SUP003,2026-05-03
P00704,Open-architected non-volatile data-warehouse,Beauty,1415.06,73,SUP072,2024-11-01
P00705,User-friendly didactic ability,Electronics,8.46,342,SUP085,2024-12-26
P00706,Centralized user-facing focus group,Beauty,1791.62,490,SUP007,2025-02-21
P00707,Exclusive secondary matrix,Books,1672.61,367,SUP079,2025-04-02
P00708,User-friendly national functionalities,Clothing,1938.39,294,SUP031,2025-06-01
P00709,Profit-focused intermediate algorithm,Clothing,1946.82,455,SUP093,2025-10-26
P00710,Seamless explicit migration,Beauty,1415.49,155,SUP063,2024-05-31
P00711,Programmable 24/7 utilization,Beauty,619.71,297,SUP055,2024-06-10
P00712,Enhanced 5thgeneration model,Books,460.17,121,SUP091,2025-09-03
P00713,Persistent 5thgeneration initiative,Beauty,1534.14,142,SUP073,2026-02-26
P00714,Extended 4thgeneration service-desk,Beauty,103.18,449,SUP019,2025-12-19
P00715,Advanced logistical parallelism,Sports,635.0,40,SUP100,2025-05-30
P00716,Digitized 24hour infrastructure,Beauty,930.27,150,SUP042,2025-04-10
P00717,Switchable human-resource Internet solution,Sports,1280.47,40,SUP088,2025-02-27
P00718,Sharable real-time benchmark,Beauty,562.35,353,SUP056,2024-10-04
P00719,Operative directional standardization,Sports,59.22,293,SUP073,2024-09-19
P00720,Decentralized local functionalities,Clothing,624.73,17,SUP014,2025-06-10
P00721,Optimized next generation conglomeration,Beauty,758.32,337,SUP004,2026-04-20
P00722,Triple-buffered bi-directional forecast,Books,1723.61,13,SUP010,2024-10-25
P00723,Inverse reciprocal Internet solution,Electronics,1692.7,254,SUP061,2025-10-16
P00724,Multi-layered bi-directional methodology,Books,1558.43,79,SUP037,2025-11-26
P00725,Exclusive even-keeled strategy,Clothing,716.83,409,SUP059,2024-10-06
P00726,Switchable secondary artificial intelligence,Sports,79.6,382,SUP009,2026-01-30
P00727,Devolved local core,Books,444.15,162,SUP044,2025-07-22
P00728,Distributed modular product,Sports,931.86,13,SUP082,2026-04-06
P00729,Re-contextualized needs-based core,Books,1723.25,385,SUP004,2025-08-07
P00730,De-engineered contextually-based firmware,Home,25.26,74,SUP066,2025-12-08
P00731,Open-architected bandwidth-monitored circuit,Books,1800.24,76,SUP046,2026-01-10
P00732,Face-to-face bottom-line forecast,Clothing,1706.24,149,SUP092,2025-03-09
P00733,Enhanced intangible contingency,Sports,229.74,398,SUP015,2025-05-13
P00734,Fundamental composite circuit,Home,277.03,399,SUP039,2025-09-25
P00735,Right-sized object-oriented collaboration,Electronics,1809.23,246,SUP055,2026-02-18
P00736,Digitized national service-desk,Sports,1972.18,335,SUP022,2024-10-22
P00737,De-engineered cohesive task-force,Electronics,1788.83,493,SUP006,2025-02-19
P00738,Enhanced zero-defect task-force,Sports,387.02,354,SUP001,2024-09-14
P00739,Stand-alone context-sensitive hardware,Sports,867.71,32,SUP019,2025-04-08
P00740,Enhanced full-range Graphic Interface,Sports,1724.17,19,SUP017,2024-08-15
P00741,Programmable methodical middleware,Beauty,1178.08,76,SUP067,2025-11-26
P00742,Cross-platform empowering moratorium,Clothing,1484.14,135,SUP097,2024-06-06
P00743,Future-proofed maximized emulation,Clothing,358.86,90,SUP001,2026-03-07
P00744,Profit-focused methodical productivity,Beauty,534.44,188,SUP060,2026-01-12
P00745,Pre-emptive composite parallelism,Clothing,1975.85,145,SUP076,2024-12-11
P00746,Realigned directional toolset,Beauty,970.42,199,SUP096,2024-09-17
P00747,Multi-layered empowering help-desk,Sports,1167.68,212,SUP051,2025-12-18
P00748,Compatible radical circuit,Beauty,1241.49,230,SUP023,2024-09-15
P00749,Inverse contextually-based installation,Electronics,1326.74,108,SUP031,2025-09-30
P00750,Multi-lateral coherent contingency,Books,1304.03,425,SUP014,2024-12-06
P00751,Innovative secondary toolset,Sports,1777.98,439,SUP025,2025-09-03
P00752,Devolved zero administration support,Sports,1430.85,451,SUP001,2025-10-16
P00753,Face-to-face holistic access,Beauty,286.08,472,SUP042,2025-04-30
P00754,Distributed optimizing support,Clothing,1675.34,458,SUP046,2025-12-20
P00755,De-engineered motivating project,Home,233.66,174,SUP010,2025-03-05
P00756,Quality-focused 24/7 framework,Books,1714.85,64,SUP084,2025-12-02
P00757,Progressive homogeneous secured line,Home,1456.34,292,SUP091,2024-12-03
P00758,Horizontal composite algorithm,Sports,178.04,326,SUP001,2025-03-29
P00759,Assimilated contextually-based Internet solution,Beauty,1909.93,119,SUP054,2025-12-12
P00760,Profit-focused multi-tasking application,Sports,107.55,374,SUP050,2025-06-27
P00761,Pre-emptive national initiative,Clothing,705.89,140,SUP035,2024-11-25
P00762,Mandatory asymmetric initiative,Beauty,619.95,462,SUP013,2024-11-24
P00763,Fundamental analyzing workforce,Home,406.46,249,SUP040,2024-06-04
P00764,Right-sized logistical standardization,Beauty,644.13,450,SUP069,2025-05-02
P00765,Monitored real-time concept,Beauty,845.42,272,SUP021,2025-09-19
P00766,Open-source user-facing website,Home,141.07,385,SUP030,2024-09-16
P00767,Front-line client-server data-warehouse,Beauty,1760.47,289,SUP032,2024-12-10
P00768,Business-focused asymmetric time-frame,Home,319.05,73,SUP095,2025-08-18
P00769,Re-engineered discrete ability,Books,983.26,479,SUP054,2024-07-25
P00770,De-engineered actuating data-warehouse,Sports,1644.5,235,SUP042,2025-07-12
P00771,Inverse 5thgeneration extranet,Sports,617.08,408,SUP006,2025-12-20
P00772,Balanced next generation policy,Electronics,1442.85,52,SUP035,2025-01-16
P00773,Object-based 4thgeneration utilization,Home,228.57,105,SUP037,2025-09-19
P00774,Sharable reciprocal conglomeration,Beauty,1464.0,46,SUP043,2025-10-29
P00775,Multi-channeled composite solution,Books,36.99,313,SUP016,2025-10-23
P00776,Decentralized solution-oriented website,Beauty,526.57,253,SUP077,2024-10-15
P00777,User-friendly well-modulated time-frame,Electronics,855.41,297,SUP001,2025-10-08
P00778,Face-to-face contextually-based algorithm,Clothing,1401.45,463,SUP080,2025-11-21
P00779,Object-based asynchronous adapter,Books,1495.93,216,SUP078,2024-06-17
P00780,Networked 24/7 product,Home,921.18,411,SUP058,2025-05-03
P00781,Universal upward-trending productivity,Electronics,138.55,192,SUP074,2025-04-05
P00782,Business-focused user-facing core,Books,1020.67,93,SUP033,2025-04-30
P00783,Realigned asynchronous forecast,Sports,1411.49,288,SUP090,2025-04-09
P00784,Proactive motivating product,Beauty,295.49,495,SUP093,2026-02-02
P00785,Devolved 24hour alliance,Electronics,1902.97,424,SUP064,2025-12-11
P00786,Grass-roots web-enabled system engine,Clothing,1085.34,270,SUP091,2024-05-24
P00787,Focused incremental access,Home,722.3,174,SUP049,2024-06-02
P00788,Organic intermediate structure,Books,538.62,203,SUP070,2025-09-10
P00789,Horizontal attitude-oriented contingency,Sports,960.28,32,SUP088,2025-08-04
P00790,Persevering bandwidth-monitored artificial intelligence,Books,1165.83,207,SUP037,2025-08-18
P00791,Diverse high-level focus group,Home,1167.76,8,SUP020,2024-05-23
P00792,Centralized zero tolerance data-warehouse,Electronics,1104.55,363,SUP095,2024-10-02
P00793,Distributed cohesive definition,Sports,849.88,283,SUP091,2026-04-18
P00794,Business-focused real-time utilization,Sports,1113.36,16,SUP001,2025-11-19
P00795,Cloned methodical flexibility,Clothing,1802.87,207,SUP089,2025-07-15
P00796,Cross-group well-modulated superstructure,Books,884.96,70,SUP012,2025-02-04
P00797,Synergized interactive Internet solution,Sports,504.18,252,SUP086,2024-08-05
P00798,Total bottom-line time-frame,Electronics,1221.21,201,SUP034,2025-04-30
P00799,Total demand-driven budgetary management,Electronics,63.28,7,SUP031,2025-09-25
P00800,Persevering disintermediate structure,Books,255.42,218,SUP015,2024-07-10
P00801,Virtual holistic productivity,Sports,758.37,390,SUP094,2025-02-26
P00802,Fundamental tertiary forecast,Clothing,222.66,359,SUP081,2025-11-16
P00803,Triple-buffered non-volatile matrix,Beauty,1222.93,493,SUP005,2024-08-04
P00804,Self-enabling explicit encryption,Beauty,1773.2,223,SUP048,2025-08-16
P00805,Team-oriented fault-tolerant toolset,Books,196.41,292,SUP100,2024-09-02
P00806,Multi-channeled upward-trending product,Electronics,1778.46,159,SUP016,2024-10-01
P00807,Operative well-modulated ability,Electronics,67.17,192,SUP026,2025-04-11
P00808,Customer-focused user-facing implementation,Books,610.05,241,SUP015,2026-04-06
P00809,Cloned cohesive benchmark,Clothing,916.01,322,SUP067,2024-07-26
P00810,Automated static Internet solution,Books,51.43,321,SUP049,2025-10-05
P00811,Function-based real-time Internet solution,Clothing,776.03,43,SUP036,2024-10-01
P00812,Robust value-added intranet,Sports,1844.32,22,SUP100,2026-02-19
P00813,Optimized systematic interface,Electronics,780.25,220,SUP035,2025-09-24
P00814,Horizontal hybrid complexity,Clothing,1931.18,31,SUP009,2024-11-25
P00815,Monitored contextually-based open architecture,Clothing,591.99,412,SUP064,2024-10-07
P00816,Virtual responsive instruction set,Home,881.74,271,SUP014,2024-08-05
P00817,Managed local software,Home,225.31,7,SUP032,2026-04-27
P00818,Future-proofed human-resource system engine,Home,1370.7,99,SUP042,2025-01-15
P00819,Devolved foreground installation,Clothing,782.02,8,SUP019,2024-07-03
P00820,Centralized systematic archive,Clothing,1308.67,388,SUP035,2025-01-27
P00821,User-centric explicit orchestration,Books,959.45,133,SUP036,2025-09-21
P00822,Realigned coherent implementation,Beauty,1458.88,175,SUP065,2025-07-10
P00823,Self-enabling upward-trending functionalities,Sports,1396.85,484,SUP003,2025-07-31
P00824,Object-based global synergy,Electronics,622.29,255,SUP064,2025-11-23
P00825,Ameliorated eco-centric firmware,Beauty,750.1,362,SUP015,2025-04-13
P00826,Polarized incremental superstructure,Electronics,161.54,171,SUP088,2025-10-30
P00827,Seamless local algorithm,Sports,1765.54,364,SUP090,2025-01-28
P00828,Monitored contextually-based interface,Beauty,1749.6,499,SUP029,2025-08-28
P00829,Future-proofed heuristic access,Books,1183.7,263,SUP012,2024-09-26
P00830,Ergonomic zero tolerance protocol,Clothing,1368.27,143,SUP015,2025-12-17
P00831,Persevering 6thgeneration benchmark,Beauty,1528.96,270,SUP058,2025-04-06
P00832,Front-line mission-critical matrices,Books,880.83,298,SUP021,2025-09-01
P00833,Digitized multi-state model,Sports,145.32,444,SUP028,2025-09-10
P00834,Face-to-face didactic protocol,Electronics,1326.48,159,SUP022,2026-01-14
P00835,Mandatory 3rdgeneration approach,Sports,1906.95,303,SUP077,2024-10-28
P00836,Vision-oriented logistical workforce,Books,1933.8,123,SUP039,2025-03-09
P00837,Adaptive zero tolerance solution,Beauty,1724.71,45,SUP003,2024-07-17
P00838,Mandatory responsive service-desk,Home,825.33,325,SUP027,2026-02-08
P00839,Virtual exuding open architecture,Home,1049.71,69,SUP028,2025-08-19
P00840,Function-based hybrid orchestration,Beauty,175.13,331,SUP095,2025-03-20
P00841,Multi-lateral web-enabled policy,Clothing,1877.06,492,SUP057,2026-04-19
P00842,Focused intermediate extranet,Home,1980.79,94,SUP097,2024-10-18
P00843,Right-sized system-worthy definition,Electronics,261.45,452,SUP015,2024-09-09
P00844,Switchable attitude-oriented emulation,Sports,1381.62,47,SUP014,2025-05-21
P00845,Extended grid-enabled parallelism,Home,544.59,112,SUP065,2025-07-30
P00846,Devolved methodical Local Area Network,Sports,458.51,43,SUP091,2024-10-24
P00847,Re-engineered cohesive standardization,Home,706.36,185,SUP066,2025-02-19
P00848,Assimilated multi-state methodology,Home,283.54,479,SUP088,2024-08-17
P00849,Re-engineered tangible protocol,Sports,671.47,460,SUP011,2024-06-11
P00850,Face-to-face contextually-based data-warehouse,Home,1529.03,447,SUP044,2026-02-13
P00851,Devolved analyzing strategy,Books,1330.39,277,SUP031,2025-07-12
P00852,Fully-configurable even-keeled utilization,Home,1541.42,466,SUP058,2025-11-27
P00853,Grass-roots zero administration task-force,Beauty,1588.36,344,SUP098,2026-02-28
P00854,Operative didactic analyzer,Clothing,1726.92,64,SUP042,2024-08-01
P00855,Multi-channeled reciprocal installation,Home,640.21,349,SUP033,2025-08-29
P00856,Up-sized hybrid toolset,Beauty,13.7,293,SUP047,2024-07-29
P00857,Implemented executive encoding,Clothing,21.43,429,SUP054,2026-03-11
P00858,Right-sized optimal success,Sports,1146.95,466,SUP088,2024-12-31
P00859,Seamless modular focus group,Home,655.52,109,SUP092,2024-08-27
P00860,Multi-tiered cohesive secured line,Beauty,1130.61,168,SUP059,2024-12-07
P00861,Balanced bi-directional paradigm,Books,73.37,243,SUP050,2024-05-04
P00862,Decentralized impactful conglomeration,Sports,1954.59,336,SUP095,2025-08-05
P00863,Ameliorated executive flexibility,Electronics,208.3,230,SUP082,2026-01-05
P00864,Enhanced solution-oriented encryption,Home,444.31,187,SUP095,2025-10-02
P00865,De-engineered asymmetric knowledge user,Beauty,363.12,264,SUP056,2026-02-04
P00866,Organic disintermediate support,Home,1664.04,374,SUP030,2025-11-26
P00867,Streamlined neutral matrix,Books,1302.77,192,SUP021,2024-07-05
P00868,Implemented cohesive concept,Beauty,1836.92,12,SUP087,2024-12-08
P00869,Operative 24hour hierarchy,Books,1616.82,410,SUP007,2026-01-29
P00870,Fundamental user-facing project,Beauty,608.11,448,SUP031,2025-08-18
P00871,Object-based global encryption,Home,1099.13,171,SUP001,2026-01-21
P00872,Secured directional encryption,Beauty,1889.8,177,SUP013,2025-12-08
P00873,Networked stable open architecture,Books,488.26,469,SUP067,2026-02-04
P00874,Expanded client-server capability,Electronics,473.15,102,SUP048,2025-04-05
P00875,Advanced explicit structure,Sports,434.32,112,SUP030,2024-12-14
P00876,Sharable tertiary interface,Sports,733.06,352,SUP015,2025-12-03
P00877,Upgradable cohesive throughput,Sports,283.31,477,SUP085,2024-07-13
P00878,Monitored zero-defect info-mediaries,Electronics,445.58,441,SUP012,2026-01-07
P00879,Persistent mission-critical encoding,Clothing,102.49,252,SUP037,2026-04-13
P00880,Multi-channeled context-sensitive hardware,Beauty,718.3,468,SUP087,2025-04-29
P00881,Stand-alone 5thgeneration hardware,Home,374.89,30,SUP079,2025-10-12
P00882,Multi-layered user-facing contingency,Books,522.32,259,SUP004,2026-02-19
P00883,Exclusive intermediate hardware,Beauty,838.79,427,SUP092,2025-04-20
P00884,Operative full-range infrastructure,Electronics,1474.03,103,SUP008,2025-09-28
P00885,Mandatory 24/7 portal,Sports,1763.27,13,SUP017,2025-02-13
P00886,Re-engineered full-range workforce,Books,509.85,367,SUP088,2024-06-27
P00887,Synchronized object-oriented concept,Home,1385.33,24,SUP010,2024-06-11
P00888,Open-source responsive analyzer,Electronics,942.03,210,SUP088,2024-07-19
P00889,Seamless maximized ability,Home,360.25,405,SUP066,2025-12-26
P00890,Phased dynamic ability,Beauty,297.34,278,SUP045,2025-12-29
P00891,Self-enabling value-added system engine,Sports,1708.66,206,SUP013,2024-09-27
P00892,Synchronized upward-trending firmware,Beauty,423.21,168,SUP088,2024-06-27
P00893,Universal scalable knowledge user,Clothing,23.3,358,SUP032,2026-02-12
P00894,Seamless responsive flexibility,Books,1303.23,50,SUP075,2026-03-04
P00895,Profit-focused grid-enabled workforce,Clothing,1837.07,434,SUP026,2025-06-25
P00896,Up-sized 24hour leverage,Clothing,818.37,13,SUP049,2024-07-12
P00897,Business-focused radical strategy,Sports,1582.58,5,SUP081,2024-12-17
P00898,Team-oriented motivating Graphical User Interface,Sports,1599.55,474,SUP097,2025-09-01
P00899,Balanced multi-state capability,Electronics,1076.15,8,SUP047,2025-05-29
P00900,Grass-roots zero administration array,Clothing,1856.28,378,SUP092,2024-07-20
P00901,Multi-channeled intermediate hub,Beauty,1707.68,223,SUP088,2024-09-13
P00902,Object-based client-server standardization,Books,1445.19,170,SUP073,2024-11-30
P00903,Object-based didactic algorithm,Sports,546.48,20,SUP024,2026-03-10
P00904,Vision-oriented local methodology,Clothing,760.07,243,SUP017,2026-02-11
P00905,Proactive encompassing productivity,Home,327.43,281,SUP065,2025-12-29
P00906,Innovative 24hour firmware,Beauty,468.44,237,SUP048,2026-01-12
P00907,Seamless impactful workforce,Books,1037.8,205,SUP033,2024-11-04
P00908,Automated intermediate initiative,Home,213.32,188,SUP065,2024-10-15
P00909,Pre-emptive methodical Graphic Interface,Home,1255.65,472,SUP075,2026-01-30
P00910,Front-line full-range solution,Sports,1001.76,165,SUP022,2025-06-02
P00911,Progressive web-enabled superstructure,Books,1108.66,291,SUP076,2026-03-01
P00912,Total zero tolerance conglomeration,Beauty,279.89,331,SUP052,2026-03-11
P00913,Upgradable cohesive leverage,Electronics,1161.92,467,SUP081,2024-09-23
P00914,Synergized leadingedge firmware,Electronics,46.69,61,SUP016,2025-04-20
P00915,Assimilated actuating collaboration,Electronics,457.0,257,SUP073,2025-12-29
P00916,Implemented full-range support,Clothing,1584.22,197,SUP001,2024-12-06
P00917,Future-proofed upward-trending approach,Home,1533.88,95,SUP032,2025-02-11
P00918,Pre-emptive background website,Beauty,287.48,23,SUP017,2025-05-24
P00919,Right-sized bottom-line budgetary management,Home,1065.57,394,SUP042,2024-09-01
P00920,Exclusive scalable policy,Electronics,28.06,294,SUP055,2024-10-02
P00921,Face-to-face impactful contingency,Sports,122.17,58,SUP005,2024-05-16
P00922,Function-based optimal website,Electronics,1616.8,397,SUP017,2024-11-16
P00923,Organized reciprocal moderator,Books,971.77,375,SUP017,2026-01-17
P00924,Object-based high-level firmware,Beauty,683.96,179,SUP059,2025-05-07
P00925,Devolved global structure,Beauty,626.5,219,SUP062,2025-10-20
P00926,Mandatory actuating initiative,Home,1786.56,68,SUP076,2025-07-02
P00927,Up-sized cohesive instruction set,Books,1525.55,134,SUP005,2026-02-08
P00928,Operative contextually-based project,Home,1028.55,179,SUP098,2024-10-03
P00929,Programmable transitional projection,Sports,1993.14,318,SUP087,2025-11-03
P00930,Customer-focused 24hour intranet,Electronics,461.78,446,SUP050,2024-09-28
P00931,Phased leadingedge moderator,Sports,100.27,58,SUP050,2026-04-27
P00932,Assimilated multi-state algorithm,Beauty,1262.16,421,SUP017,2024-05-08
P00933,Realigned foreground knowledge user,Electronics,1155.63,428,SUP008,2024-12-13
P00934,Assimilated 4thgeneration access,Electronics,1226.77,186,SUP066,2024-05-18
P00935,Ameliorated system-worthy data-warehouse,Clothing,1182.05,219,SUP005,2025-01-13
P00936,Exclusive even-keeled groupware,Sports,23.1,279,SUP088,2025-05-09
P00937,Versatile logistical contingency,Beauty,1015.56,423,SUP093,2025-08-04
P00938,Phased object-oriented migration,Beauty,871.48,304,SUP046,2026-03-13
P00939,Persevering bandwidth-monitored projection,Electronics,1789.19,437,SUP084,2026-02-07
P00940,Compatible modular encoding,Clothing,1982.76,464,SUP085,2025-04-14
P00941,Digitized asymmetric functionalities,Beauty,156.44,218,SUP082,2025-11-24
P00942,Up-sized system-worthy standardization,Beauty,1625.67,31,SUP068,2026-03-18
P00943,Proactive attitude-oriented groupware,Electronics,1244.69,352,SUP014,2025-09-27
P00944,Function-based contextually-based installation,Beauty,1066.9,342,SUP092,2025-06-26
P00945,Re-engineered non-volatile attitude,Clothing,1455.26,429,SUP047,2026-02-05
P00946,Seamless didactic adapter,Books,326.38,132,SUP004,2025-10-17
P00947,Future-proofed heuristic definition,Books,1778.5,408,SUP073,2024-11-20
P00948,Face-to-face background conglomeration,Beauty,669.82,332,SUP053,2024-08-23
P00949,Polarized cohesive superstructure,Sports,679.07,382,SUP015,2026-02-27
P00950,Organic client-driven customer loyalty,Electronics,556.77,132,SUP034,2024-07-11
P00951,Inverse discrete leverage,Beauty,840.36,104,SUP060,2024-11-13
P00952,Up-sized executive help-desk,Electronics,1118.22,314,SUP005,2025-12-04
P00953,Function-based multimedia capability,Sports,1146.31,249,SUP070,2024-06-10
P00954,Fully-configurable next generation collaboration,Home,1046.76,3,SUP032,2024-09-10
P00955,Cross-platform value-added pricing structure,Clothing,1845.96,310,SUP096,2024-08-27
P00956,Synchronized stable orchestration,Books,759.44,440,SUP005,2024-12-16
P00957,Centralized client-driven superstructure,Beauty,1230.45,332,SUP044,2024-05-17
P00958,Re-contextualized interactive secured line,Beauty,997.31,240,SUP028,2026-01-28
P00959,Re-contextualized analyzing monitoring,Books,1011.71,367,SUP012,2024-06-25
P00960,Centralized bifurcated knowledge user,Home,1612.99,452,SUP069,2025-10-31
P00961,Intuitive national Graphic Interface,Home,1386.98,78,SUP004,2025-10-21
P00962,Multi-channeled user-facing definition,Books,293.89,207,SUP098,2026-04-05
P00963,Grass-roots encompassing middleware,Electronics,899.39,18,SUP070,2025-02-17
P00964,Centralized asymmetric encoding,Beauty,1934.29,40,SUP003,2026-02-09
P00965,Persevering tertiary throughput,Sports,181.94,16,SUP017,2025-05-18
P00966,Function-based bifurcated middleware,Home,1438.35,252,SUP089,2025-12-05
P00967,Compatible high-level support,Electronics,1873.93,322,SUP012,2026-02-03
P00968,Inverse multimedia application,Sports,1343.25,134,SUP048,2025-05-05
P00969,Enhanced encompassing initiative,Beauty,739.79,297,SUP035,2024-09-21
P00970,De-engineered maximized customer loyalty,Clothing,1040.35,136,SUP020,2025-09-13
P00971,Face-to-face 3rdgeneration knowledge user,Home,142.98,289,SUP044,2025-01-20
P00972,Cross-group heuristic array,Beauty,1825.07,313,SUP082,2025-02-07
P00973,Synergized 6thgeneration emulation,Books,638.96,139,SUP013,2025-03-17
P00974,Compatible actuating parallelism,Electronics,1203.51,158,SUP072,2025-11-14
P00975,Grass-roots impactful service-desk,Books,1323.29,249,SUP094,2025-06-28
P00976,Monitored holistic intranet,Beauty,55.76,253,SUP002,2025-07-07
P00977,Persevering methodical neural-net,Beauty,729.95,459,SUP072,2026-04-08
P00978,Integrated radical success,Sports,140.04,386,SUP055,2025-10-08
P00979,Mandatory coherent strategy,Sports,1263.82,335,SUP041,2025-11-26
P00980,Synchronized clear-thinking hierarchy,Home,171.03,334,SUP044,2025-03-06
P00981,Re-engineered client-server moratorium,Books,687.84,163,SUP029,2025-03-18
P00982,Synergized intangible adapter,Home,641.44,302,SUP061,2024-08-15
P00983,Upgradable zero tolerance protocol,Clothing,870.47,428,SUP078,2024-05-07
P00984,Compatible 6thgeneration attitude,Home,721.35,220,SUP002,2024-12-18
P00985,Quality-focused dedicated project,Home,832.76,352,SUP072,2025-12-30
P00986,Fully-configurable contextually-based forecast,Electronics,925.42,420,SUP055,2025-07-17
P00987,Multi-channeled client-server superstructure,Home,192.01,233,SUP023,2024-06-22
P00988,Total attitude-oriented paradigm,Beauty,986.03,275,SUP041,2025-12-02
P00989,Switchable clear-thinking superstructure,Home,367.64,389,SUP090,2024-08-17
P00990,Synergized high-level analyzer,Home,812.95,72,SUP053,2026-02-16
P00991,Future-proofed 24hour open architecture,Books,1784.35,149,SUP053,2024-10-16
P00992,Pre-emptive coherent software,Clothing,145.31,378,SUP056,2025-04-21
P00993,Optimized scalable customer loyalty,Sports,515.68,319,SUP038,2024-09-15
P00994,Robust context-sensitive matrices,Clothing,1554.93,268,SUP083,2025-12-27
P00995,Expanded 24hour infrastructure,Clothing,1206.29,375,SUP007,2025-01-16
P00996,Centralized 6thgeneration knowledgebase,Books,101.51,92,SUP085,2025-08-20
P00997,Intuitive object-oriented contingency,Beauty,1665.14,71,SUP015,2024-07-26
P00998,Down-sized heuristic benchmark,Beauty,882.77,178,SUP035,2024-05-04
P00999,Customizable bifurcated challenge,Clothing,165.14,307,SUP043,2025-06-20
P01000,Enterprise-wide 5thgeneration encryption,Electronics,28.12,27,SUP017,2024-07-01
P01001,Mandatory bi-directional throughput,Electronics,281.38,190,SUP069,2024-06-05
P01002,Open-architected high-level help-desk,Home,1242.3,155,SUP012,2025-12-07
P01003,Exclusive directional complexity,Clothing,359.04,255,SUP054,2025-08-26
P01004,Extended motivating concept,Home,1108.8,487,SUP053,2026-03-18
P01005,Secured static structure,Books,1837.44,269,SUP030,2025-09-28
P01006,Reactive composite contingency,Home,1224.14,347,SUP049,2026-04-06
P01007,Re-engineered hybrid initiative,Electronics,415.95,245,SUP064,2024-07-01
P01008,Down-sized 5thgeneration toolset,Clothing,1261.75,191,SUP090,2025-09-25
P01009,Balanced didactic pricing structure,Books,1768.06,452,SUP008,2024-10-11
P01010,Persistent zero administration product,Books,1191.88,486,SUP031,2025-03-05
P01011,Balanced cohesive function,Home,262.64,154,SUP081,2026-02-15
P01012,Innovative radical functionalities,Books,6.35,383,SUP058,2024-07-23
P01013,Multi-lateral non-volatile ability,Home,755.93,309,SUP038,2025-04-23
P01014,Progressive scalable workforce,Books,1787.0,165,SUP044,2024-10-03
P01015,Programmable system-worthy encryption,Home,1844.86,353,SUP100,2025-05-06
P01016,Quality-focused tertiary interface,Home,1957.77,398,SUP030,2024-12-02
P01017,Innovative intangible Local Area Network,Clothing,1425.29,91,SUP015,2025-10-24
P01018,Realigned mobile concept,Sports,487.07,271,SUP014,2024-10-09
P01019,Organic optimizing toolset,Clothing,45.25,154,SUP093,2024-12-25
P01020,Programmable clear-thinking structure,Electronics,677.38,331,SUP051,2026-03-25
P01021,Ergonomic executive interface,Clothing,1487.35,290,SUP075,2025-02-17
P01022,Devolved static alliance,Home,1406.67,334,SUP019,2025-04-10
P01023,Focused hybrid hardware,Sports,1862.67,450,SUP038,2024-05-05
P01024,Diverse non-volatile complexity,Sports,108.16,299,SUP029,2026-02-17
P01025,Grass-roots fault-tolerant conglomeration,Books,708.01,33,SUP028,2024-08-30
P01026,Expanded context-sensitive Graphical User Interface,Home,1597.2,181,SUP015,2025-04-19
P01027,Organized heuristic artificial intelligence,Electronics,85.14,227,SUP046,2025-12-12
P01028,Intuitive leadingedge interface,Clothing,1170.64,169,SUP098,2025-01-23
P01029,Innovative multi-state capacity,Beauty,1237.8,90,SUP041,2026-04-18
P01030,Synergistic asymmetric approach,Beauty,1533.25,220,SUP015,2024-06-10
P01031,Up-sized global adapter,Home,1011.99,287,SUP025,2025-10-05
P01032,Optimized dynamic attitude,Home,937.47,128,SUP084,2025-03-15
P01033,Decentralized logistical projection,Beauty,733.89,218,SUP016,2025-05-29
P01034,Cross-platform heuristic emulation,Sports,1253.2,330,SUP099,2026-04-17
P01035,Front-line value-added challenge,Books,1948.59,390,SUP093,2025-11-27
P01036,User-centric maximized firmware,Electronics,547.26,176,SUP030,2024-06-25
P01037,Synergistic background middleware,Home,1451.56,329,SUP050,2026-03-07
P01038,Face-to-face systematic matrices,Electronics,158.11,257,SUP021,2024-06-15
P01039,Customer-focused zero tolerance capacity,Home,1688.99,148,SUP099,2025-05-08
P01040,Cloned heuristic hierarchy,Clothing,1138.78,254,SUP068,2025-03-15
P01041,Horizontal interactive hierarchy,Home,1044.81,446,SUP091,2025-09-04
P01042,Networked responsive core,Clothing,1094.18,417,SUP042,2025-12-14
P01043,Team-oriented systematic methodology,Books,59.46,440,SUP093,2024-05-10
P01044,Multi-tiered modular frame,Sports,1435.94,56,SUP048,2025-07-15
P01045,Reduced optimizing infrastructure,Books,1430.92,12,SUP085,2024-07-31
P01046,Integrated uniform migration,Beauty,893.65,24,SUP023,2025-04-03
P01047,Configurable encompassing infrastructure,Beauty,1330.77,401,SUP035,2025-09-21
P01048,Centralized demand-driven framework,Clothing,1347.92,213,SUP075,2026-03-23
P01049,Open-architected contextually-based strategy,Books,1569.94,366,SUP037,2025-06-01
P01050,Fundamental non-volatile hierarchy,Clothing,1022.12,22,SUP051,2025-03-10
P01051,Secured even-keeled open system,Books,689.58,257,SUP049,2026-02-16
P01052,Public-key mission-critical algorithm,Home,1501.1,498,SUP089,2024-10-14
P01053,Diverse impactful frame,Electronics,220.93,472,SUP021,2025-08-07
P01054,Profound global success,Electronics,1201.87,218,SUP087,2026-01-24
P01055,Face-to-face intermediate task-force,Home,1453.97,349,SUP045,2024-07-04
P01056,User-centric bi-directional conglomeration,Beauty,382.53,149,SUP008,2024-11-09
P01057,Switchable demand-driven leverage,Electronics,1453.29,154,SUP085,2025-04-20
P01058,Operative zero administration Graphic Interface,Electronics,630.08,266,SUP063,2026-01-11
P01059,Multi-tiered non-volatile synergy,Books,417.23,159,SUP012,2024-07-28
P01060,Inverse modular array,Sports,1592.14,263,SUP041,2025-12-27
P01061,Fully-configurable 6thgeneration task-force,Clothing,590.61,51,SUP055,2025-11-05
P01062,Multi-tiered static core,Home,1798.35,391,SUP067,2025-05-26
P01063,Focused foreground focus group,Clothing,915.92,178,SUP004,2026-02-28
P01064,Decentralized analyzing open architecture,Books,186.21,297,SUP076,2025-03-02
P01065,Fundamental system-worthy contingency,Books,126.19,390,SUP086,2026-01-01
P01066,Reduced zero-defect matrix,Home,933.14,43,SUP067,2024-11-01
P01067,Multi-channeled zero-defect matrices,Sports,1660.29,434,SUP058,2024-12-19
P01068,Sharable empowering orchestration,Clothing,668.7,300,SUP037,2025-10-12
P01069,Streamlined even-keeled contingency,Clothing,834.19,92,SUP067,2025-10-22
P01070,Extended scalable function,Sports,1400.3,6,SUP005,2024-10-26
P01071,Decentralized directional open architecture,Sports,1314.75,480,SUP079,2024-12-10
P01072,Organized homogeneous capability,Electronics,613.78,137,SUP068,2026-04-26
P01073,Phased secondary projection,Electronics,1377.69,323,SUP070,2025-05-31
P01074,Reduced non-volatile infrastructure,Home,799.94,270,SUP094,2025-08-03
P01075,Balanced modular synergy,Beauty,204.68,102,SUP091,2025-10-23
P01076,Multi-channeled tangible capacity,Home,339.5,152,SUP030,2025-09-21
P01077,Sharable holistic focus group,Electronics,1351.98,343,SUP086,2026-01-15
P01078,Synchronized neutral Graphical User Interface,Electronics,791.15,370,SUP065,2025-08-06
P01079,Mandatory asymmetric infrastructure,Sports,852.25,13,SUP040,2026-04-26
P01080,Centralized value-added access,Books,801.53,35,SUP052,2025-11-09
P01081,Organized clear-thinking task-force,Home,1018.73,204,SUP068,2025-05-28
P01082,Implemented explicit strategy,Electronics,757.2,100,SUP030,2025-01-02
P01083,Monitored uniform customer loyalty,Sports,1571.54,454,SUP016,2025-02-27
P01084,Devolved cohesive productivity,Beauty,1185.27,154,SUP008,2025-02-09
P01085,Devolved real-time hub,Clothing,1025.51,335,SUP053,2025-04-13
P01086,Pre-emptive holistic encoding,Electronics,1275.27,383,SUP069,2024-06-07
P01087,Switchable executive productivity,Beauty,1374.26,5,SUP046,2025-01-19
P01088,Focused reciprocal concept,Sports,298.66,137,SUP048,2026-04-07
P01089,Object-based coherent complexity,Home,1950.83,392,SUP026,2024-06-24
P01090,Self-enabling explicit complexity,Books,1837.9,0,SUP013,2025-03-24
P01091,Proactive grid-enabled implementation,Electronics,242.35,213,SUP049,2025-03-01
P01092,Down-sized executive alliance,Electronics,1346.47,307,SUP006,2025-06-19
P01093,Business-focused encompassing matrix,Beauty,470.54,232,SUP053,2025-02-11
P01094,Digitized interactive instruction set,Home,1314.55,393,SUP080,2025-07-06
P01095,Sharable methodical pricing structure,Sports,541.04,34,SUP003,2024-06-29
P01096,Integrated secondary open architecture,Electronics,1590.26,223,SUP050,2024-10-15
P01097,Streamlined eco-centric firmware,Home,469.02,249,SUP056,2025-02-02
P01098,Self-enabling 3rdgeneration flexibility,Home,495.84,85,SUP065,2026-03-01
P01099,Ameliorated discrete implementation,Books,778.7,436,SUP078,2024-05-14
P01100,Multi-lateral contextually-based approach,Clothing,581.26,195,SUP049,2025-08-20
P01101,Total 5thgeneration application,Electronics,1456.87,179,SUP042,2026-02-18
P01102,Profound exuding open system,Home,430.56,340,SUP027,2026-02-23
P01103,Cross-platform mobile focus group,Electronics,521.22,414,SUP100,2024-09-03
P01104,Sharable intangible pricing structure,Home,931.9,89,SUP081,2025-08-07
P01105,Distributed national instruction set,Home,625.34,190,SUP066,2026-03-10
P01106,Switchable bi-directional utilization,Beauty,777.94,440,SUP077,2025-06-30
P01107,Public-key leadingedge protocol,Clothing,114.04,270,SUP059,2025-09-24
P01108,Operative national firmware,Electronics,61.83,476,SUP074,2024-08-11
P01109,Triple-buffered secondary collaboration,Sports,444.18,328,SUP092,2024-12-13
P01110,Digitized scalable database,Clothing,1754.05,482,SUP001,2024-11-10
P01111,Horizontal asynchronous ability,Home,1896.12,470,SUP003,2024-09-24
P01112,Switchable analyzing interface,Clothing,1498.61,284,SUP034,2025-03-05
P01113,Customizable tangible framework,Books,745.3,119,SUP018,2025-12-01
P01114,Business-focused national website,Beauty,90.69,242,SUP045,2025-09-26
P01115,Inverse cohesive throughput,Books,253.19,86,SUP043,2024-07-21
P01116,User-centric contextually-based hub,Sports,376.65,334,SUP048,2025-09-03
P01117,Ergonomic responsive superstructure,Home,1273.07,55,SUP080,2026-01-10
P01118,Enhanced coherent functionalities,Clothing,1097.84,33,SUP066,2024-07-23
P01119,Organized real-time support,Electronics,1544.52,149,SUP050,2025-05-11
P01120,Profit-focused zero administration attitude,Electronics,252.16,462,SUP098,2025-12-22
P01121,Reactive needs-based open architecture,Books,1127.41,155,SUP062,2025-05-30
P01122,Fundamental bottom-line moratorium,Clothing,447.0,206,SUP061,2025-01-24
P01123,Reactive regional knowledge user,Home,1840.87,247,SUP037,2026-04-19
P01124,Fundamental maximized workforce,Beauty,26.02,182,SUP099,2025-06-20
P01125,Enterprise-wide didactic utilization,Electronics,350.81,125,SUP057,2024-11-18
P01126,Polarized reciprocal implementation,Home,735.03,466,SUP055,2024-12-02
P01127,Up-sized eco-centric encryption,Beauty,1540.87,121,SUP065,2026-02-25
P01128,Enterprise-wide disintermediate software,Books,1579.48,188,SUP070,2024-07-07
P01129,Total fault-tolerant hardware,Electronics,493.86,85,SUP023,2024-06-24
P01130,Networked modular frame,Books,1537.97,419,SUP031,2026-03-12
P01131,Mandatory optimal alliance,Sports,1724.61,435,SUP070,2024-05-12
P01132,Self-enabling disintermediate emulation,Beauty,1073.53,87,SUP039,2024-08-09
P01133,Programmable optimal artificial intelligence,Beauty,1548.5,118,SUP075,2025-08-06
P01134,Ameliorated tangible hub,Beauty,1798.43,306,SUP090,2026-04-01
P01135,Integrated 24/7 Local Area Network,Home,1901.76,406,SUP045,2025-03-15
P01136,Synergistic intermediate matrix,Beauty,533.58,291,SUP076,2025-09-17
P01137,Cross-group user-facing Graphic Interface,Clothing,302.7,383,SUP068,2024-07-20
P01138,Assimilated impactful pricing structure,Books,1310.85,174,SUP059,2025-04-27
P01139,Sharable explicit info-mediaries,Clothing,1486.38,236,SUP082,2025-07-12
P01140,Cross-platform executive pricing structure,Home,1997.09,141,SUP077,2024-06-28
P01141,Cross-platform multi-state database,Books,757.98,440,SUP018,2025-08-07
P01142,Progressive motivating portal,Sports,1671.23,36,SUP083,2024-12-11
P01143,Optional modular product,Books,558.79,430,SUP051,2025-05-01
P01144,Organic upward-trending collaboration,Home,360.77,231,SUP017,2025-03-21
P01145,Switchable dedicated throughput,Books,256.0,111,SUP099,2025-12-14
P01146,Optimized system-worthy paradigm,Electronics,1195.91,12,SUP068,2025-01-15
P01147,Networked full-range software,Clothing,1141.95,177,SUP003,2025-03-18
P01148,Programmable systemic complexity,Books,1265.62,189,SUP061,2025-04-04
P01149,Networked secondary initiative,Home,1761.08,146,SUP076,2024-07-08
P01150,Sharable client-driven hierarchy,Electronics,1008.68,140,SUP095,2024-10-05
P01151,Universal client-server hub,Electronics,851.49,423,SUP049,2024-11-27
P01152,Monitored 5thgeneration installation,Books,237.53,129,SUP084,2024-10-14
P01153,Open-source upward-trending protocol,Books,578.46,285,SUP030,2025-12-10
P01154,Horizontal holistic parallelism,Clothing,252.72,235,SUP034,2026-01-31
P01155,Centralized coherent methodology,Books,567.65,159,SUP059,2025-11-24
P01156,Polarized neutral productivity,Sports,1013.76,6,SUP028,2025-03-09
P01157,Pre-emptive non-volatile matrix,Beauty,567.32,98,SUP061,2024-08-27
P01158,Streamlined dynamic protocol,Clothing,774.76,353,SUP085,2025-12-11
P01159,Focused bottom-line function,Electronics,1437.3,5,SUP014,2024-11-05
P01160,Integrated national forecast,Home,1266.8,448,SUP048,2025-05-30
P01161,Integrated dedicated definition,Clothing,1725.84,379,SUP092,2024-09-29
P01162,Multi-layered neutral superstructure,Beauty,1937.83,324,SUP002,2024-12-30
P01163,Automated responsive migration,Beauty,1588.48,9,SUP087,2025-12-30
P01164,Fully-configurable demand-driven ability,Sports,1603.7,415,SUP086,2024-11-23
P01165,Cross-platform bandwidth-monitored open system,Home,845.88,258,SUP081,2024-06-15
P01166,Managed radical emulation,Books,1501.32,423,SUP009,2024-07-05
P01167,Team-oriented attitude-oriented utilization,Electronics,1042.79,292,SUP038,2024-10-14
P01168,Future-proofed 5thgeneration customer loyalty,Clothing,1440.55,265,SUP039,2025-05-04
P01169,Synergistic leadingedge emulation,Home,426.9,443,SUP093,2025-02-19
P01170,Visionary 5thgeneration encryption,Electronics,983.59,176,SUP040,2025-11-29
P01171,User-friendly value-added product,Sports,1351.77,109,SUP075,2025-01-10
P01172,Grass-roots responsive access,Beauty,1289.03,348,SUP092,2024-12-25
P01173,Phased clear-thinking workforce,Clothing,426.21,308,SUP031,2026-04-17
P01174,Balanced impactful customer loyalty,Beauty,1561.4,151,SUP098,2025-03-08
P01175,Cloned discrete model,Books,157.82,132,SUP012,2025-11-14
P01176,Public-key object-oriented interface,Sports,911.63,401,SUP093,2025-06-23
P01177,Horizontal encompassing application,Clothing,1247.92,216,SUP019,2025-11-20
P01178,Sharable intermediate attitude,Electronics,1118.24,227,SUP089,2026-04-16
P01179,Front-line background methodology,Clothing,1122.81,174,SUP071,2025-11-01
P01180,Mandatory user-facing access,Sports,129.34,499,SUP008,2025-03-24
P01181,Assimilated stable pricing structure,Beauty,391.74,320,SUP047,2025-03-14
P01182,Down-sized motivating productivity,Books,1775.95,279,SUP029,2025-09-07
P01183,Exclusive eco-centric algorithm,Books,1043.28,231,SUP035,2026-01-23
P01184,Customizable zero tolerance firmware,Clothing,539.02,402,SUP030,2025-11-13
P01185,Assimilated stable forecast,Home,1157.14,489,SUP077,2024-12-20
P01186,Open-source multi-tasking emulation,Home,574.36,477,SUP059,2025-01-30
P01187,Configurable zero-defect alliance,Home,376.77,264,SUP087,2026-04-08
P01188,Streamlined dynamic focus group,Beauty,1435.48,439,SUP002,2024-07-13
P01189,Universal uniform framework,Beauty,39.28,89,SUP031,2026-03-12
P01190,Networked executive interface,Electronics,561.26,2,SUP013,2024-11-18
P01191,Expanded contextually-based firmware,Sports,1629.71,161,SUP029,2024-07-04
P01192,Versatile client-driven parallelism,Clothing,1159.1,274,SUP038,2025-12-10
P01193,Monitored asynchronous groupware,Sports,1931.17,322,SUP095,2026-04-27
P01194,Reduced didactic database,Books,776.27,151,SUP087,2025-02-28
P01195,Face-to-face object-oriented capacity,Books,961.67,293,SUP066,2025-10-20
P01196,Exclusive system-worthy info-mediaries,Sports,1962.55,21,SUP027,2025-12-25
P01197,Universal 24/7 framework,Books,1068.24,156,SUP024,2025-06-16
P01198,Optional 3rdgeneration emulation,Books,1579.77,83,SUP036,2025-12-13
P01199,Visionary explicit array,Home,1987.6,466,SUP036,2025-05-14
P01200,Decentralized bifurcated contingency,Sports,253.13,464,SUP071,2025-12-12
P01201,Synchronized static model,Sports,880.79,262,SUP091,2025-12-03
P01202,Open-architected regional database,Books,889.29,17,SUP081,2025-04-15
P01203,Grass-roots tangible array,Home,1944.35,247,SUP023,2024-07-21
P01204,Fundamental fault-tolerant help-desk,Electronics,1623.38,264,SUP016,2025-05-16
P01205,Progressive zero-defect functionalities,Clothing,1619.81,262,SUP018,2025-03-05
P01206,Advanced composite middleware,Home,413.64,298,SUP071,2024-07-24
P01207,Business-focused solution-oriented hardware,Beauty,303.05,243,SUP007,2024-11-03
P01208,Sharable directional throughput,Clothing,169.11,42,SUP008,2024-10-07
P01209,Pre-emptive system-worthy complexity,Clothing,1242.57,330,SUP052,2025-08-24
P01210,Down-sized multimedia Graphic Interface,Home,524.92,254,SUP016,2024-09-04
P01211,Public-key coherent matrix,Beauty,1516.15,422,SUP047,2026-04-20
P01212,De-engineered dynamic flexibility,Beauty,449.71,379,SUP003,2025-12-23
P01213,Self-enabling human-resource neural-net,Sports,590.27,21,SUP007,2025-08-09
P01214,Face-to-face zero-defect monitoring,Electronics,652.83,62,SUP057,2024-11-21
P01215,Fully-configurable local info-mediaries,Beauty,1893.67,449,SUP070,2026-02-12
P01216,Switchable dedicated flexibility,Electronics,1368.5,487,SUP094,2025-07-03
P01217,User-centric optimizing utilization,Sports,280.5,174,SUP035,2025-07-05
P01218,Reverse-engineered intangible installation,Home,1479.33,251,SUP026,2026-01-26
P01219,Re-engineered reciprocal conglomeration,Beauty,471.89,431,SUP010,2024-07-06
P01220,Implemented neutral encoding,Clothing,704.18,239,SUP045,2025-05-13
P01221,Realigned holistic implementation,Clothing,83.27,201,SUP072,2026-01-21
P01222,Extended homogeneous standardization,Home,526.03,454,SUP097,2025-11-16
P01223,Realigned didactic capability,Beauty,63.58,319,SUP098,2025-10-29
P01224,Open-architected uniform framework,Clothing,153.97,389,SUP011,2025-03-25
P01225,Distributed 3rdgeneration architecture,Books,367.52,126,SUP003,2024-06-09
P01226,Advanced context-sensitive matrices,Electronics,850.73,60,SUP037,2026-01-24
P01227,Secured fault-tolerant projection,Sports,23.37,207,SUP021,2024-12-07
P01228,Reactive zero administration alliance,Sports,1077.51,412,SUP095,2025-05-03
P01229,Optimized incremental process improvement,Beauty,64.01,478,SUP006,2025-07-06
P01230,Distributed neutral groupware,Home,1395.6,357,SUP006,2025-11-25
P01231,Diverse coherent superstructure,Beauty,1232.34,145,SUP032,2025-09-18
P01232,Robust motivating challenge,Clothing,1150.56,56,SUP066,2024-12-14
P01233,Vision-oriented optimal capability,Sports,1799.2,161,SUP080,2025-04-06
P01234,Right-sized impactful extranet,Clothing,1306.79,120,SUP056,2025-05-24
P01235,Intuitive bifurcated Local Area Network,Clothing,1463.68,207,SUP007,2025-05-21
P01236,Object-based real-time Internet solution,Home,1619.16,44,SUP024,2025-10-15
P01237,Optional heuristic forecast,Sports,1215.11,103,SUP033,2025-11-17
P01238,Exclusive grid-enabled paradigm,Electronics,509.09,69,SUP018,2025-05-04
P01239,Function-based client-driven archive,Books,33.67,278,SUP092,2025-11-18
P01240,Operative multi-tasking monitoring,Home,1177.23,217,SUP046,2025-08-11
P01241,Synchronized needs-based emulation,Books,633.71,486,SUP038,2026-02-25
P01242,Versatile logistical support,Home,1094.56,335,SUP045,2024-08-26
P01243,Synergized impactful parallelism,Home,1355.09,475,SUP004,2025-04-01
P01244,Function-based 24/7 flexibility,Beauty,927.08,81,SUP027,2024-06-29
P01245,Versatile modular customer loyalty,Books,1845.17,97,SUP016,2025-02-04
P01246,Multi-channeled attitude-oriented secured line,Sports,765.74,152,SUP049,2025-12-22
P01247,Advanced web-enabled ability,Clothing,1676.11,458,SUP070,2025-07-21
P01248,Horizontal reciprocal capacity,Books,1164.5,78,SUP037,2025-10-05
P01249,Virtual attitude-oriented function,Beauty,719.06,272,SUP041,2025-10-08
P01250,Face-to-face client-driven product,Electronics,1862.4,284,SUP097,2025-11-15
P01251,Total hybrid database,Sports,856.93,0,SUP016,2025-04-23
P01252,Polarized background knowledgebase,Home,929.36,479,SUP057,2024-06-29
P01253,Adaptive solution-oriented software,Clothing,1468.92,66,SUP094,2026-01-17
P01254,Business-focused next generation customer loyalty,Beauty,47.26,480,SUP084,2026-03-10
P01255,Focused exuding process improvement,Sports,1058.47,77,SUP058,2025-02-01
P01256,Organized eco-centric frame,Electronics,772.72,332,SUP084,2024-11-12
P01257,Fully-configurable actuating budgetary management,Sports,524.03,458,SUP015,2024-08-31
P01258,Decentralized didactic collaboration,Beauty,606.69,186,SUP047,2024-06-17
P01259,Fully-configurable optimizing info-mediaries,Beauty,399.3,370,SUP020,2025-03-01
P01260,Integrated homogeneous initiative,Clothing,758.27,79,SUP068,2025-12-22
P01261,Inverse composite moratorium,Books,16.27,318,SUP064,2025-10-12
P01262,Realigned radical Internet solution,Clothing,1830.07,399,SUP068,2025-01-09
P01263,Phased attitude-oriented array,Home,337.07,297,SUP026,2025-05-25
P01264,De-engineered static encryption,Home,1108.79,358,SUP021,2024-09-01
P01265,Multi-tiered well-modulated infrastructure,Clothing,54.59,407,SUP057,2025-07-23
P01266,Open-architected upward-trending structure,Electronics,577.45,202,SUP082,2025-04-28
P01267,Distributed human-resource matrix,Beauty,1927.2,435,SUP100,2025-08-08
P01268,Balanced 4thgeneration leverage,Sports,489.36,267,SUP085,2024-09-10
P01269,Up-sized 6thgeneration throughput,Clothing,709.74,305,SUP053,2025-04-07
P01270,Self-enabling 6thgeneration analyzer,Electronics,1066.36,24,SUP062,2025-04-05
P01271,Organic grid-enabled database,Beauty,561.3,487,SUP036,2026-03-28
P01272,Synergized even-keeled projection,Books,897.87,62,SUP003,2024-09-24
P01273,Advanced empowering encryption,Electronics,387.56,189,SUP092,2025-03-28
P01274,Open-architected scalable website,Clothing,710.86,275,SUP009,2026-03-29
P01275,Innovative regional interface,Electronics,531.79,407,SUP093,2025-05-15
P01276,Public-key coherent ability,Beauty,32.31,491,SUP029,2026-04-15
P01277,Fundamental 4thgeneration concept,Home,587.95,275,SUP005,2025-09-09
P01278,Pre-emptive dedicated hierarchy,Electronics,921.61,118,SUP057,2025-05-22
P01279,Public-key cohesive superstructure,Clothing,229.52,156,SUP066,2024-05-05
P01280,Expanded 3rdgeneration conglomeration,Clothing,1235.96,433,SUP057,2024-10-22
P01281,Face-to-face bi-directional info-mediaries,Sports,303.67,368,SUP060,2024-12-28
P01282,Grass-roots regional policy,Sports,1749.77,420,SUP086,2024-07-31
P01283,Sharable multi-tasking product,Home,521.5,255,SUP100,2025-09-03
P01284,Networked disintermediate website,Clothing,428.51,79,SUP087,2025-09-26
P01285,Intuitive directional task-force,Books,982.84,329,SUP068,2024-10-31
P01286,Monitored multi-tasking attitude,Electronics,1324.51,371,SUP099,2025-07-05
P01287,Integrated 24hour architecture,Electronics,475.29,158,SUP015,2025-06-07
P01288,Inverse well-modulated pricing structure,Books,492.1,492,SUP064,2025-02-14
P01289,Optional homogeneous parallelism,Clothing,564.48,475,SUP049,2025-11-29
P01290,Business-focused value-added encryption,Sports,1217.88,284,SUP004,2024-07-19
P01291,Diverse grid-enabled ability,Beauty,1596.95,486,SUP038,2024-12-12
P01292,Proactive intermediate benchmark,Clothing,557.74,262,SUP077,2025-09-13
P01293,Monitored holistic array,Beauty,1827.79,500,SUP079,2024-05-27
P01294,Open-architected 4thgeneration ability,Electronics,782.34,21,SUP055,2024-06-30
P01295,Function-based cohesive installation,Beauty,57.28,186,SUP078,2025-02-03
P01296,Multi-layered regional definition,Sports,1757.06,116,SUP040,2026-01-27
P01297,Horizontal optimal workforce,Electronics,1134.49,169,SUP059,2025-12-31
P01298,De-engineered client-server structure,Sports,897.93,3,SUP027,2025-09-22
P01299,Horizontal disintermediate flexibility,Home,1299.75,341,SUP023,2025-08-09
P01300,Future-proofed heuristic portal,Electronics,1943.43,85,SUP081,2024-09-13
P01301,Quality-focused uniform superstructure,Home,1844.21,440,SUP012,2025-10-01
P01302,Stand-alone methodical array,Sports,1538.37,424,SUP053,2025-12-20
P01303,Down-sized neutral core,Clothing,461.63,308,SUP079,2025-12-01
P01304,Upgradable real-time frame,Beauty,600.39,297,SUP037,2025-04-22
P01305,Progressive asymmetric moratorium,Electronics,1699.52,469,SUP027,2025-09-25
P01306,Multi-channeled systemic capacity,Beauty,736.32,162,SUP061,2024-12-23
P01307,Cross-group zero-defect instruction set,Sports,1262.82,85,SUP091,2025-08-12
P01308,Right-sized human-resource knowledgebase,Clothing,680.02,454,SUP015,2025-03-24
P01309,Enterprise-wide clear-thinking workforce,Clothing,681.59,270,SUP067,2025-08-05
P01310,Inverse explicit monitoring,Books,1765.89,379,SUP059,2025-07-25
P01311,Persistent dedicated infrastructure,Beauty,1015.55,441,SUP100,2025-10-06
P01312,Down-sized 6thgeneration process improvement,Sports,1798.22,475,SUP064,2025-01-23
P01313,Advanced foreground adapter,Home,114.3,324,SUP013,2025-06-30
P01314,Focused multi-tasking open system,Beauty,754.4,143,SUP036,2026-01-13
P01315,Ergonomic uniform benchmark,Books,1604.55,456,SUP056,2025-01-31
P01316,Extended zero-defect open system,Home,1348.76,203,SUP042,2025-02-23
P01317,Triple-buffered 4thgeneration knowledge user,Books,1316.29,419,SUP041,2026-02-28
P01318,Assimilated impactful attitude,Home,1420.11,172,SUP068,2025-03-26
P01319,Implemented actuating parallelism,Clothing,1013.11,79,SUP073,2026-03-26
P01320,Devolved analyzing moratorium,Beauty,240.13,294,SUP095,2024-11-19
P01321,Business-focused 24/7 circuit,Home,677.68,414,SUP015,2024-12-23
P01322,Synergized reciprocal framework,Beauty,152.11,423,SUP005,2026-02-20
P01323,Multi-layered non-volatile intranet,Home,1524.16,370,SUP082,2024-07-12
P01324,Organic logistical approach,Beauty,1616.72,277,SUP020,2025-12-20
P01325,Managed attitude-oriented algorithm,Sports,750.63,350,SUP072,2025-12-15
P01326,Organized reciprocal alliance,Home,247.59,160,SUP083,2024-09-15
P01327,Persevering disintermediate utilization,Clothing,1302.7,404,SUP011,2026-04-08
P01328,Exclusive content-based superstructure,Books,1943.25,468,SUP046,2024-06-24
P01329,Re-contextualized user-facing conglomeration,Beauty,558.57,481,SUP010,2024-09-01
P01330,Versatile national throughput,Sports,867.97,174,SUP019,2026-01-16
P01331,Profit-focused needs-based circuit,Clothing,47.54,141,SUP007,2025-02-17
P01332,Multi-channeled next generation capacity,Electronics,358.94,63,SUP079,2024-11-09
P01333,Grass-roots multimedia alliance,Home,251.14,319,SUP019,2025-06-03
P01334,Innovative executive task-force,Books,1603.76,214,SUP020,2026-03-20
P01335,Down-sized national contingency,Books,1600.85,379,SUP011,2024-10-11
P01336,Virtual regional knowledgebase,Beauty,1084.66,368,SUP068,2026-02-25
P01337,Switchable holistic Internet solution,Books,1381.49,351,SUP085,2026-02-28
P01338,Persevering eco-centric moratorium,Home,359.9,360,SUP051,2025-01-20
P01339,Compatible multimedia conglomeration,Electronics,1736.73,476,SUP099,2026-04-06
P01340,Seamless methodical project,Clothing,1146.64,148,SUP052,2024-10-24
P01341,Fundamental explicit throughput,Books,329.52,38,SUP083,2024-11-13
P01342,Balanced needs-based database,Sports,1044.13,139,SUP022,2026-03-12
P01343,User-centric neutral Graphic Interface,Home,1351.15,321,SUP075,2024-07-26
P01344,Function-based coherent analyzer,Home,1055.2,102,SUP097,2025-11-08
P01345,Pre-emptive dynamic model,Beauty,902.05,288,SUP087,2025-09-29
P01346,Quality-focused tertiary help-desk,Beauty,1705.84,3,SUP037,2026-01-24
P01347,Re-contextualized 3rdgeneration projection,Home,1400.68,440,SUP099,2024-05-30
P01348,Upgradable modular help-desk,Home,1070.04,47,SUP075,2025-01-05
P01349,Self-enabling mission-critical knowledge user,Electronics,643.45,358,SUP072,2025-12-15
P01350,Virtual homogeneous database,Books,1665.76,368,SUP100,2024-09-26
P01351,Configurable static framework,Sports,1290.84,200,SUP028,2025-07-26
P01352,Focused real-time time-frame,Beauty,1136.87,360,SUP026,2024-05-30
P01353,Programmable empowering artificial intelligence,Electronics,1975.24,368,SUP074,2025-07-28
P01354,Fundamental disintermediate success,Electronics,797.04,431,SUP085,2025-03-12
P01355,Object-based real-time capability,Home,56.17,100,SUP058,2025-02-21
P01356,Configurable tertiary emulation,Electronics,1239.0,307,SUP066,2024-12-13
P01357,Profit-focused eco-centric knowledge user,Home,585.92,15,SUP032,2025-08-12
P01358,Adaptive client-server pricing structure,Sports,1329.31,286,SUP084,2025-06-24
P01359,Mandatory contextually-based analyzer,Clothing,185.01,214,SUP071,2025-07-25
P01360,Proactive asynchronous concept,Home,1737.82,111,SUP050,2025-10-17
P01361,Centralized grid-enabled flexibility,Sports,1166.71,151,SUP017,2025-03-24
P01362,Synergized multi-state definition,Beauty,757.41,39,SUP087,2024-11-29
P01363,Innovative dedicated time-frame,Sports,1394.98,91,SUP055,2025-01-01
P01364,Customizable demand-driven firmware,Beauty,1994.22,130,SUP002,2025-01-17
P01365,Function-based logistical migration,Electronics,1072.85,98,SUP033,2025-09-06
P01366,Digitized solution-oriented standardization,Electronics,1945.67,305,SUP002,2025-10-10
P01367,Ergonomic 24hour attitude,Home,1698.86,242,SUP065,2025-05-09
P01368,Front-line systematic open system,Clothing,351.11,449,SUP078,2025-10-03
P01369,Reactive attitude-oriented parallelism,Electronics,456.95,278,SUP065,2026-03-25
P01370,Decentralized next generation function,Sports,1203.98,378,SUP077,2026-02-22
P01371,Organic non-volatile attitude,Home,1132.88,348,SUP022,2025-05-14
P01372,Sharable executive success,Electronics,1061.56,443,SUP047,2024-11-23
P01373,Profit-focused systematic pricing structure,Clothing,109.58,328,SUP053,2024-12-10
P01374,Versatile even-keeled approach,Beauty,1929.45,81,SUP074,2025-05-07
P01375,Assimilated object-oriented Graphical User Interface,Electronics,1715.37,163,SUP035,2024-08-28
P01376,Automated bi-directional contingency,Clothing,456.72,417,SUP100,2025-05-09
P01377,Public-key bottom-line middleware,Books,153.9,28,SUP026,2024-05-17
P01378,Reduced homogeneous encryption,Sports,715.17,61,SUP026,2025-08-12
P01379,Grass-roots tertiary archive,Clothing,1729.77,246,SUP081,2025-08-31
P01380,Seamless tangible matrices,Electronics,425.0,61,SUP045,2025-03-23
P01381,Down-sized content-based collaboration,Clothing,1509.8,150,SUP069,2025-09-29
P01382,Horizontal content-based initiative,Clothing,1666.48,380,SUP012,2025-06-21
P01383,Universal dedicated model,Home,530.34,133,SUP033,2025-02-27
P01384,Optional systemic middleware,Clothing,1166.42,202,SUP078,2024-07-21
P01385,Multi-layered 24/7 instruction set,Clothing,1647.21,445,SUP085,2025-02-03
P01386,Persevering tertiary customer loyalty,Clothing,1316.77,269,SUP011,2026-02-15
P01387,Managed radical matrices,Beauty,1160.08,409,SUP074,2025-10-14
P01388,Optimized fault-tolerant capability,Beauty,1092.19,271,SUP082,2024-05-11
P01389,Re-contextualized leadingedge budgetary management,Electronics,1681.76,95,SUP090,2025-04-22
P01390,Cross-group contextually-based utilization,Sports,362.51,280,SUP012,2025-02-23
P01391,Programmable 4thgeneration ability,Clothing,1939.14,232,SUP052,2024-06-16
P01392,Reverse-engineered multimedia open system,Clothing,1183.39,354,SUP100,2025-03-30
P01393,Reactive local parallelism,Books,1490.25,18,SUP029,2026-01-28
P01394,Persistent hybrid standardization,Electronics,574.14,417,SUP013,2025-04-05
P01395,Innovative heuristic encoding,Clothing,1320.74,380,SUP035,2025-06-01
P01396,Cloned stable info-mediaries,Home,503.4,245,SUP046,2025-09-20
P01397,Exclusive disintermediate matrices,Beauty,1222.79,215,SUP006,2025-07-08
P01398,Open-architected discrete capability,Clothing,1989.32,167,SUP061,2026-01-31
P01399,Organized leadingedge knowledge user,Electronics,1838.07,323,SUP051,2025-01-01
P01400,Open-architected optimizing capacity,Beauty,139.04,133,SUP053,2024-12-21
P01401,Focused neutral collaboration,Beauty,1283.34,38,SUP077,2024-10-21
P01402,Profit-focused systematic moderator,Clothing,803.4,422,SUP056,2024-09-21
P01403,User-friendly stable ability,Electronics,1879.34,458,SUP041,2025-04-12
P01404,Digitized holistic database,Home,800.05,65,SUP031,2025-09-10
P01405,Proactive grid-enabled info-mediaries,Beauty,1551.2,107,SUP015,2026-04-05
P01406,Cross-platform methodical workforce,Clothing,917.86,374,SUP013,2026-01-03
P01407,Right-sized incremental workforce,Sports,1099.26,439,SUP002,2026-01-30
P01408,Function-based dynamic orchestration,Electronics,1303.12,429,SUP083,2024-11-30
P01409,Total tangible matrices,Home,788.83,270,SUP033,2025-04-24
P01410,Optional disintermediate budgetary management,Home,304.07,15,SUP056,2024-06-16
P01411,Multi-lateral interactive monitoring,Home,1656.17,259,SUP043,2025-01-26
P01412,Digitized encompassing challenge,Books,1350.08,18,SUP042,2025-01-19
P01413,Multi-layered logistical neural-net,Home,1949.08,405,SUP091,2025-04-23
P01414,Switchable real-time success,Books,1064.27,462,SUP018,2025-01-14
P01415,Innovative system-worthy alliance,Clothing,72.75,265,SUP008,2025-07-10
P01416,De-engineered explicit projection,Sports,846.72,136,SUP044,2025-07-24
P01417,Upgradable web-enabled emulation,Clothing,267.18,413,SUP047,2025-10-07
P01418,Extended bifurcated access,Home,500.04,81,SUP079,2024-08-30
P01419,Automated full-range application,Books,734.31,44,SUP006,2026-05-04
P01420,Mandatory systemic alliance,Home,1677.42,63,SUP030,2025-10-27
P01421,Function-based context-sensitive hub,Books,269.99,295,SUP099,2026-01-20
P01422,Networked user-facing instruction set,Beauty,1696.22,410,SUP071,2024-12-24
P01423,Centralized background open architecture,Beauty,311.58,392,SUP034,2025-02-21
P01424,Cloned cohesive info-mediaries,Beauty,95.83,71,SUP080,2025-03-13
P01425,Diverse dedicated monitoring,Sports,1084.86,376,SUP099,2026-05-03
P01426,Distributed 4thgeneration hardware,Home,936.71,23,SUP014,2025-08-01
P01427,Operative didactic adapter,Clothing,31.84,103,SUP076,2024-09-13
P01428,Progressive zero tolerance functionalities,Books,1450.25,233,SUP007,2024-08-26
P01429,Persistent dedicated groupware,Beauty,1864.66,493,SUP047,2024-08-18
P01430,Expanded content-based forecast,Electronics,1635.29,198,SUP074,2025-10-24
P01431,Integrated intangible installation,Beauty,1307.94,333,SUP029,2025-07-10
P01432,Upgradable zero administration migration,Books,526.73,351,SUP051,2025-10-10
P01433,Grass-roots bottom-line firmware,Sports,1800.15,412,SUP002,2025-07-28
P01434,Cross-platform value-added strategy,Clothing,33.58,150,SUP077,2026-01-19
P01435,Customer-focused web-enabled moratorium,Sports,1474.87,13,SUP088,2026-04-21
P01436,Triple-buffered 4thgeneration pricing structure,Sports,1913.33,252,SUP096,2026-03-21
P01437,Secured reciprocal emulation,Beauty,1908.09,90,SUP065,2025-11-25
P01438,Programmable mission-critical Local Area Network,Electronics,133.84,251,SUP038,2024-10-08
P01439,Customizable actuating emulation,Sports,1153.34,427,SUP073,2025-11-01
P01440,Face-to-face maximized hub,Electronics,1931.51,383,SUP012,2025-01-05
P01441,Business-focused 5thgeneration capacity,Books,1813.47,438,SUP053,2025-06-08
P01442,Re-engineered 24/7 time-frame,Clothing,201.57,255,SUP001,2025-07-05
P01443,De-engineered systematic toolset,Clothing,1216.3,173,SUP008,2025-04-15
P01444,Reverse-engineered mobile definition,Beauty,1121.47,265,SUP051,2026-01-18
P01445,Re-engineered needs-based open architecture,Sports,1176.03,128,SUP040,2026-03-08
P01446,Organic explicit collaboration,Books,966.96,104,SUP001,2025-12-15
P01447,Function-based 24/7 hierarchy,Home,976.13,423,SUP025,2024-12-26
P01448,Distributed mission-critical Local Area Network,Electronics,1779.63,344,SUP001,2025-07-29
P01449,Up-sized dynamic protocol,Electronics,1174.82,445,SUP057,2025-05-07
P01450,Assimilated grid-enabled core,Books,1876.33,242,SUP022,2024-06-22
P01451,Expanded intermediate throughput,Clothing,808.0,243,SUP084,2024-05-27
P01452,Virtual 4thgeneration data-warehouse,Clothing,636.47,18,SUP085,2024-09-18
P01453,Organized background focus group,Home,346.69,62,SUP074,2024-09-27
P01454,Automated 6thgeneration contingency,Sports,1686.16,66,SUP009,2025-11-03
P01455,Ameliorated upward-trending functionalities,Sports,412.04,462,SUP100,2025-10-18
P01456,Versatile regional project,Sports,916.09,178,SUP078,2025-07-06
P01457,Face-to-face needs-based strategy,Clothing,545.66,159,SUP096,2025-03-05
P01458,Progressive responsive capability,Beauty,57.7,306,SUP021,2025-04-30
P01459,Devolved tertiary policy,Sports,1280.35,152,SUP038,2024-10-26
P01460,Open-source modular encryption,Clothing,520.62,474,SUP024,2025-07-02
P01461,Decentralized web-enabled system engine,Sports,1755.87,337,SUP010,2024-09-27
P01462,Diverse multi-tasking standardization,Clothing,473.85,214,SUP025,2025-03-08
P01463,Diverse 4thgeneration time-frame,Beauty,907.53,330,SUP064,2026-01-16
P01464,Reactive mission-critical leverage,Home,254.46,61,SUP080,2025-08-14
P01465,Optimized web-enabled service-desk,Home,902.86,431,SUP012,2025-08-31
P01466,Switchable zero administration support,Books,1954.05,75,SUP087,2025-09-18
P01467,Seamless hybrid database,Clothing,533.65,489,SUP019,2024-09-08
P01468,Enterprise-wide attitude-oriented info-mediaries,Electronics,1244.04,88,SUP015,2024-09-24
P01469,Cross-group exuding info-mediaries,Clothing,1679.96,248,SUP041,2025-01-15
P01470,Fully-configurable tertiary info-mediaries,Sports,928.97,488,SUP070,2024-05-25
P01471,Reduced contextually-based budgetary management,Beauty,1953.02,245,SUP043,2024-11-28
P01472,Right-sized stable workforce,Home,965.42,419,SUP003,2025-12-12
P01473,Down-sized attitude-oriented open system,Books,276.17,424,SUP018,2025-03-17
P01474,Innovative executive productivity,Beauty,1504.76,273,SUP091,2025-01-15
P01475,Face-to-face national matrix,Electronics,1627.12,108,SUP001,2024-11-25
P01476,Multi-channeled scalable throughput,Clothing,1404.67,52,SUP022,2025-10-03
P01477,Proactive coherent moratorium,Clothing,81.89,147,SUP058,2025-03-20
P01478,Ameliorated 6thgeneration open architecture,Clothing,1633.7,349,SUP088,2024-06-08
P01479,Cross-platform 3rdgeneration complexity,Electronics,660.54,7,SUP070,2024-12-03
P01480,Adaptive heuristic website,Electronics,1803.02,427,SUP038,2025-08-26
P01481,Persistent discrete budgetary management,Clothing,274.47,143,SUP042,2025-05-15
P01482,Upgradable stable infrastructure,Books,230.65,356,SUP047,2025-11-26
P01483,Intuitive 3rdgeneration protocol,Sports,1536.23,313,SUP002,2024-06-28
P01484,Enterprise-wide dynamic framework,Home,345.63,211,SUP027,2026-01-09
P01485,User-friendly coherent leverage,Sports,513.85,280,SUP006,2025-05-02
P01486,Secured composite core,Beauty,1016.38,254,SUP055,2025-03-29
P01487,Streamlined human-resource groupware,Home,1662.5,112,SUP043,2025-02-14
P01488,Adaptive composite capacity,Sports,1122.39,339,SUP035,2026-03-02
P01489,Seamless 24/7 utilization,Sports,370.65,217,SUP050,2026-04-15
P01490,Customer-focused regional attitude,Beauty,1170.25,234,SUP064,2025-02-06
P01491,Enterprise-wide multi-state forecast,Beauty,434.35,473,SUP077,2026-02-04
P01492,Total attitude-oriented knowledgebase,Electronics,316.52,283,SUP009,2024-11-25
P01493,Polarized web-enabled info-mediaries,Books,183.73,80,SUP074,2025-11-02
P01494,Future-proofed zero-defect software,Home,413.69,397,SUP084,2025-07-28
P01495,Adaptive regional budgetary management,Home,1526.67,109,SUP012,2025-08-18
P01496,Adaptive 3rdgeneration alliance,Sports,1109.5,137,SUP010,2025-11-13
P01497,Open-source discrete workforce,Electronics,217.71,456,SUP041,2025-07-21
P01498,Organic stable conglomeration,Clothing,1743.83,370,SUP061,2024-12-21
P01499,Virtual didactic focus group,Home,66.6,17,SUP093,2024-05-28
P01500,Centralized homogeneous initiative,Home,1482.82,182,SUP073,2024-07-06
P01501,Grass-roots multi-state algorithm,Sports,52.81,295,SUP086,2024-06-04
P01502,Diverse bi-directional installation,Electronics,76.95,66,SUP050,2024-07-11
P01503,De-engineered non-volatile solution,Electronics,209.21,415,SUP079,2025-03-25
P01504,Advanced user-facing challenge,Books,210.48,319,SUP082,2024-06-27
P01505,Enterprise-wide scalable Graphic Interface,Clothing,793.51,174,SUP048,2025-07-06
P01506,Cross-platform uniform artificial intelligence,Clothing,566.22,471,SUP095,2025-03-16
P01507,Phased grid-enabled hierarchy,Home,384.35,490,SUP058,2025-06-23
P01508,Self-enabling cohesive contingency,Beauty,339.01,456,SUP057,2025-09-26
P01509,Compatible asymmetric ability,Beauty,1256.51,373,SUP001,2024-08-22
P01510,Ergonomic even-keeled Graphical User Interface,Clothing,1044.33,260,SUP057,2025-08-22
P01511,Inverse grid-enabled encryption,Sports,1276.58,473,SUP093,2024-10-16
P01512,Focused national array,Books,1492.59,380,SUP074,2026-03-30
P01513,Upgradable contextually-based portal,Beauty,366.14,81,SUP024,2025-05-20
P01514,Down-sized dynamic framework,Home,1917.47,107,SUP031,2024-06-21
P01515,Advanced didactic standardization,Books,502.96,120,SUP077,2024-09-22
P01516,De-engineered 6thgeneration productivity,Clothing,1007.48,430,SUP090,2025-12-20
P01517,Digitized systematic synergy,Books,154.5,456,SUP027,2024-12-01
P01518,Ergonomic asynchronous model,Beauty,1058.9,292,SUP097,2024-08-19
P01519,Focused motivating instruction set,Books,1517.21,166,SUP082,2024-05-31
P01520,Face-to-face needs-based Internet solution,Electronics,102.43,309,SUP095,2025-04-11
P01521,Up-sized solution-oriented algorithm,Home,572.0,272,SUP064,2026-02-23
P01522,Virtual solution-oriented installation,Sports,877.93,42,SUP072,2026-04-09
P01523,Profit-focused demand-driven interface,Electronics,277.48,144,SUP065,2024-07-17
P01524,Profit-focused executive database,Sports,178.47,361,SUP071,2026-02-20
P01525,Customer-focused fresh-thinking structure,Home,344.31,297,SUP074,2025-08-14
P01526,Business-focused multi-tasking benchmark,Home,1021.46,31,SUP030,2025-09-16
P01527,Innovative 4thgeneration capacity,Clothing,502.73,138,SUP099,2024-06-21
P01528,Innovative optimal architecture,Beauty,812.37,31,SUP010,2025-02-01
P01529,Configurable needs-based workforce,Clothing,1681.64,222,SUP033,2024-09-15
P01530,Fundamental fault-tolerant middleware,Beauty,1243.65,287,SUP062,2025-03-25
P01531,Balanced incremental analyzer,Beauty,1027.75,456,SUP015,2026-01-13
P01532,Future-proofed mobile pricing structure,Home,879.86,294,SUP100,2026-01-26
P01533,Reverse-engineered upward-trending functionalities,Electronics,302.75,181,SUP044,2025-12-06
P01534,Integrated interactive throughput,Clothing,1730.79,102,SUP040,2026-01-25
P01535,Business-focused hybrid adapter,Books,922.94,218,SUP027,2025-04-01
P01536,Down-sized directional software,Books,329.17,432,SUP076,2025-08-04
P01537,Multi-tiered contextually-based data-warehouse,Sports,706.86,228,SUP004,2024-10-02
P01538,Automated human-resource service-desk,Beauty,450.41,217,SUP031,2024-12-23
P01539,Secured coherent product,Home,1890.38,249,SUP055,2025-12-30
P01540,Extended local pricing structure,Books,1813.32,53,SUP034,2025-12-12
P01541,Synergistic optimizing hardware,Books,1639.94,76,SUP070,2025-11-03
P01542,Organic 4thgeneration definition,Beauty,707.74,364,SUP064,2024-10-23
P01543,Universal multi-tasking moderator,Clothing,1613.55,366,SUP038,2026-04-04
P01544,Virtual analyzing pricing structure,Clothing,1926.98,201,SUP025,2025-10-17
P01545,Progressive systemic function,Books,300.71,82,SUP014,2024-07-22
P01546,Total dynamic utilization,Electronics,573.93,220,SUP008,2025-11-03
P01547,Re-engineered full-range capability,Sports,974.84,165,SUP040,2024-11-15
P01548,Cloned reciprocal open architecture,Home,1617.33,381,SUP018,2024-07-02
P01549,Managed high-level circuit,Sports,1908.32,434,SUP069,2025-10-14
P01550,Self-enabling static interface,Clothing,432.96,107,SUP087,2025-08-02
P01551,Multi-channeled zero administration artificial intelligence,Home,630.12,403,SUP032,2025-12-07
P01552,Diverse modular portal,Books,964.41,423,SUP071,2025-06-09
P01553,Digitized executive superstructure,Clothing,576.64,331,SUP084,2024-10-04
P01554,Re-engineered multimedia protocol,Home,932.88,172,SUP080,2024-07-04
P01555,Customer-focused hybrid matrices,Sports,1456.67,51,SUP006,2024-09-27
P01556,Quality-focused bottom-line open system,Books,899.03,176,SUP063,2025-03-31
P01557,Streamlined zero-defect info-mediaries,Home,1341.83,85,SUP070,2026-01-23
P01558,Persevering executive Graphic Interface,Electronics,697.51,304,SUP042,2024-08-29
P01559,Cross-platform 6thgeneration extranet,Books,924.27,306,SUP087,2024-08-20
P01560,User-centric national database,Clothing,1796.1,340,SUP002,2024-11-20
P01561,Realigned well-modulated capability,Books,1094.55,279,SUP013,2025-03-17
P01562,Adaptive uniform application,Home,136.07,244,SUP042,2026-04-29
P01563,Pre-emptive full-range productivity,Sports,1690.75,66,SUP013,2024-07-30
P01564,Advanced contextually-based toolset,Clothing,566.8,477,SUP040,2026-03-11
P01565,Universal fault-tolerant adapter,Sports,869.87,175,SUP072,2024-06-10
P01566,Secured regional firmware,Clothing,1261.05,388,SUP074,2024-12-15
P01567,Programmable full-range support,Home,1878.24,180,SUP016,2024-09-19
P01568,Public-key fresh-thinking database,Beauty,1804.39,121,SUP035,2026-03-24
P01569,Integrated fresh-thinking migration,Home,589.11,125,SUP067,2024-10-02
P01570,Team-oriented analyzing Graphical User Interface,Beauty,682.99,51,SUP067,2026-01-19
P01571,Up-sized systematic open system,Home,897.12,240,SUP012,2025-01-12
P01572,Balanced multi-tasking encryption,Home,603.42,334,SUP089,2025-09-16
P01573,Inverse maximized utilization,Electronics,790.67,63,SUP081,2026-05-02
P01574,Enterprise-wide 24hour hub,Sports,701.63,497,SUP049,2025-04-01
P01575,User-centric zero tolerance analyzer,Home,1494.51,45,SUP091,2024-09-27
P01576,Ergonomic well-modulated frame,Home,1006.3,222,SUP061,2025-08-31
P01577,Mandatory local utilization,Books,383.87,344,SUP017,2025-04-17
P01578,Switchable 4thgeneration database,Books,247.24,429,SUP057,2024-08-15
P01579,Up-sized intangible instruction set,Clothing,772.08,361,SUP025,2024-06-30
P01580,Up-sized national encryption,Books,986.81,145,SUP062,2024-08-30
P01581,Multi-tiered holistic methodology,Sports,192.3,30,SUP061,2025-11-25
P01582,Front-line national projection,Clothing,1310.76,89,SUP021,2024-07-05
P01583,Face-to-face full-range system engine,Sports,21.28,317,SUP088,2024-06-26
P01584,Focused zero-defect protocol,Books,436.77,241,SUP027,2025-06-19
P01585,Progressive directional secured line,Books,1423.51,145,SUP058,2025-04-24
P01586,Ergonomic mobile approach,Beauty,1655.19,15,SUP067,2025-02-20
P01587,Universal background complexity,Electronics,1389.96,323,SUP022,2024-05-04
P01588,Secured impactful circuit,Home,1592.06,471,SUP064,2026-02-05
P01589,Devolved multi-state system engine,Beauty,1581.46,83,SUP002,2025-02-08
P01590,Persistent human-resource attitude,Home,41.45,114,SUP042,2024-09-03
P01591,Secured even-keeled flexibility,Electronics,1974.81,59,SUP089,2025-11-29
P01592,Team-oriented dedicated Local Area Network,Books,820.29,246,SUP038,2025-02-09
P01593,Visionary systemic policy,Clothing,1965.19,481,SUP046,2024-09-23
P01594,Grass-roots needs-based function,Electronics,343.25,302,SUP067,2025-05-23
P01595,Enterprise-wide multimedia contingency,Electronics,262.88,8,SUP093,2024-08-29
P01596,Intuitive multi-state product,Beauty,1210.75,44,SUP073,2026-02-28
P01597,Organic user-facing portal,Sports,1721.1,486,SUP021,2025-08-19
P01598,Innovative discrete installation,Books,484.49,75,SUP099,2025-04-17
P01599,Sharable secondary capability,Sports,1430.37,91,SUP009,2026-01-24
P01600,Switchable tertiary structure,Home,29.23,221,SUP057,2025-04-05
P01601,Automated 5thgeneration productivity,Sports,293.35,498,SUP076,2026-04-26
P01602,Intuitive demand-driven middleware,Books,52.56,224,SUP021,2024-11-23
P01603,Diverse neutral protocol,Clothing,1081.17,70,SUP054,2024-07-26
P01604,Open-source multimedia function,Home,1957.42,474,SUP088,2025-08-19
P01605,Fully-configurable bandwidth-monitored Local Area Network,Clothing,867.05,494,SUP065,2025-01-30
P01606,Automated zero tolerance complexity,Sports,554.82,258,SUP076,2025-12-22
P01607,Total contextually-based emulation,Home,1685.27,45,SUP042,2025-06-27
P01608,Seamless mobile process improvement,Sports,1989.0,148,SUP020,2025-09-25
P01609,Diverse uniform adapter,Clothing,1672.54,204,SUP010,2025-08-10
P01610,Universal dedicated structure,Books,452.67,335,SUP062,2024-10-01
P01611,Decentralized executive adapter,Sports,1358.97,467,SUP012,2025-12-20
P01612,Business-focused global array,Clothing,1961.55,314,SUP074,2025-02-04
P01613,Profound secondary collaboration,Books,1573.89,152,SUP071,2024-07-18
P01614,Total systemic orchestration,Books,330.65,268,SUP070,2025-03-29
P01615,Object-based local utilization,Electronics,184.7,37,SUP038,2025-10-16
P01616,Profit-focused well-modulated moratorium,Beauty,1700.22,403,SUP092,2025-06-02
P01617,Adaptive motivating challenge,Sports,1521.59,46,SUP074,2026-03-08
P01618,Re-engineered system-worthy task-force,Home,48.14,192,SUP093,2025-08-21
P01619,Organic demand-driven service-desk,Electronics,805.73,452,SUP075,2024-05-22
P01620,Ergonomic stable contingency,Books,1959.14,441,SUP056,2025-06-01
P01621,Team-oriented human-resource database,Books,184.69,254,SUP052,2024-05-06
P01622,Reverse-engineered tangible pricing structure,Home,1909.12,440,SUP078,2024-11-14
P01623,Innovative content-based framework,Clothing,743.21,355,SUP033,2024-09-24
P01624,Cloned 5thgeneration strategy,Clothing,544.97,466,SUP070,2026-03-11
P01625,Organic actuating process improvement,Sports,95.95,322,SUP037,2024-06-21
P01626,Organized zero-defect infrastructure,Beauty,1014.23,232,SUP093,2024-08-29
P01627,Extended multi-state utilization,Home,1399.99,336,SUP003,2025-04-29
P01628,Fundamental 3rdgeneration contingency,Home,1793.9,416,SUP017,2025-08-26
P01629,Synchronized web-enabled forecast,Beauty,838.57,30,SUP029,2026-02-17
P01630,Seamless cohesive data-warehouse,Books,1481.62,395,SUP008,2025-06-15
P01631,Fundamental global process improvement,Books,306.93,493,SUP049,2024-06-24
P01632,Total multi-tasking Graphical User Interface,Sports,1122.43,500,SUP031,2025-03-24
P01633,Down-sized multi-tasking approach,Beauty,105.89,308,SUP047,2025-03-15
P01634,Fundamental user-facing standardization,Beauty,1714.25,125,SUP033,2024-11-16
P01635,Persevering system-worthy moderator,Books,444.56,104,SUP072,2024-07-11
P01636,Pre-emptive discrete parallelism,Clothing,231.06,384,SUP012,2025-05-12
P01637,Multi-layered fresh-thinking solution,Beauty,212.01,350,SUP029,2024-08-20
P01638,Profit-focused analyzing Local Area Network,Clothing,1441.96,394,SUP098,2024-10-25
P01639,Object-based encompassing success,Electronics,196.45,437,SUP047,2025-07-04
P01640,Networked bifurcated adapter,Clothing,423.81,237,SUP005,2026-03-05
P01641,Secured content-based archive,Books,1532.49,24,SUP079,2026-01-29
P01642,Operative secondary encoding,Sports,341.15,108,SUP062,2025-09-17
P01643,Right-sized foreground Internet solution,Electronics,1414.7,34,SUP080,2025-11-03
P01644,Implemented mission-critical circuit,Books,1060.44,53,SUP073,2025-06-10
P01645,Digitized disintermediate task-force,Home,818.28,206,SUP098,2025-03-06
P01646,Fundamental 6thgeneration hierarchy,Sports,1865.07,357,SUP024,2024-05-04
P01647,Organic well-modulated conglomeration,Clothing,1888.68,268,SUP036,2024-05-07
P01648,Cross-group interactive hardware,Beauty,80.85,47,SUP035,2025-09-15
P01649,Fundamental intermediate infrastructure,Electronics,1766.5,287,SUP012,2024-06-21
P01650,Streamlined impactful open system,Home,960.47,63,SUP046,2024-10-01
P01651,Distributed contextually-based migration,Books,1614.75,179,SUP038,2025-04-22
P01652,Universal neutral installation,Electronics,496.79,376,SUP095,2024-08-18
P01653,Virtual interactive emulation,Home,876.61,271,SUP028,2025-02-27
P01654,Business-focused multi-state pricing structure,Clothing,1067.62,185,SUP075,2026-03-10
P01655,Face-to-face even-keeled pricing structure,Electronics,44.01,244,SUP031,2025-09-12
P01656,Extended high-level neural-net,Books,1709.5,283,SUP096,2025-05-06
P01657,Digitized incremental encryption,Electronics,1936.39,444,SUP044,2025-03-05
P01658,Ameliorated local complexity,Beauty,1734.94,419,SUP039,2025-02-22
P01659,Multi-layered holistic service-desk,Sports,581.47,319,SUP031,2025-12-24
P01660,Organized asymmetric function,Home,639.93,420,SUP092,2025-05-29
P01661,Multi-layered homogeneous collaboration,Sports,1504.93,358,SUP021,2025-07-13
P01662,Secured solution-oriented Graphical User Interface,Clothing,219.04,16,SUP010,2025-03-28
P01663,Cross-platform client-driven Graphical User Interface,Sports,1484.87,375,SUP076,2024-06-14
P01664,Monitored object-oriented workforce,Home,1801.41,185,SUP068,2024-06-09
P01665,Profit-focused global function,Home,1392.6,282,SUP074,2025-07-21
P01666,Multi-tiered interactive challenge,Clothing,163.55,46,SUP074,2025-02-07
P01667,Versatile leadingedge parallelism,Electronics,278.11,151,SUP065,2024-11-26
P01668,Integrated intermediate instruction set,Electronics,277.6,342,SUP060,2024-08-04
P01669,Quality-focused attitude-oriented Local Area Network,Books,183.04,19,SUP002,2025-05-04
P01670,Public-key real-time capacity,Beauty,182.15,73,SUP082,2025-08-16
P01671,Multi-layered cohesive solution,Home,1592.37,452,SUP008,2024-09-24
P01672,Balanced scalable customer loyalty,Electronics,156.04,98,SUP073,2025-10-17
P01673,Seamless scalable complexity,Beauty,1396.74,57,SUP019,2025-07-20
P01674,Progressive contextually-based Internet solution,Home,1274.23,34,SUP010,2025-04-29
P01675,Right-sized attitude-oriented approach,Clothing,441.75,350,SUP009,2025-05-25
P01676,Configurable national extranet,Books,680.05,342,SUP059,2025-02-13
P01677,Pre-emptive non-volatile array,Home,1018.15,164,SUP007,2025-03-24
P01678,Innovative web-enabled structure,Beauty,377.79,271,SUP046,2024-12-23
P01679,Upgradable multimedia structure,Electronics,1734.19,20,SUP046,2025-11-22
P01680,Managed tangible forecast,Beauty,173.37,477,SUP011,2024-07-16
P01681,Distributed logistical middleware,Home,1777.19,48,SUP002,2025-03-30
P01682,Right-sized demand-driven system engine,Books,871.34,14,SUP022,2025-01-04
P01683,Stand-alone dedicated emulation,Clothing,339.22,48,SUP091,2025-03-11
P01684,Multi-channeled 24/7 throughput,Books,148.68,24,SUP062,2024-08-27
P01685,Profound uniform encoding,Books,1904.18,422,SUP042,2025-05-10
P01686,Ameliorated intermediate system engine,Beauty,1043.78,265,SUP025,2026-03-11
P01687,User-friendly coherent Local Area Network,Sports,933.36,130,SUP024,2026-04-17
P01688,Profit-focused analyzing system engine,Sports,102.32,420,SUP075,2024-05-30
P01689,Decentralized impactful success,Sports,840.89,2,SUP050,2025-04-23
P01690,Enterprise-wide 24hour open architecture,Home,1212.99,155,SUP062,2025-02-26
P01691,Inverse tertiary leverage,Beauty,75.77,494,SUP046,2024-10-21
P01692,Centralized foreground encoding,Books,1211.01,266,SUP090,2025-05-09
P01693,Extended even-keeled standardization,Books,1856.3,273,SUP051,2026-01-27
P01694,Persevering bifurcated approach,Sports,1148.75,410,SUP037,2026-02-26
P01695,Switchable zero-defect hub,Books,1227.37,306,SUP085,2025-12-13
P01696,Persevering multi-tasking website,Sports,1674.25,131,SUP031,2025-07-12
P01697,Open-source asymmetric alliance,Electronics,233.32,190,SUP084,2025-06-10
P01698,Synchronized foreground artificial intelligence,Home,1967.77,445,SUP077,2024-06-17
P01699,Balanced client-server analyzer,Sports,1259.24,351,SUP089,2025-11-25
P01700,Extended well-modulated moratorium,Books,761.37,225,SUP031,2026-03-27
P01701,Cloned real-time secured line,Electronics,822.91,49,SUP090,2026-04-08
P01702,Future-proofed dedicated service-desk,Sports,1106.87,239,SUP004,2024-11-14
P01703,Fundamental zero-defect protocol,Clothing,1352.53,375,SUP027,2025-01-23
P01704,Cross-group homogeneous encryption,Books,536.75,75,SUP048,2024-10-03
P01705,Profound methodical parallelism,Electronics,410.7,288,SUP052,2024-10-15
P01706,Progressive reciprocal leverage,Clothing,339.84,453,SUP060,2025-10-29
P01707,Horizontal stable methodology,Beauty,588.24,172,SUP077,2025-06-20
P01708,Ergonomic didactic collaboration,Beauty,469.85,94,SUP066,2024-07-01
P01709,Function-based scalable circuit,Books,1888.2,97,SUP001,2025-04-17
P01710,Multi-layered intangible workforce,Sports,152.84,360,SUP024,2024-07-11
P01711,Multi-tiered bottom-line productivity,Sports,603.41,111,SUP018,2024-08-22
P01712,Grass-roots exuding hardware,Beauty,386.54,169,SUP045,2025-02-26
P01713,Team-oriented dedicated firmware,Clothing,1409.95,159,SUP044,2024-06-17
P01714,Proactive coherent model,Books,1280.19,234,SUP098,2025-07-10
P01715,Enhanced motivating flexibility,Beauty,1970.67,234,SUP039,2025-11-26
P01716,User-centric solution-oriented hardware,Clothing,781.69,108,SUP053,2024-11-13
P01717,Down-sized encompassing open system,Sports,1177.82,157,SUP049,2024-08-10
P01718,Enterprise-wide methodical application,Sports,168.02,23,SUP003,2026-01-21
P01719,Open-source logistical portal,Beauty,340.87,66,SUP040,2025-09-21
P01720,Advanced multi-tasking migration,Home,1279.3,66,SUP069,2024-07-24
P01721,Multi-layered stable database,Books,1380.06,351,SUP089,2025-08-17
P01722,Managed radical structure,Sports,535.61,168,SUP047,2025-01-29
P01723,Function-based encompassing algorithm,Sports,1958.8,354,SUP003,2025-04-18
P01724,Face-to-face client-driven framework,Home,620.39,32,SUP098,2025-11-20
P01725,Versatile neutral capability,Electronics,1238.61,80,SUP045,2025-05-03
P01726,Programmable 24hour flexibility,Books,1623.0,499,SUP039,2025-11-25
P01727,Secured multi-tasking conglomeration,Electronics,1951.66,481,SUP069,2024-07-01
P01728,Adaptive value-added protocol,Beauty,1214.24,144,SUP007,2024-12-10
P01729,Distributed executive adapter,Clothing,916.1,326,SUP066,2025-04-28
P01730,Ameliorated encompassing algorithm,Home,356.06,432,SUP091,2025-08-11
P01731,Multi-channeled bifurcated project,Books,381.18,299,SUP088,2024-05-12
P01732,Customizable responsive software,Electronics,1662.81,188,SUP015,2026-03-29
P01733,Streamlined zero tolerance product,Home,1853.92,410,SUP033,2026-02-19
P01734,Triple-buffered grid-enabled frame,Home,139.5,6,SUP051,2025-05-10
P01735,Exclusive zero-defect portal,Books,1349.32,41,SUP044,2025-02-25
P01736,Cross-platform real-time methodology,Electronics,1212.66,476,SUP087,2025-03-31
P01737,Operative mission-critical system engine,Clothing,1910.53,196,SUP095,2024-05-31
P01738,Optimized bi-directional core,Books,649.49,454,SUP052,2025-07-13
P01739,Right-sized 24hour strategy,Beauty,384.86,122,SUP040,2026-01-09
P01740,Persistent zero administration throughput,Beauty,364.78,363,SUP066,2025-08-30
P01741,Face-to-face transitional emulation,Home,1381.99,375,SUP050,2025-12-12
P01742,Public-key multimedia service-desk,Books,893.76,312,SUP009,2024-07-27
P01743,Function-based system-worthy Internet solution,Beauty,632.99,257,SUP041,2025-02-28
P01744,Streamlined incremental encryption,Clothing,1661.21,486,SUP069,2024-12-20
P01745,Grass-roots well-modulated workforce,Books,317.01,258,SUP042,2024-06-25
P01746,Networked 3rdgeneration conglomeration,Electronics,157.63,428,SUP052,2025-06-05
P01747,Fundamental tertiary artificial intelligence,Books,1803.21,395,SUP048,2024-11-06
P01748,Extended optimal process improvement,Clothing,260.86,0,SUP038,2025-04-03
P01749,Fundamental foreground process improvement,Books,964.49,107,SUP050,2025-01-01
P01750,Cross-group needs-based complexity,Beauty,664.81,2,SUP083,2025-07-16
P01751,Synergized zero administration function,Beauty,55.62,416,SUP069,2025-11-24
P01752,Horizontal national open system,Electronics,1113.21,25,SUP097,2025-08-07
P01753,Pre-emptive clear-thinking firmware,Home,867.67,145,SUP034,2025-08-31
P01754,Focused didactic forecast,Books,32.07,320,SUP092,2024-08-16
P01755,Self-enabling bottom-line initiative,Home,601.46,407,SUP048,2025-12-31
P01756,Networked asymmetric challenge,Books,389.8,267,SUP015,2026-04-20
P01757,Phased next generation encryption,Clothing,1177.77,153,SUP033,2025-09-13
P01758,Grass-roots logistical data-warehouse,Electronics,507.56,491,SUP006,2025-12-10
P01759,Business-focused secondary artificial intelligence,Sports,1546.03,427,SUP085,2025-03-16
P01760,Networked bandwidth-monitored emulation,Electronics,45.75,108,SUP032,2025-12-02
P01761,Total bi-directional infrastructure,Clothing,1566.55,399,SUP087,2025-01-17
P01762,Balanced heuristic knowledge user,Home,1669.58,457,SUP023,2025-05-20
P01763,Optional explicit synergy,Sports,401.22,401,SUP058,2024-07-09
P01764,Monitored methodical support,Books,1608.53,252,SUP004,2026-03-23
P01765,Vision-oriented 24/7 leverage,Clothing,1489.86,107,SUP028,2025-09-17
P01766,User-friendly optimal groupware,Sports,1180.36,390,SUP036,2024-10-19
P01767,Ergonomic human-resource archive,Sports,638.91,154,SUP024,2024-07-07
P01768,Pre-emptive maximized matrices,Beauty,631.67,67,SUP086,2024-11-27
P01769,Grass-roots asynchronous circuit,Electronics,1610.15,102,SUP042,2025-06-28
P01770,Adaptive holistic challenge,Books,51.46,227,SUP090,2025-11-06
P01771,Extended impactful architecture,Electronics,860.67,442,SUP087,2025-09-26
P01772,Mandatory human-resource system engine,Clothing,469.17,105,SUP034,2024-05-19
P01773,Optimized 6thgeneration policy,Clothing,1962.62,249,SUP087,2025-01-26
P01774,Front-line mobile functionalities,Beauty,751.88,95,SUP043,2025-05-19
P01775,Operative client-driven open system,Sports,1160.83,207,SUP022,2024-09-12
P01776,Focused optimizing application,Clothing,1710.15,177,SUP016,2025-03-02
P01777,Pre-emptive leadingedge open architecture,Home,755.25,433,SUP038,2025-03-17
P01778,Extended secondary archive,Beauty,778.25,402,SUP078,2025-01-30
P01779,Virtual bandwidth-monitored product,Clothing,1833.01,147,SUP040,2024-11-17
P01780,Upgradable real-time monitoring,Sports,911.26,393,SUP011,2025-12-11
P01781,Multi-lateral scalable superstructure,Sports,1416.61,455,SUP032,2025-07-01
P01782,Future-proofed empowering extranet,Electronics,1992.97,154,SUP035,2025-10-03
P01783,Automated systematic help-desk,Beauty,606.82,267,SUP030,2024-10-10
P01784,Profit-focused uniform database,Electronics,1244.71,285,SUP042,2025-09-17
P01785,Fully-configurable background Graphic Interface,Beauty,352.18,101,SUP026,2025-05-06
P01786,Progressive heuristic challenge,Home,615.6,99,SUP046,2026-01-25
P01787,Robust empowering complexity,Books,486.35,394,SUP009,2025-08-12
P01788,Seamless cohesive conglomeration,Books,14.35,269,SUP013,2024-07-24
P01789,Ameliorated incremental initiative,Books,1061.36,142,SUP061,2025-05-03
P01790,Intuitive client-server open architecture,Electronics,1371.24,143,SUP073,2024-07-07
P01791,Reverse-engineered empowering attitude,Beauty,973.99,157,SUP043,2024-05-31
P01792,Persevering optimal approach,Clothing,907.48,474,SUP100,2024-12-01
P01793,Organized mission-critical emulation,Clothing,955.17,411,SUP081,2024-07-14
P01794,Switchable didactic database,Clothing,797.66,301,SUP087,2024-09-16
P01795,Realigned holistic capability,Home,1101.47,152,SUP100,2024-08-01
P01796,Upgradable disintermediate projection,Electronics,1600.84,484,SUP089,2026-03-15
P01797,Total discrete matrices,Clothing,1982.13,492,SUP033,2026-02-02
P01798,Cross-platform foreground architecture,Sports,907.4,322,SUP032,2025-03-07
P01799,Front-line 24hour hierarchy,Home,1080.84,398,SUP013,2025-09-21
P01800,Open-architected static definition,Books,1266.81,416,SUP067,2025-06-21
P01801,Profound attitude-oriented software,Books,427.33,259,SUP058,2026-02-28
P01802,Multi-channeled client-server moratorium,Home,840.59,203,SUP047,2024-05-14
P01803,Profit-focused demand-driven complexity,Electronics,1865.9,58,SUP064,2024-06-29
P01804,Grass-roots well-modulated service-desk,Clothing,1152.02,104,SUP044,2024-10-14
P01805,Progressive needs-based hierarchy,Electronics,291.9,273,SUP034,2025-01-02
P01806,Diverse scalable workforce,Sports,1852.57,430,SUP019,2024-05-21
P01807,Self-enabling motivating initiative,Clothing,611.54,361,SUP072,2026-03-02
P01808,Decentralized contextually-based system engine,Sports,1071.34,362,SUP005,2025-05-01
P01809,Re-engineered empowering focus group,Books,821.99,4,SUP074,2025-04-05
P01810,Universal dynamic budgetary management,Beauty,696.3,490,SUP004,2024-10-03
P01811,Balanced methodical system engine,Home,1100.85,103,SUP055,2026-03-20
P01812,Optional bottom-line application,Sports,1267.18,11,SUP018,2025-12-04
P01813,Phased holistic utilization,Beauty,1260.93,143,SUP087,2025-04-26
P01814,Fundamental bi-directional monitoring,Home,1385.49,26,SUP042,2025-12-23
P01815,Realigned responsive adapter,Sports,1287.74,371,SUP038,2024-07-12
P01816,Total multi-state portal,Clothing,58.06,373,SUP060,2024-06-14
P01817,Business-focused human-resource solution,Beauty,451.26,321,SUP076,2024-12-05
P01818,Reverse-engineered hybrid productivity,Books,1030.07,258,SUP046,2025-09-06
P01819,Universal secondary contingency,Books,223.0,329,SUP019,2024-06-24
P01820,Public-key mission-critical groupware,Sports,414.21,296,SUP080,2025-10-16
P01821,De-engineered asynchronous attitude,Beauty,1025.1,37,SUP043,2025-03-28
P01822,Down-sized zero tolerance strategy,Books,1630.88,404,SUP097,2025-02-03
P01823,Monitored holistic secured line,Home,1304.02,400,SUP026,2025-01-15
P01824,Function-based context-sensitive groupware,Electronics,1152.08,138,SUP093,2024-09-07
P01825,Open-source encompassing help-desk,Books,685.14,76,SUP020,2025-09-04
P01826,Decentralized optimizing core,Home,362.61,212,SUP092,2025-07-26
P01827,Grass-roots systemic knowledgebase,Clothing,543.89,154,SUP044,2025-05-07
P01828,Progressive context-sensitive moderator,Sports,614.43,261,SUP012,2025-08-26
P01829,Open-architected attitude-oriented interface,Clothing,1268.83,477,SUP049,2024-07-18
P01830,Persistent high-level focus group,Sports,697.51,302,SUP056,2024-09-28
P01831,Re-engineered 24hour access,Books,79.52,47,SUP042,2025-03-31
P01832,Multi-tiered optimizing neural-net,Books,1394.67,208,SUP075,2025-07-18
P01833,Vision-oriented intermediate frame,Sports,1683.86,77,SUP014,2024-12-27
P01834,Phased system-worthy encoding,Clothing,836.48,81,SUP096,2024-05-14
P01835,Persistent multimedia initiative,Clothing,927.15,181,SUP023,2024-07-08
P01836,Operative responsive functionalities,Electronics,944.39,446,SUP032,2025-11-20
P01837,Organic needs-based database,Clothing,1268.84,345,SUP060,2025-07-23
P01838,Customizable logistical installation,Home,995.47,399,SUP046,2026-03-18
P01839,Advanced logistical paradigm,Electronics,240.07,20,SUP070,2026-02-05
P01840,Assimilated regional hub,Beauty,874.17,83,SUP044,2024-10-04
P01841,Implemented national strategy,Electronics,744.67,354,SUP047,2025-07-04
P01842,Adaptive discrete access,Home,1770.78,246,SUP043,2024-06-23
P01843,Switchable multi-tasking data-warehouse,Clothing,1360.08,440,SUP067,2025-06-13
P01844,Networked user-facing knowledge user,Clothing,1488.51,32,SUP071,2026-01-11
P01845,Decentralized attitude-oriented flexibility,Clothing,679.6,229,SUP047,2025-08-01
P01846,Persevering 5thgeneration Graphical User Interface,Home,1120.14,430,SUP062,2025-06-14
P01847,Progressive national circuit,Electronics,299.52,483,SUP025,2024-05-20
P01848,Programmable regional firmware,Electronics,1609.75,156,SUP002,2025-01-19
P01849,Versatile neutral open system,Beauty,55.05,431,SUP038,2024-12-26
P01850,Seamless client-server attitude,Clothing,1598.48,135,SUP028,2026-03-12
P01851,Organized 24hour algorithm,Beauty,1000.75,62,SUP030,2025-05-10
P01852,Proactive local model,Home,1518.49,477,SUP078,2025-01-28
P01853,Digitized tertiary product,Books,1336.98,427,SUP041,2024-10-30
P01854,Monitored user-facing toolset,Sports,1890.6,124,SUP083,2026-02-03
P01855,Cross-group static customer loyalty,Home,1800.83,216,SUP036,2026-03-07
P01856,Public-key tertiary matrices,Beauty,531.84,133,SUP005,2026-04-08
P01857,Multi-tiered empowering adapter,Books,971.4,452,SUP009,2025-02-11
P01858,Exclusive fresh-thinking time-frame,Beauty,328.98,115,SUP031,2026-02-23
P01859,Quality-focused 3rdgeneration policy,Books,528.86,83,SUP019,2025-06-05
P01860,Enhanced didactic neural-net,Sports,149.39,197,SUP062,2025-06-04
P01861,User-friendly needs-based matrix,Sports,437.67,307,SUP078,2025-10-04
P01862,Proactive multimedia functionalities,Home,82.11,164,SUP091,2025-12-25
P01863,Mandatory uniform moratorium,Clothing,1201.33,181,SUP009,2025-03-07
P01864,Universal high-level system engine,Beauty,829.83,493,SUP091,2025-10-02
P01865,Organic secondary access,Books,473.01,452,SUP097,2026-03-22
P01866,Synchronized maximized definition,Beauty,929.38,126,SUP005,2024-11-05
P01867,Diverse non-volatile Local Area Network,Home,1616.89,302,SUP025,2024-09-17
P01868,Cloned zero administration archive,Sports,200.63,24,SUP066,2025-06-29
P01869,Switchable static moratorium,Books,1825.65,392,SUP092,2026-04-30
P01870,Innovative foreground alliance,Beauty,1279.66,23,SUP088,2024-12-11
P01871,Persistent object-oriented customer loyalty,Electronics,979.29,130,SUP020,2024-07-30
P01872,Sharable contextually-based challenge,Books,83.15,440,SUP084,2026-02-06
P01873,Multi-layered explicit projection,Beauty,1636.16,39,SUP011,2025-01-14
P01874,Cross-group maximized database,Clothing,291.51,407,SUP008,2025-07-07
P01875,Horizontal multimedia contingency,Electronics,214.09,244,SUP095,2026-02-02
P01876,Public-key web-enabled policy,Electronics,862.08,162,SUP027,2024-07-06
P01877,Switchable encompassing open system,Electronics,679.58,294,SUP018,2026-04-29
P01878,Networked optimizing capability,Electronics,351.02,240,SUP042,2025-04-30
P01879,Compatible client-server Local Area Network,Home,683.98,193,SUP028,2024-09-19
P01880,Quality-focused holistic core,Home,786.84,62,SUP007,2025-04-17
P01881,Organized homogeneous capacity,Electronics,407.97,476,SUP007,2026-03-05
P01882,Face-to-face high-level middleware,Electronics,272.38,346,SUP029,2025-09-24
P01883,Progressive attitude-oriented productivity,Sports,636.62,445,SUP059,2025-02-02
P01884,Automated tangible utilization,Beauty,826.28,87,SUP033,2026-03-26
P01885,Exclusive client-driven orchestration,Electronics,12.73,299,SUP042,2024-06-14
P01886,Optional leadingedge encoding,Books,1541.41,436,SUP068,2025-06-18
P01887,Vision-oriented bottom-line installation,Home,1678.78,362,SUP059,2024-06-10
P01888,Self-enabling static analyzer,Books,1826.92,283,SUP086,2025-07-29
P01889,Horizontal logistical definition,Home,1868.02,5,SUP019,2025-09-18
P01890,Digitized neutral middleware,Beauty,453.64,161,SUP065,2025-06-01
P01891,User-centric empowering instruction set,Clothing,1922.87,268,SUP099,2024-08-22
P01892,Switchable encompassing hierarchy,Home,368.94,197,SUP088,2025-10-22
P01893,Grass-roots 3rdgeneration definition,Clothing,1850.19,40,SUP061,2025-06-01
P01894,Object-based high-level knowledgebase,Clothing,858.73,61,SUP054,2026-04-26
P01895,Self-enabling upward-trending task-force,Electronics,996.94,497,SUP038,2025-03-01
P01896,Open-architected multi-state attitude,Sports,382.75,386,SUP054,2025-01-14
P01897,Visionary even-keeled implementation,Home,1399.23,407,SUP073,2025-01-05
P01898,Automated impactful Graphical User Interface,Clothing,542.48,174,SUP031,2025-01-30
P01899,Profit-focused bottom-line analyzer,Beauty,1188.43,212,SUP059,2026-01-06
P01900,Synergistic static toolset,Electronics,137.18,437,SUP060,2026-01-14
P01901,Mandatory clear-thinking extranet,Books,1615.05,346,SUP040,2025-07-02
P01902,Front-line intermediate focus group,Sports,1564.27,162,SUP030,2026-04-14
P01903,Polarized reciprocal Local Area Network,Beauty,851.9,137,SUP099,2025-04-01
P01904,Polarized leadingedge toolset,Sports,372.66,323,SUP059,2025-06-20
P01905,Enhanced asynchronous middleware,Clothing,1831.65,490,SUP009,2024-05-12
P01906,Exclusive attitude-oriented moderator,Home,1677.32,64,SUP028,2026-05-04
P01907,Team-oriented value-added solution,Books,1841.4,443,SUP040,2024-07-31
P01908,Future-proofed tangible architecture,Beauty,1851.83,45,SUP091,2024-12-22
P01909,Secured actuating focus group,Clothing,1810.44,195,SUP029,2025-11-18
P01910,Business-focused scalable knowledgebase,Books,47.07,310,SUP090,2025-02-15
P01911,Expanded content-based website,Beauty,1659.63,489,SUP036,2024-12-02
P01912,Quality-focused global Internet solution,Clothing,1938.07,384,SUP079,2025-04-06
P01913,Operative dedicated archive,Books,739.65,45,SUP060,2025-08-29
P01914,Compatible optimal conglomeration,Clothing,982.44,330,SUP051,2024-05-17
P01915,Proactive motivating Graphical User Interface,Electronics,1088.4,44,SUP026,2024-09-07
P01916,Self-enabling scalable algorithm,Books,1441.67,367,SUP053,2026-04-04
P01917,Innovative bottom-line service-desk,Home,793.21,141,SUP085,2025-09-05
P01918,Ameliorated exuding product,Electronics,1756.61,357,SUP038,2024-07-23
P01919,Proactive zero administration contingency,Sports,1382.2,248,SUP082,2025-05-01
P01920,Right-sized secondary emulation,Books,170.87,158,SUP051,2026-05-01
P01921,Proactive holistic Graphical User Interface,Books,201.55,86,SUP057,2025-06-15
P01922,Universal didactic support,Books,87.74,471,SUP029,2024-10-27
P01923,Reverse-engineered mobile orchestration,Sports,77.28,228,SUP040,2025-07-12
P01924,Assimilated client-server leverage,Beauty,1242.93,322,SUP066,2025-01-13
P01925,Business-focused national frame,Clothing,1831.64,359,SUP004,2025-07-19
P01926,Sharable systematic knowledge user,Home,1120.63,47,SUP039,2025-10-13
P01927,Streamlined multimedia concept,Books,1281.36,25,SUP068,2025-12-02
P01928,Organized impactful artificial intelligence,Books,1229.58,27,SUP047,2025-07-10
P01929,Multi-lateral coherent firmware,Sports,1912.4,54,SUP034,2025-04-09
P01930,Balanced zero tolerance definition,Sports,1244.9,436,SUP054,2026-04-17
P01931,Multi-tiered asynchronous analyzer,Beauty,756.19,356,SUP034,2024-11-10
P01932,Open-architected homogeneous data-warehouse,Beauty,1319.08,174,SUP076,2024-05-26
P01933,Centralized bifurcated matrices,Home,1220.87,168,SUP020,2026-04-03
P01934,Enhanced eco-centric knowledgebase,Electronics,1627.25,38,SUP041,2025-01-01
P01935,Virtual tangible complexity,Books,1498.1,344,SUP016,2024-09-24
P01936,Cross-platform 6thgeneration Graphical User Interface,Home,1395.74,260,SUP076,2025-03-15
P01937,Assimilated mission-critical pricing structure,Sports,919.33,144,SUP016,2024-10-15
P01938,Robust fresh-thinking pricing structure,Home,1216.11,209,SUP016,2026-01-28
P01939,Multi-layered fault-tolerant intranet,Sports,520.86,265,SUP061,2024-07-05
P01940,De-engineered exuding framework,Beauty,630.89,327,SUP031,2024-09-14
P01941,Enhanced demand-driven software,Sports,1957.31,491,SUP026,2024-12-31
P01942,Horizontal impactful monitoring,Home,1851.71,479,SUP059,2024-07-14
P01943,Mandatory uniform intranet,Books,1455.06,161,SUP045,2026-02-20
P01944,Multi-channeled neutral pricing structure,Clothing,809.18,338,SUP013,2024-08-02
P01945,Grass-roots client-driven implementation,Clothing,189.69,128,SUP066,2024-12-14
P01946,Expanded mobile policy,Beauty,1257.47,367,SUP007,2024-12-08
P01947,Focused fresh-thinking open architecture,Electronics,1280.93,375,SUP001,2025-03-21
P01948,Business-focused intermediate archive,Books,314.65,288,SUP043,2024-12-10
P01949,Reactive methodical portal,Beauty,1855.6,326,SUP037,2026-04-23
P01950,Front-line motivating emulation,Books,1931.66,182,SUP058,2024-06-26
P01951,Decentralized intangible installation,Sports,1120.8,17,SUP028,2024-08-01
P01952,Ameliorated uniform orchestration,Books,904.1,55,SUP053,2024-11-27
P01953,Proactive reciprocal groupware,Books,1856.2,234,SUP087,2025-05-15
P01954,Robust methodical emulation,Beauty,205.67,262,SUP098,2025-09-23
P01955,Team-oriented even-keeled ability,Beauty,1054.59,10,SUP029,2024-05-20
P01956,Customer-focused local extranet,Books,315.8,96,SUP041,2026-03-06
P01957,Automated systemic adapter,Books,1009.37,389,SUP024,2024-08-28
P01958,Seamless asymmetric framework,Clothing,870.31,31,SUP074,2026-04-24
P01959,Progressive bifurcated productivity,Books,764.89,113,SUP082,2025-07-02
P01960,Optional leadingedge analyzer,Electronics,653.05,241,SUP077,2025-10-25
P01961,Organized discrete data-warehouse,Sports,1437.27,172,SUP084,2026-02-14
P01962,Virtual intermediate open system,Sports,424.16,334,SUP022,2024-11-07
P01963,Profound non-volatile Graphic Interface,Home,1840.41,73,SUP010,2025-01-29
P01964,Front-line 4thgeneration infrastructure,Electronics,1916.86,400,SUP050,2026-02-08
P01965,Robust scalable archive,Books,980.12,10,SUP070,2024-09-25
P01966,Programmable methodical conglomeration,Home,489.34,313,SUP013,2024-11-15
P01967,User-centric background website,Home,1042.39,51,SUP079,2024-07-12
P01968,Triple-buffered zero administration model,Books,811.5,205,SUP078,2026-04-09
P01969,Innovative empowering architecture,Clothing,1244.21,6,SUP046,2025-05-08
P01970,Profound bifurcated process improvement,Beauty,1226.67,351,SUP050,2025-11-29
P01971,Advanced non-volatile portal,Home,1733.01,18,SUP040,2026-04-30
P01972,Expanded mission-critical hub,Clothing,1222.0,160,SUP019,2024-07-03
P01973,Automated bottom-line installation,Home,292.74,24,SUP006,2024-06-11
P01974,User-friendly web-enabled Graphic Interface,Home,311.71,155,SUP014,2026-04-05
P01975,Synchronized client-driven core,Beauty,778.19,184,SUP020,2024-11-16
P01976,Horizontal asymmetric conglomeration,Sports,757.89,470,SUP058,2025-11-27
P01977,Assimilated actuating moratorium,Clothing,1425.92,303,SUP027,2026-02-09
P01978,Vision-oriented grid-enabled protocol,Clothing,172.61,78,SUP058,2025-02-06
P01979,Synergized upward-trending utilization,Books,63.25,286,SUP058,2024-12-20
P01980,Function-based asymmetric array,Books,1170.55,84,SUP035,2025-07-28
P01981,Fully-configurable holistic matrix,Books,1903.08,392,SUP002,2025-06-23
P01982,Balanced scalable pricing structure,Home,215.39,238,SUP094,2025-03-03
P01983,Horizontal upward-trending website,Beauty,1244.79,195,SUP055,2024-12-23
P01984,Inverse disintermediate capability,Clothing,798.41,373,SUP014,2025-10-19
P01985,Synergized homogeneous support,Beauty,1797.26,411,SUP078,2026-01-04
P01986,Streamlined secondary infrastructure,Home,1649.03,331,SUP080,2026-01-14
P01987,Focused zero administration hardware,Home,991.34,173,SUP045,2024-10-20
P01988,Customer-focused homogeneous ability,Clothing,380.93,41,SUP078,2024-11-29
P01989,Adaptive contextually-based knowledge user,Sports,1349.53,177,SUP011,2024-10-16
P01990,Networked methodical approach,Clothing,826.75,209,SUP084,2026-04-10
P01991,Object-based system-worthy focus group,Books,326.02,381,SUP098,2024-11-06
P01992,Grass-roots grid-enabled time-frame,Home,882.48,161,SUP083,2026-03-01
P01993,Universal demand-driven core,Books,805.02,229,SUP012,2024-06-20
P01994,Re-contextualized transitional ability,Beauty,1212.16,193,SUP073,2024-06-03
P01995,Persistent non-volatile service-desk,Books,89.22,264,SUP054,2024-10-07
P01996,Stand-alone solution-oriented analyzer,Clothing,1224.27,493,SUP004,2025-06-23
P01997,Automated non-volatile protocol,Beauty,1678.1,19,SUP007,2026-04-01
P01998,Fully-configurable next generation pricing structure,Books,1274.04,322,SUP068,2024-08-03
P01999,Progressive 24/7 structure,Sports,1802.45,448,SUP051,2024-07-21
P02000,Team-oriented national archive,Sports,1646.56,495,SUP085,2025-05-21
P02001,Reactive 5thgeneration pricing structure,Beauty,41.62,231,SUP061,2025-12-20
P02002,Networked actuating utilization,Clothing,1185.45,143,SUP058,2025-12-06
P02003,Virtual bottom-line artificial intelligence,Sports,134.5,130,SUP035,2025-08-20
P02004,Multi-tiered zero-defect array,Electronics,1819.74,60,SUP036,2026-03-17
P02005,Multi-lateral high-level matrix,Clothing,1490.26,391,SUP014,2025-04-02
P02006,Devolved homogeneous system engine,Beauty,1659.61,390,SUP035,2025-02-24
P02007,Total systematic groupware,Clothing,397.93,455,SUP060,2025-11-22
P02008,Up-sized zero administration matrix,Books,1920.29,166,SUP079,2026-03-24
P02009,Face-to-face didactic benchmark,Clothing,1953.9,455,SUP045,2024-06-18
P02010,Front-line logistical interface,Home,1700.08,429,SUP050,2024-11-19
P02011,Up-sized human-resource intranet,Clothing,256.83,398,SUP035,2026-01-20
P02012,Configurable tangible array,Beauty,234.88,474,SUP003,2025-07-16
P02013,Optional 6thgeneration contingency,Clothing,19.19,407,SUP011,2024-12-30
P02014,Stand-alone global access,Books,1621.62,88,SUP008,2026-01-21
P02015,Switchable uniform info-mediaries,Clothing,1277.19,481,SUP098,2024-11-19
P02016,Enterprise-wide bi-directional model,Home,112.02,431,SUP030,2025-04-05
P02017,Synergistic zero tolerance firmware,Beauty,396.67,23,SUP035,2025-10-24
P02018,Grass-roots value-added architecture,Beauty,614.62,18,SUP028,2025-04-17
P02019,Operative tertiary functionalities,Clothing,523.96,376,SUP017,2025-08-22
P02020,Enterprise-wide tangible website,Home,820.18,290,SUP062,2025-06-05
P02021,Up-sized global capacity,Sports,1601.91,141,SUP017,2024-08-24
P02022,Business-focused multi-tasking core,Books,623.75,69,SUP096,2024-09-03
P02023,Polarized global projection,Home,1022.36,477,SUP089,2024-10-11
P02024,Compatible transitional product,Beauty,1224.0,497,SUP011,2026-03-23
P02025,Streamlined foreground paradigm,Sports,724.2,414,SUP004,2025-04-21
P02026,Synergistic mission-critical productivity,Home,1939.95,388,SUP003,2025-02-19
P02027,Secured fresh-thinking website,Electronics,1313.6,70,SUP063,2025-12-10
P02028,Organized 6thgeneration Graphical User Interface,Electronics,1500.31,443,SUP022,2024-11-02
P02029,Reactive analyzing success,Clothing,834.24,265,SUP048,2026-05-03
P02030,Total client-driven definition,Home,566.98,412,SUP022,2025-07-25
P02031,Integrated multimedia model,Beauty,1762.77,486,SUP052,2026-04-29
P02032,Re-engineered incremental hardware,Sports,1207.47,241,SUP076,2025-07-16
P02033,Reverse-engineered motivating system engine,Home,1153.58,322,SUP045,2025-11-04
P02034,Ergonomic intangible concept,Beauty,1546.36,335,SUP096,2025-09-25
P02035,Profound optimal archive,Sports,1842.85,31,SUP090,2025-10-22
P02036,Open-source national archive,Beauty,1037.49,183,SUP017,2024-05-24
P02037,Inverse bi-directional frame,Sports,584.47,66,SUP007,2024-09-18
P02038,Enhanced logistical capability,Electronics,548.68,251,SUP024,2025-01-20
P02039,Phased holistic ability,Beauty,424.08,171,SUP099,2024-11-13
P02040,Optional exuding implementation,Home,1506.48,127,SUP048,2024-12-06
P02041,Synergized asymmetric productivity,Clothing,1352.87,88,SUP057,2025-04-01
P02042,Persevering zero-defect extranet,Beauty,157.67,496,SUP085,2024-07-14
P02043,Enhanced exuding extranet,Home,256.95,39,SUP027,2024-07-27
P02044,Vision-oriented human-resource parallelism,Electronics,1008.54,76,SUP094,2025-12-24
P02045,Reduced executive encoding,Beauty,1346.49,403,SUP075,2024-12-26
P02046,Vision-oriented 5thgeneration array,Sports,807.15,101,SUP044,2024-08-17
P02047,Diverse executive adapter,Books,1336.41,118,SUP044,2025-03-26
P02048,Configurable even-keeled superstructure,Sports,1375.12,306,SUP026,2024-10-20
P02049,Networked regional hierarchy,Electronics,1668.92,323,SUP065,2025-08-28
P02050,Organized upward-trending alliance,Clothing,1382.13,290,SUP079,2024-06-10
P02051,Enterprise-wide uniform system engine,Home,499.99,161,SUP091,2025-01-02
P02052,Synergized zero-defect methodology,Sports,949.96,283,SUP098,2024-09-16
P02053,Enhanced zero administration concept,Beauty,1974.58,239,SUP060,2024-06-16
P02054,Organized 3rdgeneration synergy,Electronics,1293.38,490,SUP099,2024-09-22
P02055,Decentralized explicit analyzer,Clothing,786.68,62,SUP036,2024-05-21
P02056,Adaptive actuating productivity,Sports,395.19,178,SUP011,2025-09-10
P02057,Monitored high-level open system,Beauty,1825.85,82,SUP014,2026-03-17
P02058,User-friendly national strategy,Electronics,1373.6,244,SUP098,2026-04-21
P02059,Reactive hybrid migration,Electronics,1150.47,114,SUP052,2025-12-27
P02060,Cross-group attitude-oriented toolset,Books,1482.67,421,SUP013,2025-10-27
P02061,Multi-lateral intangible process improvement,Beauty,1112.1,168,SUP048,2026-04-18
P02062,Customizable full-range model,Books,399.29,376,SUP069,2025-03-03
P02063,Adaptive holistic focus group,Beauty,1887.65,267,SUP029,2024-09-28
P02064,Operative systematic productivity,Sports,675.33,445,SUP007,2024-09-11
P02065,Customizable empowering approach,Clothing,840.31,390,SUP005,2025-10-22
P02066,Assimilated explicit project,Books,1242.57,49,SUP100,2025-08-03
P02067,Focused analyzing alliance,Clothing,70.57,421,SUP050,2025-01-06
P02068,Business-focused static conglomeration,Clothing,329.84,249,SUP040,2026-04-20
P02069,Innovative neutral capacity,Clothing,265.58,55,SUP028,2024-12-17
P02070,Secured bifurcated benchmark,Sports,461.13,172,SUP025,2025-08-09
P02071,Mandatory radical migration,Books,255.37,126,SUP084,2024-06-26
P02072,Automated full-range architecture,Home,1903.58,429,SUP091,2026-03-26
P02073,Right-sized systematic infrastructure,Sports,1777.04,499,SUP032,2024-05-19
P02074,Realigned clear-thinking algorithm,Sports,1754.43,208,SUP014,2025-01-30
P02075,Configurable uniform capacity,Books,851.15,56,SUP086,2025-09-08
P02076,Visionary multi-tasking emulation,Electronics,360.98,78,SUP089,2025-05-07
P02077,Managed leadingedge budgetary management,Sports,665.88,73,SUP016,2025-03-10
P02078,Operative tangible attitude,Clothing,1424.85,464,SUP058,2024-05-24
P02079,Persevering impactful moratorium,Beauty,1458.69,300,SUP033,2024-10-04
P02080,De-engineered asymmetric architecture,Electronics,651.6,328,SUP057,2026-04-12
P02081,Versatile grid-enabled solution,Clothing,753.87,149,SUP041,2025-09-20
P02082,Persevering coherent website,Books,676.58,90,SUP012,2025-04-25
P02083,Quality-focused disintermediate moderator,Home,1662.94,9,SUP007,2026-01-15
P02084,Team-oriented clear-thinking firmware,Electronics,1206.89,175,SUP049,2025-02-25
P02085,Open-source didactic support,Home,1637.37,235,SUP063,2025-12-13
P02086,Grass-roots incremental process improvement,Beauty,1935.61,430,SUP056,2024-07-29
P02087,Pre-emptive motivating migration,Books,1619.93,189,SUP022,2024-08-30
P02088,Synergized object-oriented alliance,Clothing,1337.11,58,SUP083,2025-11-26
P02089,Team-oriented coherent hardware,Books,105.31,422,SUP020,2025-07-31
P02090,Front-line zero administration alliance,Books,104.71,53,SUP043,2026-04-07
P02091,Proactive modular leverage,Home,1940.03,340,SUP016,2024-05-15
P02092,Balanced multi-state product,Electronics,1742.36,52,SUP046,2026-02-25
P02093,Front-line bifurcated circuit,Beauty,370.6,110,SUP037,2024-08-25
P02094,Multi-channeled systematic benchmark,Books,1723.44,224,SUP021,2025-12-20
P02095,Fully-configurable next generation encoding,Clothing,1243.64,457,SUP045,2026-04-08
P02096,Open-architected bottom-line structure,Electronics,1935.6,243,SUP099,2025-09-29
P02097,Quality-focused incremental intranet,Beauty,495.98,99,SUP001,2025-01-28
P02098,Automated motivating firmware,Home,74.62,105,SUP004,2026-01-31
P02099,Open-architected systemic toolset,Beauty,1804.68,299,SUP020,2024-11-15
P02100,Ameliorated system-worthy knowledge user,Beauty,932.47,362,SUP049,2025-01-12
P02101,Vision-oriented client-driven installation,Sports,1368.08,40,SUP092,2026-04-12
P02102,Digitized reciprocal workforce,Beauty,756.05,469,SUP034,2025-01-28
P02103,Business-focused intangible firmware,Books,1269.75,166,SUP068,2025-08-29
P02104,Self-enabling 24/7 emulation,Books,1680.35,357,SUP079,2026-04-14
P02105,Phased disintermediate challenge,Home,1969.46,420,SUP096,2024-06-06
P02106,Secured 5thgeneration open system,Sports,1069.82,16,SUP072,2024-08-02
P02107,Expanded uniform product,Books,1192.92,72,SUP008,2025-09-29
P02108,Future-proofed reciprocal conglomeration,Home,35.4,74,SUP036,2024-07-15
P02109,Expanded responsive moratorium,Books,26.2,170,SUP015,2025-08-12
P02110,Implemented solution-oriented parallelism,Sports,140.09,123,SUP033,2025-10-17
P02111,Progressive value-added methodology,Books,1421.54,452,SUP003,2025-04-25
P02112,Public-key motivating definition,Books,845.24,148,SUP008,2024-09-27
P02113,Automated bottom-line function,Beauty,1481.33,492,SUP043,2024-09-29
P02114,Cross-platform actuating info-mediaries,Sports,687.24,181,SUP046,2024-10-22
P02115,Ameliorated 5thgeneration policy,Electronics,1208.33,243,SUP096,2025-08-14
P02116,Robust bifurcated Internet solution,Sports,254.87,274,SUP019,2025-08-20
P02117,Mandatory client-server capacity,Books,1414.91,222,SUP078,2025-11-29
P02118,Public-key executive protocol,Beauty,1769.24,347,SUP056,2025-02-19
P02119,Advanced human-resource interface,Clothing,1304.06,12,SUP061,2026-03-03
P02120,Extended mission-critical portal,Sports,848.34,373,SUP091,2025-08-08
P02121,Decentralized web-enabled throughput,Home,1144.68,200,SUP094,2024-06-03
P02122,Assimilated demand-driven productivity,Electronics,452.39,485,SUP088,2025-05-03
P02123,Pre-emptive motivating project,Sports,1123.06,481,SUP090,2026-03-10
P02124,Up-sized heuristic function,Home,1088.69,280,SUP003,2026-03-08
P02125,Versatile homogeneous website,Clothing,1429.86,165,SUP032,2025-03-25
P02126,Devolved real-time Internet solution,Clothing,1251.81,371,SUP009,2024-08-15
P02127,Triple-buffered real-time capability,Books,904.25,173,SUP001,2024-12-31
P02128,Seamless optimizing support,Books,1336.8,224,SUP039,2025-06-09
P02129,Automated zero tolerance toolset,Beauty,245.72,88,SUP017,2024-09-22
P02130,Devolved 5thgeneration collaboration,Beauty,818.52,485,SUP007,2025-08-10
P02131,Phased fault-tolerant service-desk,Beauty,19.85,448,SUP070,2025-09-10
P02132,Phased well-modulated software,Books,228.81,258,SUP043,2025-08-01
P02133,Re-contextualized neutral firmware,Clothing,1689.34,255,SUP030,2025-05-17
P02134,Progressive scalable approach,Clothing,514.17,76,SUP016,2024-12-06
P02135,Stand-alone asynchronous productivity,Sports,644.61,405,SUP058,2026-04-17
P02136,Ameliorated real-time project,Books,1881.34,43,SUP081,2025-05-17
P02137,Future-proofed interactive installation,Clothing,1737.84,62,SUP022,2025-05-15
P02138,Customizable static data-warehouse,Electronics,294.13,113,SUP096,2024-11-08
P02139,Digitized systematic orchestration,Books,1732.47,216,SUP088,2025-11-29
P02140,Open-architected 3rdgeneration array,Books,1392.06,256,SUP077,2025-11-24
P02141,Mandatory reciprocal process improvement,Books,98.08,214,SUP097,2025-05-13
P02142,Cross-platform tangible workforce,Electronics,360.64,239,SUP005,2026-02-11
P02143,Down-sized mobile hierarchy,Sports,1574.09,432,SUP003,2024-06-28
P02144,Team-oriented bandwidth-monitored hub,Electronics,1156.9,99,SUP036,2025-04-02
P02145,Quality-focused tangible project,Clothing,864.01,24,SUP089,2025-09-19
P02146,Automated bi-directional info-mediaries,Home,1554.8,447,SUP029,2025-09-13
P02147,Team-oriented clear-thinking middleware,Clothing,939.08,363,SUP073,2024-10-19
P02148,Mandatory methodical framework,Home,1176.03,157,SUP037,2026-01-28
P02149,Customer-focused analyzing archive,Sports,1403.77,37,SUP094,2025-05-06
P02150,Monitored modular encoding,Clothing,1070.11,224,SUP071,2025-10-17
P02151,Digitized upward-trending structure,Electronics,702.77,67,SUP046,2024-10-13
P02152,Quality-focused mission-critical Internet solution,Clothing,1360.01,475,SUP004,2025-07-30
P02153,Profit-focused bifurcated installation,Sports,582.34,105,SUP078,2024-06-14
P02154,Visionary directional encoding,Electronics,144.58,334,SUP053,2025-09-03
P02155,Profound global ability,Beauty,1525.15,482,SUP062,2024-11-16
P02156,Digitized asynchronous capacity,Beauty,386.08,273,SUP032,2025-04-01
P02157,Synergized exuding definition,Beauty,426.81,337,SUP079,2026-03-21
P02158,De-engineered encompassing conglomeration,Home,1942.12,76,SUP091,2025-01-25
P02159,Automated attitude-oriented service-desk,Sports,601.64,282,SUP015,2026-03-08
P02160,Assimilated local initiative,Electronics,1401.06,72,SUP010,2026-02-24
P02161,Virtual 6thgeneration groupware,Books,700.9,110,SUP064,2024-09-12
P02162,Assimilated bottom-line portal,Home,1397.91,472,SUP085,2025-02-07
P02163,Open-source stable methodology,Home,236.36,278,SUP005,2024-10-15
P02164,Advanced web-enabled open architecture,Beauty,1721.87,313,SUP026,2025-02-24
P02165,Public-key needs-based process improvement,Beauty,542.45,276,SUP007,2026-03-16
P02166,Profit-focused holistic paradigm,Books,600.98,219,SUP009,2025-09-05
P02167,Pre-emptive object-oriented algorithm,Books,573.57,241,SUP012,2025-05-10
P02168,Grass-roots composite budgetary management,Electronics,1721.32,412,SUP010,2025-03-13
P02169,Managed directional intranet,Home,618.05,465,SUP068,2025-12-08
P02170,Reduced hybrid policy,Electronics,1686.75,147,SUP015,2024-08-21
P02171,Decentralized disintermediate interface,Books,820.43,407,SUP039,2024-06-23
P02172,Profit-focused dedicated installation,Beauty,1198.6,204,SUP076,2024-07-18
P02173,Compatible 5thgeneration emulation,Clothing,580.46,406,SUP077,2025-12-30
P02174,Secured background ability,Sports,508.16,152,SUP044,2025-07-30
P02175,Team-oriented optimal interface,Sports,879.99,377,SUP012,2025-03-18
P02176,Reverse-engineered zero tolerance secured line,Clothing,1888.61,438,SUP009,2025-05-17
P02177,Digitized grid-enabled definition,Books,694.86,347,SUP047,2026-02-26
P02178,Monitored analyzing complexity,Beauty,571.52,105,SUP045,2024-07-27
P02179,Triple-buffered global Graphic Interface,Sports,709.7,130,SUP002,2025-09-27
P02180,Universal intermediate success,Books,1630.23,59,SUP073,2025-06-11
P02181,Innovative solution-oriented initiative,Books,600.21,418,SUP051,2025-09-11
P02182,Synergistic eco-centric infrastructure,Home,1832.46,493,SUP001,2026-02-06
P02183,Automated asynchronous knowledge user,Electronics,884.64,346,SUP070,2026-03-25
P02184,Innovative dedicated interface,Home,688.54,23,SUP018,2025-11-03
P02185,Function-based multi-state solution,Clothing,620.46,416,SUP006,2025-04-18
P02186,Robust multi-tasking standardization,Beauty,1040.56,346,SUP010,2024-10-15
P02187,Robust attitude-oriented moderator,Sports,1404.66,20,SUP030,2026-03-25
P02188,Cross-group static complexity,Books,1924.83,190,SUP096,2024-09-29
P02189,Diverse zero administration installation,Clothing,1479.49,10,SUP014,2026-02-03
P02190,Visionary value-added pricing structure,Sports,1221.3,118,SUP004,2025-12-13
P02191,Virtual non-volatile monitoring,Home,1820.65,432,SUP053,2025-04-13
P02192,Implemented 4thgeneration concept,Beauty,1827.28,7,SUP032,2025-05-30
P02193,Open-source executive ability,Sports,305.24,437,SUP011,2026-03-24
P02194,Managed systematic website,Beauty,546.44,290,SUP011,2024-12-21
P02195,Fundamental actuating strategy,Sports,1814.89,78,SUP039,2025-06-16
P02196,Front-line uniform open system,Electronics,1323.77,7,SUP063,2026-03-31
P02197,Expanded coherent definition,Books,614.94,294,SUP024,2025-05-13
P02198,User-friendly non-volatile flexibility,Books,425.84,366,SUP039,2025-07-23
P02199,Enhanced intermediate parallelism,Beauty,1426.95,64,SUP049,2026-01-26
P02200,Intuitive full-range open system,Home,343.54,361,SUP099,2026-01-02
P02201,Fundamental 24hour capacity,Home,1784.0,103,SUP029,2025-09-12
P02202,Devolved demand-driven help-desk,Electronics,407.41,110,SUP020,2025-02-18
P02203,Upgradable bi-directional matrix,Electronics,341.34,177,SUP015,2025-02-26
P02204,Fundamental asymmetric contingency,Clothing,1587.67,481,SUP085,2025-01-20
P02205,Enhanced homogeneous encoding,Electronics,685.21,12,SUP063,2024-10-23
P02206,Robust didactic firmware,Home,1469.11,422,SUP009,2026-02-16
P02207,Customer-focused object-oriented structure,Sports,1421.13,312,SUP007,2025-09-12
P02208,Up-sized content-based project,Electronics,1611.07,149,SUP027,2026-01-20
P02209,Cross-group heuristic software,Clothing,731.71,460,SUP085,2025-04-23
P02210,Upgradable well-modulated database,Home,239.41,22,SUP012,2024-12-23
P02211,Team-oriented didactic policy,Home,299.34,84,SUP020,2025-04-27
P02212,Pre-emptive static budgetary management,Sports,1735.41,291,SUP084,2026-04-02
P02213,Stand-alone zero-defect moderator,Beauty,687.12,156,SUP091,2026-02-01
P02214,Synergized optimal focus group,Home,1848.64,71,SUP033,2025-08-11
P02215,Versatile intangible service-desk,Books,651.48,442,SUP066,2025-01-21
P02216,Team-oriented grid-enabled help-desk,Electronics,1366.16,272,SUP077,2024-06-15
P02217,Open-source interactive moratorium,Books,1440.86,121,SUP048,2025-08-24
P02218,Synchronized user-facing system engine,Home,119.85,278,SUP017,2026-04-05
P02219,Stand-alone web-enabled framework,Clothing,1468.31,402,SUP092,2025-04-18
P02220,Up-sized background hardware,Beauty,365.58,244,SUP061,2025-12-23
P02221,Synergized impactful capability,Sports,954.97,344,SUP071,2024-05-24
P02222,Inverse well-modulated intranet,Home,449.43,120,SUP078,2025-04-30
P02223,Down-sized user-facing middleware,Electronics,79.44,143,SUP027,2024-06-23
P02224,Monitored 5thgeneration workforce,Sports,1983.0,83,SUP011,2025-03-05
P02225,Right-sized maximized matrix,Beauty,702.72,333,SUP016,2026-04-06
P02226,Reduced cohesive challenge,Electronics,1874.77,197,SUP100,2025-04-25
P02227,Automated holistic throughput,Beauty,204.28,255,SUP054,2025-12-09
P02228,Reduced bandwidth-monitored circuit,Clothing,1695.88,187,SUP060,2025-08-02
P02229,Seamless 3rdgeneration hub,Clothing,179.55,282,SUP041,2024-10-07
P02230,Integrated executive extranet,Sports,546.28,146,SUP039,2026-04-20
P02231,Visionary incremental moratorium,Beauty,501.9,147,SUP095,2025-08-12
P02232,Multi-lateral actuating core,Home,493.65,163,SUP072,2025-03-26
P02233,Persistent solution-oriented infrastructure,Electronics,481.1,349,SUP026,2025-08-08
P02234,Profit-focused mobile monitoring,Clothing,113.44,48,SUP001,2025-11-28
P02235,Optional zero administration interface,Beauty,1691.74,212,SUP018,2024-07-11
P02236,Configurable directional structure,Beauty,136.21,314,SUP002,2024-09-21
P02237,Phased tertiary hardware,Sports,1978.63,258,SUP056,2024-08-16
P02238,Profound mission-critical moderator,Electronics,1092.4,291,SUP023,2025-11-13
P02239,Fully-configurable system-worthy forecast,Sports,1533.14,249,SUP065,2026-04-26
P02240,Multi-channeled modular initiative,Electronics,123.56,461,SUP011,2024-05-29
P02241,Expanded scalable conglomeration,Books,1440.16,204,SUP032,2025-08-18
P02242,Quality-focused mission-critical emulation,Beauty,1419.51,257,SUP047,2024-11-11
P02243,Sharable actuating data-warehouse,Beauty,813.55,86,SUP059,2025-05-14
P02244,Sharable dynamic info-mediaries,Home,943.57,58,SUP007,2025-10-08
P02245,Virtual foreground success,Electronics,628.24,460,SUP031,2026-04-04
P02246,Compatible holistic complexity,Books,914.64,1,SUP005,2024-06-19
P02247,Switchable composite application,Electronics,1748.44,386,SUP040,2026-04-15
P02248,Automated zero tolerance data-warehouse,Sports,211.92,223,SUP041,2026-03-27
P02249,Innovative next generation core,Books,895.93,135,SUP048,2026-04-08
P02250,Horizontal national moratorium,Beauty,489.81,145,SUP072,2026-03-18
P02251,Customizable radical synergy,Beauty,607.34,379,SUP071,2025-06-13
P02252,Multi-channeled high-level software,Books,1479.01,177,SUP057,2026-01-25
P02253,Synchronized secondary extranet,Sports,1557.62,223,SUP070,2026-01-02
P02254,Decentralized neutral function,Home,1477.07,27,SUP099,2024-11-25
P02255,Decentralized multimedia database,Sports,1563.94,488,SUP037,2024-05-24
P02256,Managed didactic ability,Beauty,19.42,230,SUP021,2024-11-17
P02257,Synergistic leadingedge task-force,Beauty,950.56,179,SUP029,2026-01-08
P02258,Face-to-face needs-based protocol,Electronics,1829.92,323,SUP028,2025-06-17
P02259,Total high-level flexibility,Electronics,1465.9,172,SUP043,2025-05-14
P02260,User-friendly leadingedge array,Clothing,353.93,288,SUP068,2024-08-27
P02261,Reverse-engineered optimizing forecast,Beauty,1677.59,85,SUP045,2025-06-21
P02262,Enhanced interactive capability,Clothing,137.94,181,SUP031,2024-11-22
P02263,Multi-layered secondary attitude,Home,457.42,366,SUP017,2025-11-30
P02264,Robust fresh-thinking complexity,Home,414.41,259,SUP073,2024-10-28
P02265,Optimized scalable contingency,Home,1913.14,398,SUP023,2024-12-13
P02266,Integrated systemic productivity,Electronics,1480.69,110,SUP040,2026-02-21
P02267,Ergonomic directional firmware,Sports,1113.1,496,SUP031,2025-02-25
P02268,Cross-platform directional product,Sports,509.98,212,SUP046,2024-12-02
P02269,Balanced zero administration budgetary management,Electronics,1950.81,102,SUP030,2025-06-12
P02270,Multi-layered asynchronous toolset,Clothing,1115.39,119,SUP047,2026-02-17
P02271,Advanced directional collaboration,Beauty,1828.57,452,SUP044,2024-07-30
P02272,Optional didactic alliance,Electronics,1565.51,181,SUP023,2025-12-26
P02273,Intuitive optimizing workforce,Home,279.34,428,SUP091,2025-02-26
P02274,Advanced solution-oriented circuit,Electronics,705.69,321,SUP062,2025-11-10
P02275,Stand-alone incremental leverage,Electronics,1011.3,87,SUP084,2024-12-10
P02276,Advanced eco-centric product,Sports,1615.96,1,SUP073,2025-12-03
P02277,Managed static matrices,Clothing,1663.31,94,SUP064,2025-03-17
P02278,Multi-tiered solution-oriented archive,Sports,743.14,158,SUP031,2026-02-05
P02279,Persevering discrete monitoring,Clothing,799.25,86,SUP075,2025-05-21
P02280,Programmable content-based analyzer,Beauty,721.54,206,SUP068,2025-05-21
P02281,Face-to-face heuristic Graphic Interface,Home,1126.02,449,SUP029,2026-04-11
P02282,Profit-focused intermediate productivity,Books,1185.22,79,SUP027,2025-05-11
P02283,Sharable intermediate workforce,Home,1479.85,453,SUP052,2025-09-20
P02284,Multi-layered mission-critical extranet,Beauty,1562.61,128,SUP082,2024-12-28
P02285,Mandatory background middleware,Clothing,690.81,403,SUP099,2025-10-31
P02286,Re-contextualized bandwidth-monitored open architecture,Home,1832.31,345,SUP063,2026-03-29
P02287,Horizontal bi-directional product,Home,325.81,118,SUP006,2026-04-11
P02288,Business-focused dynamic process improvement,Home,67.39,286,SUP053,2024-08-15
P02289,Open-source analyzing task-force,Books,140.06,263,SUP021,2025-05-28
P02290,Open-architected context-sensitive methodology,Beauty,1828.07,303,SUP079,2025-04-12
P02291,Compatible non-volatile solution,Sports,26.68,99,SUP066,2025-12-09
P02292,Phased explicit access,Electronics,1450.89,399,SUP096,2025-02-28
P02293,Horizontal object-oriented benchmark,Sports,1880.38,89,SUP081,2025-12-17
P02294,Secured secondary parallelism,Beauty,1286.54,498,SUP016,2026-04-29
P02295,De-engineered optimizing Internet solution,Clothing,1798.36,366,SUP053,2024-12-27
P02296,Extended object-oriented forecast,Clothing,1035.23,53,SUP018,2024-05-05
P02297,Multi-channeled dynamic protocol,Books,742.89,231,SUP035,2026-02-26
P02298,Inverse reciprocal architecture,Home,22.71,164,SUP016,2024-08-16
P02299,Seamless global matrix,Electronics,1005.71,1,SUP086,2024-10-31
P02300,Focused 3rdgeneration approach,Electronics,817.71,493,SUP096,2026-01-01
P02301,Progressive 6thgeneration alliance,Electronics,1019.86,270,SUP070,2025-08-26
P02302,Synergistic 3rdgeneration intranet,Beauty,1323.01,344,SUP098,2025-02-02
P02303,Expanded motivating synergy,Electronics,1482.09,103,SUP029,2026-02-09
P02304,Synergized leadingedge throughput,Clothing,1988.15,277,SUP025,2024-05-19
P02305,Exclusive scalable standardization,Sports,582.96,280,SUP050,2026-04-15
P02306,Customizable needs-based frame,Sports,1026.88,18,SUP016,2025-01-20
P02307,Enhanced clear-thinking focus group,Sports,1121.87,78,SUP066,2026-02-15
P02308,Diverse fault-tolerant open system,Clothing,156.08,288,SUP080,2024-08-11
P02309,Secured optimal parallelism,Books,288.56,47,SUP033,2026-03-28
P02310,Adaptive demand-driven Graphical User Interface,Sports,754.42,136,SUP032,2024-06-29
P02311,Extended zero-defect groupware,Sports,966.67,171,SUP004,2025-07-29
P02312,Fully-configurable system-worthy product,Sports,648.86,356,SUP016,2025-10-31
P02313,Horizontal content-based neural-net,Books,1948.18,435,SUP053,2025-09-04
P02314,Proactive cohesive challenge,Home,1795.21,436,SUP054,2025-07-24
P02315,Intuitive next generation support,Beauty,1964.65,243,SUP011,2024-11-13
P02316,Adaptive bandwidth-monitored superstructure,Electronics,651.08,122,SUP006,2025-06-25
P02317,Multi-layered neutral Internet solution,Home,1269.21,332,SUP039,2024-10-14
P02318,Triple-buffered clear-thinking ability,Books,1167.93,226,SUP095,2025-04-26
P02319,Innovative 6thgeneration standardization,Clothing,874.3,287,SUP011,2024-11-23
P02320,Assimilated modular Graphical User Interface,Books,1513.63,214,SUP038,2026-03-24
P02321,Function-based static website,Electronics,1257.62,352,SUP004,2025-03-06
P02322,Public-key heuristic productivity,Books,266.63,372,SUP051,2024-06-17
P02323,Robust cohesive portal,Electronics,938.63,215,SUP018,2024-09-21
P02324,Integrated discrete secured line,Beauty,1340.82,237,SUP081,2025-10-04
P02325,Fundamental intermediate concept,Home,1124.15,253,SUP073,2025-08-04
P02326,Customer-focused multi-tasking portal,Clothing,886.07,42,SUP091,2026-03-16
P02327,Total well-modulated challenge,Sports,286.04,341,SUP050,2026-04-11
P02328,Down-sized bottom-line challenge,Books,648.08,157,SUP067,2026-03-18
P02329,Adaptive optimal open system,Home,1115.71,139,SUP049,2025-09-29
P02330,Enterprise-wide maximized data-warehouse,Electronics,420.95,52,SUP097,2025-06-13
P02331,Monitored coherent capacity,Clothing,1349.99,356,SUP059,2026-01-19
P02332,Synergized asynchronous website,Clothing,1942.69,368,SUP016,2026-02-13
P02333,Innovative asymmetric hub,Clothing,1689.52,54,SUP094,2024-09-10
P02334,Pre-emptive bifurcated paradigm,Sports,1564.49,72,SUP081,2025-01-24
P02335,Versatile intermediate utilization,Home,1283.6,107,SUP070,2024-12-10
P02336,Phased heuristic intranet,Home,820.7,484,SUP091,2026-05-01
P02337,Stand-alone bottom-line complexity,Clothing,1551.78,92,SUP073,2025-10-15
P02338,Adaptive 3rdgeneration software,Home,1929.08,249,SUP021,2024-06-02
P02339,Business-focused attitude-oriented secured line,Sports,1148.37,370,SUP018,2026-04-19
P02340,Reactive object-oriented toolset,Clothing,24.8,57,SUP061,2025-01-15
P02341,Intuitive dynamic flexibility,Beauty,1176.21,469,SUP049,2025-11-16
P02342,Cross-group 24hour moratorium,Books,1719.18,365,SUP025,2025-09-11
P02343,Focused heuristic instruction set,Electronics,1974.28,301,SUP062,2026-02-08
P02344,Synergistic mission-critical definition,Electronics,1779.83,347,SUP067,2025-04-03
P02345,Customizable disintermediate software,Home,1525.88,421,SUP065,2025-04-04
P02346,Proactive stable function,Sports,1476.03,193,SUP003,2025-04-10
P02347,Configurable maximized task-force,Beauty,1916.4,147,SUP092,2025-12-31
P02348,Focused optimal complexity,Books,813.04,312,SUP025,2025-02-17
P02349,Open-architected transitional toolset,Sports,1329.59,430,SUP065,2025-07-05
P02350,Distributed encompassing analyzer,Beauty,814.75,301,SUP028,2025-09-13
P02351,Adaptive 24hour synergy,Books,1315.91,169,SUP073,2025-03-11
P02352,Re-engineered scalable toolset,Electronics,1491.54,183,SUP030,2025-09-23
P02353,Open-source responsive firmware,Clothing,1382.43,145,SUP035,2025-01-27
P02354,Function-based zero-defect implementation,Clothing,798.96,489,SUP025,2025-08-01
P02355,Innovative responsive installation,Clothing,1125.59,106,SUP009,2024-11-17
P02356,Visionary analyzing product,Sports,72.23,341,SUP069,2025-01-24
P02357,Optional fault-tolerant portal,Sports,1420.18,259,SUP061,2026-02-02
P02358,Profound encompassing implementation,Beauty,380.25,95,SUP096,2025-04-30
P02359,Multi-layered context-sensitive frame,Clothing,511.97,138,SUP057,2025-11-02
P02360,Focused eco-centric access,Clothing,1126.49,496,SUP010,2024-09-09
P02361,Profound fault-tolerant conglomeration,Clothing,642.83,473,SUP093,2024-10-02
P02362,Mandatory modular knowledgebase,Home,722.9,102,SUP047,2024-07-19
P02363,Decentralized optimizing interface,Beauty,886.75,147,SUP045,2024-08-17
P02364,Automated impactful utilization,Electronics,1676.24,150,SUP079,2024-12-29
P02365,Reverse-engineered value-added product,Home,1688.78,2,SUP094,2025-09-25
P02366,Fully-configurable 3rdgeneration moderator,Books,901.43,122,SUP086,2026-04-17
P02367,Programmable upward-trending monitoring,Clothing,802.69,325,SUP075,2025-04-29
P02368,User-centric needs-based paradigm,Home,346.34,268,SUP072,2025-10-02
P02369,Persevering optimizing encoding,Electronics,475.87,123,SUP088,2025-05-07
P02370,Integrated web-enabled Graphic Interface,Electronics,615.3,447,SUP039,2025-04-03
P02371,Diverse reciprocal open system,Clothing,109.57,455,SUP076,2024-05-26
P02372,Open-source tertiary encryption,Sports,496.59,198,SUP093,2024-08-02
P02373,Re-engineered reciprocal artificial intelligence,Books,586.89,184,SUP091,2026-04-08
P02374,Phased 3rdgeneration challenge,Clothing,1174.66,88,SUP091,2024-07-30
P02375,User-friendly multi-tasking leverage,Home,1234.54,148,SUP056,2025-06-20
P02376,Configurable responsive emulation,Sports,441.32,47,SUP036,2025-10-12
P02377,Persevering well-modulated firmware,Clothing,1937.5,218,SUP022,2025-01-25
P02378,Versatile attitude-oriented benchmark,Books,1780.53,404,SUP056,2026-01-29
P02379,Enhanced background process improvement,Books,346.9,418,SUP095,2024-09-13
P02380,Multi-channeled human-resource product,Sports,1209.03,306,SUP024,2024-09-03
P02381,Streamlined intermediate infrastructure,Books,887.86,225,SUP076,2024-12-14
P02382,Multi-channeled actuating utilization,Beauty,1343.05,88,SUP011,2024-07-12
P02383,Intuitive mission-critical leverage,Clothing,294.72,309,SUP019,2025-10-06
P02384,Adaptive systemic neural-net,Books,1894.46,466,SUP060,2024-05-29
P02385,Multi-lateral stable artificial intelligence,Books,1591.98,98,SUP063,2025-08-03
P02386,Mandatory 5thgeneration moratorium,Home,1097.87,116,SUP072,2025-12-18
P02387,Cross-platform discrete installation,Sports,1802.2,19,SUP092,2025-10-03
P02388,Operative analyzing core,Beauty,1107.95,494,SUP051,2025-02-03
P02389,Up-sized bandwidth-monitored hierarchy,Sports,1255.81,70,SUP043,2025-12-25
P02390,Profound directional Internet solution,Electronics,1616.89,212,SUP100,2024-05-25
P02391,Front-line methodical access,Books,801.96,343,SUP056,2025-08-21
P02392,Devolved stable data-warehouse,Beauty,1210.17,76,SUP077,2024-05-31
P02393,Persevering reciprocal forecast,Clothing,667.21,427,SUP032,2025-03-07
P02394,Enterprise-wide dynamic complexity,Electronics,1664.06,189,SUP063,2025-04-19
P02395,Enhanced uniform adapter,Books,727.23,433,SUP016,2025-08-31
P02396,Open-source demand-driven frame,Books,1806.93,283,SUP083,2025-05-08
P02397,Exclusive optimizing productivity,Beauty,345.34,313,SUP034,2025-09-16
P02398,Centralized systemic forecast,Books,1438.42,394,SUP003,2025-02-26
P02399,Horizontal exuding definition,Sports,277.27,344,SUP052,2025-03-15
P02400,Cross-platform fault-tolerant groupware,Books,1684.39,206,SUP097,2024-07-04
P02401,Progressive tertiary support,Home,77.62,454,SUP047,2025-10-12
P02402,De-engineered background middleware,Home,55.73,345,SUP045,2024-12-31
P02403,De-engineered static open architecture,Clothing,1150.38,460,SUP005,2025-05-11
P02404,Pre-emptive 24hour help-desk,Sports,601.54,292,SUP094,2026-04-01
P02405,De-engineered optimal groupware,Clothing,837.98,226,SUP002,2025-10-21
P02406,Automated non-volatile capacity,Home,1708.32,350,SUP081,2024-09-24
P02407,Distributed multi-state ability,Books,1231.39,63,SUP078,2024-06-05
P02408,Sharable intermediate productivity,Clothing,1106.65,232,SUP017,2025-02-16
P02409,Down-sized global strategy,Beauty,88.38,280,SUP039,2025-08-14
P02410,User-friendly bottom-line array,Beauty,614.5,420,SUP084,2024-12-16
P02411,Secured 6thgeneration knowledgebase,Beauty,1711.0,150,SUP100,2026-01-12
P02412,Switchable upward-trending migration,Clothing,1476.83,6,SUP035,2025-05-19
P02413,Decentralized fresh-thinking knowledgebase,Home,96.76,469,SUP069,2025-08-17
P02414,Optional responsive project,Books,1218.79,467,SUP010,2025-02-10
P02415,Mandatory leadingedge help-desk,Clothing,1874.47,160,SUP021,2025-07-18
P02416,Configurable 5thgeneration matrices,Clothing,189.06,451,SUP022,2024-11-09
P02417,Synchronized 24/7 concept,Clothing,148.99,219,SUP038,2026-02-01
P02418,Phased actuating extranet,Home,1368.68,206,SUP086,2026-04-15
P02419,Open-source global artificial intelligence,Books,1867.93,125,SUP028,2026-01-11
P02420,Adaptive reciprocal success,Beauty,1339.14,26,SUP026,2025-04-05
P02421,Diverse multi-state capacity,Clothing,1304.37,473,SUP006,2026-04-20
P02422,Diverse cohesive Graphical User Interface,Beauty,1650.2,158,SUP050,2026-04-26
P02423,Organic content-based installation,Clothing,381.49,20,SUP093,2025-06-01
P02424,Intuitive bifurcated product,Books,570.58,52,SUP055,2024-11-24
P02425,Persistent transitional info-mediaries,Home,911.05,147,SUP090,2026-01-04
P02426,Versatile maximized complexity,Home,1471.04,190,SUP048,2024-05-25
P02427,Persistent discrete support,Beauty,183.16,220,SUP054,2025-12-02
P02428,Expanded analyzing contingency,Books,1196.77,300,SUP070,2024-12-06
P02429,Versatile needs-based interface,Books,916.58,210,SUP062,2024-11-01
P02430,Multi-channeled global attitude,Home,38.71,334,SUP074,2026-04-30
P02431,Visionary static firmware,Electronics,1154.24,65,SUP009,2025-08-26
P02432,Reactive motivating implementation,Home,1492.79,237,SUP059,2025-10-29
P02433,Versatile non-volatile Graphical User Interface,Electronics,14.56,276,SUP039,2025-01-07
P02434,Public-key eco-centric hierarchy,Clothing,202.42,22,SUP067,2024-12-20
P02435,Configurable 5thgeneration attitude,Home,697.29,491,SUP010,2025-04-12
P02436,Total local neural-net,Beauty,1855.97,410,SUP025,2025-06-26
P02437,Decentralized 24hour adapter,Clothing,262.65,273,SUP017,2025-10-19
P02438,Organized demand-driven architecture,Clothing,1761.39,464,SUP037,2026-04-22
P02439,Persistent system-worthy Graphic Interface,Books,1552.37,138,SUP042,2024-08-17
P02440,Reverse-engineered human-resource leverage,Electronics,455.93,60,SUP064,2025-07-25
P02441,Streamlined high-level middleware,Clothing,1992.59,28,SUP029,2026-03-28
P02442,Polarized attitude-oriented project,Clothing,839.07,70,SUP017,2025-12-04
P02443,Configurable hybrid approach,Clothing,634.29,376,SUP016,2025-05-15
P02444,Enhanced bottom-line complexity,Beauty,233.62,269,SUP008,2024-06-14
P02445,Face-to-face attitude-oriented function,Electronics,1826.48,483,SUP085,2024-08-25
P02446,Future-proofed zero-defect capability,Clothing,155.63,126,SUP064,2024-07-30
P02447,Monitored bi-directional concept,Books,506.25,152,SUP099,2024-09-10
P02448,Vision-oriented modular neural-net,Clothing,838.56,227,SUP098,2025-06-12
P02449,Multi-lateral mission-critical capability,Sports,101.89,266,SUP003,2026-02-25
P02450,Open-source multi-tasking superstructure,Clothing,262.35,497,SUP031,2024-07-04
P02451,Centralized value-added definition,Home,93.96,245,SUP031,2026-02-18
P02452,Mandatory coherent Internet solution,Books,1204.73,325,SUP008,2025-11-29
P02453,Phased optimal toolset,Beauty,357.78,458,SUP048,2024-12-07
P02454,Organized interactive Local Area Network,Books,1392.67,251,SUP035,2026-03-25
P02455,Reverse-engineered clear-thinking collaboration,Clothing,742.7,26,SUP014,2025-10-20
P02456,Profound web-enabled groupware,Beauty,1222.01,214,SUP049,2025-03-12
P02457,Organized context-sensitive analyzer,Beauty,1518.8,391,SUP088,2025-01-18
P02458,Virtual intermediate hierarchy,Home,1083.36,372,SUP049,2026-02-14
P02459,User-friendly encompassing project,Sports,643.27,417,SUP040,2025-05-01
P02460,Phased bi-directional initiative,Home,1356.9,42,SUP092,2025-05-27
P02461,Synergistic multi-tasking benchmark,Sports,672.39,388,SUP064,2024-05-14
P02462,Down-sized mission-critical moderator,Beauty,248.63,480,SUP091,2025-04-17
P02463,Balanced multi-state support,Electronics,577.98,272,SUP073,2024-05-27
P02464,Business-focused demand-driven website,Clothing,1680.1,66,SUP033,2025-07-10
P02465,Proactive real-time definition,Beauty,1726.79,10,SUP013,2025-10-25
P02466,Multi-channeled incremental website,Electronics,1596.24,182,SUP096,2025-01-23
P02467,Secured homogeneous pricing structure,Beauty,1650.67,53,SUP094,2025-02-23
P02468,Programmable attitude-oriented matrix,Books,435.93,93,SUP035,2025-06-05
P02469,Team-oriented value-added circuit,Electronics,1279.7,196,SUP019,2025-04-22
P02470,Intuitive stable website,Sports,725.18,152,SUP076,2026-01-07
P02471,Optional 5thgeneration time-frame,Electronics,855.64,445,SUP046,2025-02-04
P02472,Digitized intermediate flexibility,Books,1787.23,416,SUP042,2025-09-18
P02473,Compatible 24hour knowledge user,Sports,61.57,330,SUP001,2024-05-21
P02474,Public-key fault-tolerant artificial intelligence,Clothing,1012.69,61,SUP044,2026-04-25
P02475,Enhanced non-volatile methodology,Electronics,1283.97,57,SUP100,2025-12-15
P02476,Front-line optimizing circuit,Beauty,1415.24,474,SUP040,2024-05-08
P02477,Cross-group scalable encryption,Clothing,1401.11,44,SUP060,2025-07-23
P02478,Public-key optimal challenge,Books,845.45,99,SUP007,2025-11-09
P02479,Mandatory content-based flexibility,Clothing,1896.67,408,SUP078,2025-04-25
P02480,Persevering modular Graphic Interface,Sports,1175.33,318,SUP062,2025-01-04
P02481,Pre-emptive transitional matrices,Home,1023.61,269,SUP100,2024-12-22
P02482,Cloned maximized attitude,Clothing,1744.02,90,SUP053,2025-09-09
P02483,Cross-platform contextually-based firmware,Beauty,150.63,150,SUP019,2024-07-23
P02484,Pre-emptive upward-trending alliance,Sports,482.94,356,SUP087,2024-06-09
P02485,Reduced national info-mediaries,Beauty,1882.18,409,SUP098,2025-06-11
P02486,Cloned context-sensitive emulation,Home,578.1,69,SUP061,2024-11-24
P02487,Programmable mobile installation,Sports,730.25,91,SUP060,2024-06-12
P02488,Triple-buffered zero tolerance matrix,Home,1657.18,302,SUP024,2026-03-15
P02489,De-engineered reciprocal time-frame,Clothing,475.58,251,SUP098,2025-08-30
P02490,Triple-buffered systemic process improvement,Beauty,1500.95,46,SUP030,2025-09-08
P02491,Managed web-enabled moratorium,Clothing,1775.12,127,SUP010,2025-01-11
P02492,Mandatory responsive policy,Books,1145.25,489,SUP040,2026-02-05
P02493,Innovative bi-directional intranet,Sports,1720.78,383,SUP050,2025-03-28
P02494,Integrated secondary focus group,Electronics,896.52,359,SUP088,2024-07-07
P02495,Cross-platform cohesive intranet,Home,1015.43,294,SUP052,2024-12-18
P02496,Secured impactful parallelism,Books,334.33,155,SUP030,2024-08-24
P02497,Expanded leadingedge service-desk,Electronics,944.91,320,SUP053,2024-11-13
P02498,Cross-group reciprocal info-mediaries,Books,802.9,278,SUP053,2025-08-24
P02499,Synergized well-modulated adapter,Clothing,1467.85,131,SUP041,2024-05-10
P02500,Future-proofed object-oriented protocol,Home,861.55,305,SUP053,2024-06-17
P02501,Configurable systemic utilization,Sports,1166.4,234,SUP063,2024-07-19
P02502,Open-source motivating secured line,Sports,1274.87,422,SUP077,2025-10-07
P02503,Customizable heuristic orchestration,Books,514.01,59,SUP028,2024-06-16
P02504,Extended logistical access,Home,183.15,202,SUP021,2025-02-24
P02505,Optimized well-modulated parallelism,Beauty,669.51,0,SUP082,2026-01-14
P02506,Virtual local toolset,Sports,1974.92,240,SUP053,2025-05-24
P02507,Fully-configurable zero-defect alliance,Home,1884.37,237,SUP004,2024-06-07
P02508,Multi-channeled discrete synergy,Books,117.71,210,SUP088,2024-06-24
P02509,Horizontal contextually-based standardization,Beauty,490.74,126,SUP077,2025-12-09
P02510,Multi-layered even-keeled standardization,Electronics,1289.95,268,SUP076,2026-02-12
P02511,Horizontal mission-critical productivity,Clothing,1275.4,289,SUP091,2025-05-05
P02512,Enhanced systemic moratorium,Clothing,567.26,12,SUP061,2024-10-22
P02513,Face-to-face optimal complexity,Home,1590.97,9,SUP016,2025-10-05
P02514,Universal static forecast,Beauty,1778.39,94,SUP005,2026-04-02
P02515,Stand-alone global workforce,Electronics,733.59,120,SUP059,2026-02-08
P02516,Robust empowering moderator,Home,114.22,290,SUP032,2024-10-29
P02517,Ameliorated zero administration alliance,Beauty,74.57,156,SUP073,2025-11-09
P02518,Virtual interactive leverage,Home,315.73,189,SUP071,2026-03-25
P02519,Polarized tangible superstructure,Home,1132.75,352,SUP091,2025-11-08
P02520,Triple-buffered well-modulated neural-net,Electronics,1999.87,49,SUP098,2025-08-31
P02521,Optional executive algorithm,Home,1503.97,125,SUP085,2025-04-27
P02522,Robust transitional help-desk,Home,515.21,485,SUP060,2025-05-29
P02523,Compatible systematic algorithm,Electronics,1454.62,488,SUP019,2025-12-30
P02524,Quality-focused global definition,Clothing,946.31,310,SUP024,2024-06-30
P02525,Ameliorated interactive interface,Books,1929.65,268,SUP068,2025-06-11
P02526,Vision-oriented intermediate frame,Beauty,1974.13,373,SUP037,2024-07-01
P02527,Polarized systematic task-force,Beauty,737.87,239,SUP035,2026-04-15
P02528,Managed exuding open system,Beauty,1479.42,47,SUP078,2026-02-24
P02529,Phased grid-enabled model,Home,188.4,424,SUP065,2024-12-03
P02530,Configurable systematic core,Sports,957.06,192,SUP029,2025-10-07
P02531,Automated multi-state ability,Books,1259.52,253,SUP043,2026-04-30
P02532,Horizontal demand-driven hierarchy,Home,173.61,401,SUP027,2025-06-30
P02533,Monitored next generation complexity,Books,518.7,42,SUP083,2025-10-19
P02534,Synchronized disintermediate ability,Sports,691.6,470,SUP096,2025-01-08
P02535,Self-enabling leadingedge groupware,Electronics,1941.49,247,SUP087,2025-12-18
P02536,Profit-focused actuating toolset,Beauty,239.46,225,SUP044,2024-08-12
P02537,Realigned mission-critical concept,Clothing,617.5,394,SUP080,2024-12-12
P02538,Centralized grid-enabled leverage,Electronics,541.79,67,SUP054,2024-09-25
P02539,Visionary actuating migration,Beauty,822.48,21,SUP038,2025-09-26
P02540,Virtual system-worthy collaboration,Books,1374.8,485,SUP032,2024-05-13
P02541,Monitored bandwidth-monitored analyzer,Sports,362.81,464,SUP091,2025-05-28
P02542,Enterprise-wide bottom-line secured line,Home,954.78,412,SUP008,2025-05-05
P02543,User-friendly composite projection,Sports,72.34,337,SUP062,2025-03-12
P02544,Balanced cohesive customer loyalty,Sports,255.68,494,SUP095,2025-04-05
P02545,Pre-emptive intangible neural-net,Clothing,1758.66,95,SUP075,2025-10-21
P02546,Exclusive systemic initiative,Electronics,236.99,330,SUP071,2024-09-15
P02547,Enhanced exuding challenge,Sports,308.96,158,SUP039,2025-05-11
P02548,Decentralized user-facing Internet solution,Beauty,1193.83,418,SUP095,2025-09-22
P02549,Digitized neutral process improvement,Beauty,1942.22,388,SUP038,2024-08-17
P02550,Inverse background conglomeration,Sports,1022.29,331,SUP094,2024-09-28
P02551,Multi-channeled executive help-desk,Home,1475.67,300,SUP052,2025-07-13
P02552,Focused full-range approach,Books,1596.2,306,SUP050,2024-10-03
P02553,Switchable cohesive concept,Beauty,1374.9,118,SUP054,2025-11-14
P02554,Ameliorated didactic throughput,Clothing,271.31,455,SUP063,2025-03-11
P02555,Streamlined systemic capability,Books,63.58,143,SUP009,2024-10-30
P02556,Public-key value-added Graphic Interface,Books,629.05,246,SUP064,2025-06-23
P02557,Advanced secondary workforce,Books,1572.25,441,SUP009,2024-05-05
P02558,Switchable didactic pricing structure,Home,1091.34,36,SUP086,2024-11-21
P02559,Public-key coherent algorithm,Sports,740.39,236,SUP017,2024-05-26
P02560,Cross-platform secondary focus group,Clothing,1374.22,98,SUP062,2024-08-14
P02561,Configurable motivating intranet,Home,331.44,298,SUP017,2025-08-20
P02562,Re-engineered dynamic system engine,Home,256.74,275,SUP076,2024-06-01
P02563,Total incremental productivity,Electronics,1674.48,453,SUP086,2024-10-05
P02564,Pre-emptive fault-tolerant framework,Clothing,1795.63,402,SUP095,2024-06-28
P02565,Virtual multi-tasking structure,Clothing,1040.38,311,SUP022,2024-09-18
P02566,Focused secondary Graphical User Interface,Beauty,637.86,137,SUP009,2025-08-25
P02567,Reverse-engineered asymmetric methodology,Electronics,960.26,260,SUP032,2025-03-01
P02568,Persistent clear-thinking customer loyalty,Books,759.91,307,SUP061,2024-11-29
P02569,Intuitive analyzing project,Beauty,1484.28,454,SUP046,2025-10-12
P02570,Customizable solution-oriented firmware,Home,632.68,327,SUP083,2025-06-04
P02571,Right-sized attitude-oriented function,Beauty,1411.18,93,SUP034,2024-11-25
P02572,User-friendly attitude-oriented protocol,Home,390.13,388,SUP050,2024-11-28
P02573,Grass-roots solution-oriented infrastructure,Books,769.85,466,SUP088,2025-01-05
P02574,Horizontal zero-defect protocol,Sports,904.31,179,SUP062,2024-11-12
P02575,Robust 3rdgeneration encoding,Home,1907.85,131,SUP083,2025-07-15
P02576,Object-based 5thgeneration collaboration,Clothing,342.57,291,SUP032,2025-01-14
P02577,Total bifurcated analyzer,Clothing,1604.99,361,SUP079,2025-03-15
P02578,Robust zero tolerance support,Books,502.8,29,SUP095,2024-10-05
P02579,Organized mobile Internet solution,Home,1945.85,329,SUP026,2025-09-23
P02580,Persevering responsive leverage,Beauty,1180.92,365,SUP008,2026-03-02
P02581,Multi-channeled neutral project,Sports,1945.26,129,SUP021,2026-03-22
P02582,Proactive executive complexity,Home,526.33,491,SUP044,2024-05-29
P02583,Function-based maximized synergy,Electronics,1906.07,76,SUP013,2025-09-19
P02584,Ergonomic national analyzer,Sports,1438.64,395,SUP026,2024-08-12
P02585,Programmable heuristic toolset,Electronics,285.14,227,SUP053,2024-06-12
P02586,Multi-lateral 24hour analyzer,Clothing,262.51,122,SUP076,2025-12-30
P02587,Customer-focused fresh-thinking challenge,Electronics,1902.65,303,SUP032,2024-10-05
P02588,Sharable bandwidth-monitored structure,Home,1656.35,419,SUP008,2025-09-20
P02589,Total asynchronous core,Sports,1224.87,174,SUP062,2024-07-10
P02590,Inverse bifurcated concept,Home,1231.43,298,SUP066,2025-04-03
P02591,Face-to-face transitional open system,Sports,1692.64,7,SUP010,2024-05-13
P02592,Monitored national hub,Clothing,228.51,224,SUP021,2024-10-12
P02593,Innovative hybrid data-warehouse,Electronics,1835.06,7,SUP097,2025-12-30
P02594,Phased regional capacity,Clothing,1013.48,103,SUP034,2024-12-24
P02595,Quality-focused clear-thinking installation,Home,878.81,193,SUP048,2024-08-06
P02596,Pre-emptive client-server framework,Home,237.25,192,SUP004,2025-01-11
P02597,Organic 3rdgeneration implementation,Sports,478.73,158,SUP086,2025-09-18
P02598,Re-contextualized mission-critical customer loyalty,Beauty,1028.06,90,SUP020,2024-07-19
P02599,Reduced responsive superstructure,Books,85.59,251,SUP015,2024-05-19
P02600,De-engineered methodical synergy,Sports,835.22,74,SUP046,2025-10-21
P02601,Versatile logistical moratorium,Home,1993.14,498,SUP041,2025-03-23
P02602,Versatile regional architecture,Beauty,895.14,253,SUP046,2024-10-26
P02603,Fundamental regional product,Clothing,661.8,157,SUP069,2025-10-25
P02604,Inverse contextually-based contingency,Clothing,1735.93,480,SUP007,2024-08-25
P02605,Business-focused hybrid workforce,Books,1128.18,1,SUP044,2024-11-10
P02606,Mandatory mobile structure,Clothing,1951.28,2,SUP084,2025-10-16
P02607,Cloned explicit installation,Electronics,557.51,217,SUP085,2025-05-01
P02608,Multi-lateral dedicated challenge,Clothing,421.27,180,SUP077,2025-06-23
P02609,Right-sized heuristic implementation,Clothing,435.38,435,SUP008,2025-07-29
P02610,Optimized radical array,Sports,790.17,245,SUP036,2025-07-28
P02611,Implemented tangible emulation,Home,125.78,76,SUP040,2024-07-09
P02612,Grass-roots cohesive encoding,Beauty,1690.15,496,SUP053,2025-10-30
P02613,Public-key mobile workforce,Home,1259.43,377,SUP012,2024-12-27
P02614,Face-to-face intermediate solution,Sports,499.17,352,SUP051,2025-04-12
P02615,Configurable intermediate portal,Home,1253.15,494,SUP023,2026-03-15
P02616,Re-contextualized client-driven solution,Clothing,1081.71,290,SUP086,2025-03-25
P02617,Persistent fresh-thinking utilization,Electronics,765.72,146,SUP061,2026-03-02
P02618,Cloned static function,Clothing,1948.2,389,SUP010,2025-12-10
P02619,Networked 24/7 frame,Clothing,1902.06,356,SUP053,2026-01-08
P02620,Inverse 6thgeneration focus group,Sports,1956.96,354,SUP035,2025-10-25
P02621,Enhanced responsive toolset,Home,1089.24,242,SUP046,2026-04-08
P02622,Object-based static software,Electronics,759.44,285,SUP049,2025-01-26
P02623,Optimized zero tolerance infrastructure,Books,1797.22,497,SUP033,2024-08-15
P02624,Upgradable responsive matrix,Books,185.98,2,SUP012,2026-04-28
P02625,Monitored fault-tolerant solution,Home,1807.47,218,SUP005,2025-11-01
P02626,Multi-layered empowering productivity,Clothing,792.4,399,SUP097,2025-05-26
P02627,Versatile disintermediate model,Electronics,84.24,471,SUP059,2024-06-12
P02628,Universal discrete knowledgebase,Beauty,246.98,82,SUP100,2025-10-19
P02629,Reactive bottom-line moderator,Beauty,1646.71,36,SUP052,2024-07-09
P02630,Public-key multi-state policy,Clothing,1237.63,313,SUP035,2024-11-19
P02631,Cross-platform intermediate capacity,Clothing,970.71,339,SUP070,2024-10-07
P02632,Multi-channeled contextually-based pricing structure,Home,695.31,41,SUP027,2024-06-04
P02633,Extended object-oriented parallelism,Books,1201.88,212,SUP064,2024-12-29
P02634,Upgradable multi-state knowledgebase,Books,1724.58,99,SUP032,2025-04-19
P02635,Open-source coherent neural-net,Electronics,208.85,70,SUP009,2025-02-21
P02636,User-centric empowering middleware,Books,220.81,16,SUP020,2024-07-27
P02637,Mandatory analyzing synergy,Clothing,124.25,357,SUP027,2024-12-11
P02638,Configurable client-server customer loyalty,Electronics,1013.12,122,SUP096,2024-10-11
P02639,Virtual local model,Sports,1058.36,395,SUP072,2024-12-02
P02640,Adaptive 24hour implementation,Books,1196.76,402,SUP068,2024-08-10
P02641,Polarized interactive website,Home,1876.06,313,SUP088,2025-06-29
P02642,Cross-platform motivating model,Books,149.05,19,SUP040,2026-02-05
P02643,Fundamental composite paradigm,Electronics,1064.04,65,SUP092,2025-07-17
P02644,Profit-focused empowering task-force,Home,697.91,359,SUP099,2026-02-20
P02645,Mandatory dynamic service-desk,Sports,1149.91,283,SUP010,2025-04-18
P02646,Team-oriented systemic neural-net,Beauty,1872.2,357,SUP026,2025-05-29
P02647,Managed grid-enabled intranet,Home,1207.86,441,SUP002,2025-01-05
P02648,Reduced 3rdgeneration synergy,Books,1003.85,412,SUP088,2025-03-11
P02649,Total value-added structure,Electronics,58.23,39,SUP027,2025-04-14
P02650,Future-proofed neutral success,Sports,581.79,409,SUP069,2025-02-02
P02651,Phased needs-based functionalities,Home,1100.96,301,SUP024,2024-07-19
P02652,Managed holistic capacity,Sports,554.59,288,SUP063,2025-05-08
P02653,Versatile asynchronous project,Clothing,1003.59,210,SUP038,2025-03-26
P02654,Distributed radical throughput,Sports,163.4,324,SUP010,2025-04-23
P02655,User-friendly full-range capacity,Books,1616.87,78,SUP050,2025-09-27
P02656,Organic multimedia time-frame,Sports,1776.37,165,SUP014,2024-06-26
P02657,Adaptive optimal function,Beauty,518.85,324,SUP094,2024-08-11
P02658,Assimilated 4thgeneration website,Sports,1639.29,339,SUP053,2025-05-22
P02659,Sharable upward-trending neural-net,Home,732.86,228,SUP071,2026-02-07
P02660,Universal methodical forecast,Electronics,1123.97,156,SUP036,2024-07-17
P02661,Digitized real-time projection,Beauty,420.28,490,SUP085,2025-07-10
P02662,Cloned scalable product,Home,6.08,120,SUP080,2026-03-30
P02663,Fundamental disintermediate ability,Home,1479.46,497,SUP006,2026-04-23
P02664,Open-source exuding success,Electronics,445.75,465,SUP054,2026-01-26
P02665,Ergonomic uniform open system,Books,153.56,459,SUP025,2024-08-30
P02666,Enterprise-wide exuding utilization,Sports,649.56,233,SUP061,2024-07-04
P02667,Self-enabling even-keeled budgetary management,Electronics,1657.87,43,SUP058,2024-10-05
P02668,Progressive executive time-frame,Books,175.69,91,SUP033,2025-09-10
P02669,Operative 6thgeneration moratorium,Sports,1364.66,361,SUP001,2025-05-04
P02670,Virtual multi-tasking Internet solution,Home,1298.16,397,SUP050,2024-09-14
P02671,Vision-oriented mission-critical parallelism,Home,541.18,272,SUP044,2026-04-07
P02672,Exclusive coherent process improvement,Electronics,961.26,118,SUP087,2025-07-29
P02673,Multi-channeled background focus group,Electronics,1650.22,486,SUP077,2024-06-27
P02674,Universal solution-oriented model,Books,803.59,337,SUP090,2024-07-23
P02675,Reactive needs-based neural-net,Home,456.42,370,SUP048,2024-07-04
P02676,Synergistic static standardization,Home,1631.65,411,SUP020,2025-04-08
P02677,Pre-emptive incremental success,Electronics,726.89,382,SUP018,2024-06-20
P02678,Inverse optimal synergy,Electronics,1792.01,445,SUP077,2024-05-24
P02679,Function-based user-facing paradigm,Beauty,1336.96,432,SUP020,2026-01-26
P02680,Vision-oriented high-level success,Sports,1238.38,362,SUP046,2026-04-13
P02681,Face-to-face well-modulated emulation,Books,1642.85,36,SUP098,2025-11-01
P02682,Multi-channeled background interface,Electronics,1250.06,185,SUP087,2025-11-29
P02683,Fundamental 3rdgeneration budgetary management,Sports,1965.12,245,SUP070,2024-09-13
P02684,Versatile systemic system engine,Home,521.21,454,SUP063,2024-12-13
P02685,Phased intangible concept,Clothing,890.65,323,SUP002,2025-07-25
P02686,Synchronized uniform model,Home,463.24,455,SUP085,2026-01-28
P02687,Extended contextually-based installation,Books,423.14,72,SUP086,2025-09-03
P02688,Progressive directional application,Sports,633.65,52,SUP002,2025-12-04
P02689,Persistent secondary product,Clothing,1346.71,396,SUP069,2024-12-18
P02690,Fundamental modular task-force,Electronics,1309.14,403,SUP076,2025-06-08
P02691,Versatile explicit policy,Clothing,1746.74,95,SUP023,2026-03-18
P02692,Assimilated exuding challenge,Sports,952.91,181,SUP053,2025-09-22
P02693,Optimized cohesive framework,Home,204.73,275,SUP020,2025-10-30
P02694,Profound user-facing definition,Sports,426.01,330,SUP071,2025-02-18
P02695,Object-based even-keeled emulation,Books,1122.23,431,SUP013,2025-09-16
P02696,Automated explicit alliance,Sports,1839.83,299,SUP094,2024-09-11
P02697,Profit-focused content-based matrices,Beauty,303.01,337,SUP034,2025-11-26
P02698,Persistent 3rdgeneration parallelism,Home,45.0,301,SUP087,2026-03-25
P02699,Monitored multi-state model,Electronics,751.43,356,SUP021,2026-02-24
P02700,Multi-tiered context-sensitive knowledge user,Beauty,1974.33,279,SUP026,2024-11-15
P02701,Intuitive fresh-thinking product,Home,1927.74,153,SUP096,2025-08-04
P02702,Mandatory logistical structure,Beauty,967.11,431,SUP031,2025-12-15
P02703,User-friendly even-keeled productivity,Electronics,216.93,158,SUP072,2025-10-28
P02704,Ergonomic responsive groupware,Books,11.95,134,SUP013,2025-03-04
P02705,Upgradable multi-state moderator,Home,1889.33,46,SUP032,2025-09-01
P02706,Open-source value-added secured line,Sports,1056.95,326,SUP096,2024-09-01
P02707,Versatile value-added initiative,Beauty,705.43,406,SUP070,2025-01-26
P02708,Grass-roots asymmetric alliance,Beauty,390.4,390,SUP011,2026-01-21
P02709,Up-sized heuristic database,Sports,590.8,55,SUP045,2024-12-20
P02710,Digitized regional flexibility,Books,1778.57,187,SUP030,2025-06-25
P02711,Virtual fresh-thinking budgetary management,Sports,119.3,441,SUP035,2025-08-15
P02712,Monitored leadingedge implementation,Electronics,507.32,359,SUP007,2025-07-23
P02713,Universal multi-tasking policy,Home,1574.93,395,SUP083,2024-07-24
P02714,Extended systematic neural-net,Books,1633.09,231,SUP048,2025-12-14
P02715,Reduced demand-driven Internet solution,Books,1445.91,482,SUP055,2025-01-23
P02716,Implemented interactive knowledge user,Beauty,1112.46,298,SUP061,2024-11-12
P02717,Profit-focused uniform time-frame,Home,1919.58,96,SUP073,2024-07-11
P02718,Exclusive attitude-oriented superstructure,Beauty,248.15,166,SUP025,2025-09-23
P02719,Re-engineered object-oriented product,Beauty,1114.73,112,SUP016,2024-06-10
P02720,Reduced content-based conglomeration,Beauty,1532.34,142,SUP056,2025-08-19
P02721,Phased even-keeled alliance,Electronics,101.22,182,SUP040,2024-12-05
P02722,Horizontal attitude-oriented Local Area Network,Home,635.53,387,SUP075,2025-12-13
P02723,User-centric asynchronous utilization,Sports,1083.11,361,SUP091,2025-07-17
P02724,Organized needs-based migration,Beauty,1662.85,217,SUP050,2026-04-26
P02725,Innovative well-modulated projection,Clothing,819.51,18,SUP094,2024-12-22
P02726,Triple-buffered stable moderator,Home,665.37,479,SUP020,2026-01-06
P02727,Team-oriented interactive implementation,Home,980.39,9,SUP011,2025-10-02
P02728,Multi-layered 5thgeneration policy,Electronics,1679.28,182,SUP100,2025-07-04
P02729,Profit-focused asymmetric architecture,Sports,365.54,271,SUP023,2025-11-10
P02730,Adaptive eco-centric emulation,Clothing,1684.34,67,SUP005,2024-11-08
P02731,Innovative modular attitude,Beauty,1660.27,198,SUP012,2026-04-06
P02732,Multi-layered global projection,Sports,820.83,240,SUP093,2024-05-27
P02733,Organic attitude-oriented success,Home,461.15,462,SUP077,2025-05-10
P02734,Focused client-server migration,Books,1690.18,365,SUP074,2025-06-02
P02735,Multi-layered heuristic parallelism,Electronics,1556.53,304,SUP091,2025-03-24
P02736,Cloned transitional structure,Books,1286.57,27,SUP069,2024-11-05
P02737,Ergonomic leadingedge leverage,Home,1616.38,243,SUP065,2026-04-17
P02738,Future-proofed upward-trending success,Clothing,496.77,464,SUP014,2024-07-10
P02739,Business-focused optimal superstructure,Beauty,415.17,469,SUP007,2025-03-17
P02740,Multi-channeled foreground access,Home,1271.8,190,SUP012,2025-01-11
P02741,Devolved secondary interface,Clothing,814.23,491,SUP049,2026-04-09
P02742,Reduced tertiary utilization,Electronics,319.12,127,SUP009,2026-02-18
P02743,De-engineered well-modulated encoding,Home,74.68,440,SUP034,2025-12-31
P02744,Future-proofed logistical adapter,Clothing,1986.13,201,SUP050,2024-10-16
P02745,Polarized dynamic Graphical User Interface,Clothing,171.95,77,SUP006,2024-12-16
P02746,Ameliorated object-oriented policy,Electronics,430.17,284,SUP051,2025-03-23
P02747,User-friendly human-resource Graphic Interface,Home,1022.51,323,SUP029,2025-06-30
P02748,Self-enabling full-range artificial intelligence,Sports,30.84,109,SUP098,2025-12-28
P02749,Inverse hybrid service-desk,Sports,1632.03,7,SUP056,2024-12-04
P02750,Down-sized 4thgeneration installation,Beauty,876.12,254,SUP033,2024-08-26
P02751,Stand-alone attitude-oriented analyzer,Sports,879.46,402,SUP076,2025-08-06
P02752,Synergistic human-resource complexity,Electronics,818.85,412,SUP046,2024-12-22
P02753,Automated methodical workforce,Home,1800.78,296,SUP062,2026-03-09
P02754,Vision-oriented intermediate forecast,Sports,548.42,399,SUP015,2024-06-12
P02755,Distributed high-level time-frame,Electronics,1405.83,266,SUP016,2024-06-08
P02756,Programmable asynchronous groupware,Clothing,368.79,418,SUP010,2024-05-25
P02757,Organized incremental adapter,Electronics,1551.45,361,SUP007,2024-06-21
P02758,Multi-tiered holistic functionalities,Home,1925.47,373,SUP040,2024-05-10
P02759,Streamlined 24hour hardware,Beauty,699.11,474,SUP034,2026-03-09
P02760,Object-based tertiary flexibility,Home,928.04,298,SUP091,2025-08-25
P02761,Enterprise-wide attitude-oriented Local Area Network,Home,901.36,280,SUP092,2025-11-17
P02762,Profit-focused national protocol,Electronics,1325.35,146,SUP020,2024-12-05
P02763,Down-sized contextually-based function,Books,1716.42,54,SUP015,2025-07-21
P02764,Stand-alone dynamic definition,Beauty,560.38,294,SUP064,2025-04-24
P02765,Sharable object-oriented benchmark,Electronics,1726.59,495,SUP085,2026-02-06
P02766,Intuitive system-worthy intranet,Clothing,855.4,351,SUP006,2026-04-28
P02767,Implemented impactful database,Home,136.32,27,SUP068,2025-09-21
P02768,Ergonomic 6thgeneration strategy,Sports,1873.28,304,SUP065,2025-05-19
P02769,Realigned bifurcated service-desk,Home,780.28,120,SUP048,2024-12-10
P02770,Vision-oriented bottom-line adapter,Sports,1243.25,245,SUP050,2025-12-15
P02771,Front-line national circuit,Clothing,842.43,487,SUP034,2026-04-14
P02772,Streamlined fault-tolerant productivity,Home,1530.07,68,SUP100,2025-03-21
P02773,Horizontal logistical benchmark,Beauty,35.3,55,SUP028,2025-12-10
P02774,Adaptive secondary array,Clothing,1457.11,55,SUP087,2024-12-01
P02775,Balanced 3rdgeneration Internet solution,Home,1984.72,42,SUP002,2025-04-05
P02776,Extended explicit ability,Books,1529.47,106,SUP071,2025-09-11
P02777,Compatible impactful product,Electronics,235.14,19,SUP037,2024-07-31
P02778,Virtual didactic open architecture,Home,1325.57,293,SUP097,2024-07-14
P02779,Decentralized actuating policy,Home,1601.64,40,SUP054,2024-11-06
P02780,Ameliorated explicit extranet,Clothing,335.26,244,SUP002,2024-05-31
P02781,Total dynamic attitude,Sports,1786.82,30,SUP038,2024-06-04
P02782,Organic 4thgeneration hardware,Beauty,691.08,77,SUP040,2025-05-22
P02783,Expanded regional service-desk,Books,1988.21,237,SUP079,2024-09-19
P02784,Reactive cohesive firmware,Books,371.52,403,SUP032,2026-02-28
P02785,Reverse-engineered interactive architecture,Beauty,1894.91,314,SUP019,2026-03-17
P02786,Persistent actuating concept,Electronics,374.01,44,SUP076,2025-08-18
P02787,Integrated bi-directional definition,Clothing,1120.1,318,SUP097,2025-02-20
P02788,Organized full-range standardization,Electronics,1850.73,469,SUP089,2025-05-26
P02789,Re-engineered cohesive monitoring,Books,1338.53,201,SUP076,2025-07-19
P02790,Face-to-face mission-critical standardization,Books,178.35,434,SUP019,2026-02-18
P02791,Streamlined cohesive secured line,Clothing,1593.86,159,SUP033,2025-07-08
P02792,Seamless object-oriented pricing structure,Beauty,1868.18,479,SUP093,2026-03-31
P02793,Realigned value-added encoding,Clothing,1795.18,407,SUP027,2025-10-08
P02794,Grass-roots needs-based leverage,Beauty,128.07,94,SUP046,2026-03-12
P02795,Multi-tiered stable task-force,Books,1323.42,379,SUP061,2024-08-06
P02796,Operative system-worthy hub,Clothing,1519.81,368,SUP040,2024-10-10
P02797,Business-focused multi-tasking encoding,Clothing,1159.7,411,SUP008,2024-07-03
P02798,Re-engineered tangible task-force,Clothing,916.51,201,SUP077,2024-05-22
P02799,Cloned eco-centric extranet,Electronics,1090.76,196,SUP019,2025-06-28
P02800,Front-line regional secured line,Electronics,1940.1,446,SUP084,2026-03-08
P02801,Function-based 4thgeneration website,Books,247.73,441,SUP016,2026-01-15
P02802,Decentralized background success,Electronics,1789.78,48,SUP040,2026-01-22
P02803,Centralized logistical challenge,Home,1699.76,169,SUP080,2025-12-17
P02804,Advanced needs-based circuit,Beauty,220.38,128,SUP019,2026-01-16
P02805,Universal grid-enabled access,Home,1847.79,159,SUP099,2026-03-31
P02806,Secured optimal challenge,Home,661.83,90,SUP037,2024-06-28
P02807,Automated exuding matrices,Home,1070.35,252,SUP004,2024-09-14
P02808,Advanced optimal archive,Clothing,1821.88,169,SUP027,2025-11-08
P02809,Synergistic 24/7 capacity,Sports,143.09,149,SUP069,2024-12-09
P02810,Self-enabling analyzing core,Home,1959.38,471,SUP038,2024-06-08
P02811,Automated zero administration moratorium,Books,1332.87,379,SUP053,2025-01-19
P02812,Phased homogeneous conglomeration,Sports,1759.64,49,SUP088,2025-05-06
P02813,Multi-tiered demand-driven collaboration,Books,1555.09,429,SUP002,2025-07-04
P02814,Monitored discrete utilization,Books,1495.7,21,SUP017,2024-07-25
P02815,Function-based human-resource data-warehouse,Beauty,1154.06,161,SUP094,2026-02-02
P02816,Reverse-engineered regional open architecture,Sports,854.34,224,SUP090,2025-09-17
P02817,Intuitive grid-enabled infrastructure,Sports,450.69,194,SUP088,2024-11-16
P02818,Compatible methodical productivity,Sports,1139.89,454,SUP046,2025-09-20
P02819,Integrated value-added capacity,Books,1313.09,245,SUP046,2026-02-14
P02820,Down-sized high-level capacity,Clothing,531.43,236,SUP061,2024-08-30
P02821,Multi-layered leadingedge approach,Electronics,475.43,91,SUP018,2025-12-03
P02822,Re-contextualized systemic orchestration,Sports,1460.18,471,SUP019,2025-12-18
P02823,Inverse secondary encryption,Electronics,1819.57,209,SUP040,2026-02-18
P02824,Enhanced real-time ability,Sports,1801.5,145,SUP067,2026-04-25
P02825,Front-line uniform encoding,Clothing,1635.81,481,SUP075,2026-01-21
P02826,Streamlined empowering matrix,Books,1088.28,484,SUP093,2024-06-21
P02827,Pre-emptive value-added adapter,Beauty,1204.86,409,SUP053,2025-06-01
P02828,Programmable bottom-line website,Clothing,1968.88,113,SUP032,2024-07-22
P02829,Cross-group asynchronous budgetary management,Clothing,453.38,98,SUP016,2024-12-27
P02830,Implemented neutral interface,Clothing,584.37,411,SUP004,2024-07-21
P02831,Cloned fault-tolerant system engine,Home,1110.38,447,SUP100,2025-06-04
P02832,Customizable tangible data-warehouse,Electronics,971.42,304,SUP059,2025-08-06
P02833,Open-source real-time methodology,Electronics,889.06,29,SUP052,2024-06-11
P02834,Virtual coherent process improvement,Books,1853.69,73,SUP056,2025-02-01
P02835,Integrated 24hour leverage,Sports,815.41,406,SUP088,2026-04-07
P02836,Re-engineered needs-based Graphical User Interface,Electronics,720.7,32,SUP056,2024-06-13
P02837,Horizontal fresh-thinking matrices,Home,1089.12,311,SUP044,2025-08-14
P02838,Virtual 3rdgeneration forecast,Sports,59.09,15,SUP051,2026-03-20
P02839,Sharable context-sensitive protocol,Books,1157.15,330,SUP042,2025-07-02
P02840,Progressive 3rdgeneration capacity,Electronics,1738.68,490,SUP016,2024-10-07
P02841,Face-to-face secondary website,Beauty,122.83,373,SUP100,2026-04-18
P02842,Public-key optimal firmware,Sports,1262.72,202,SUP075,2026-02-16
P02843,Grass-roots solution-oriented hub,Beauty,429.67,263,SUP021,2026-02-10
P02844,Sharable executive emulation,Home,384.38,464,SUP053,2025-01-16
P02845,Reactive coherent leverage,Clothing,1894.68,240,SUP058,2025-02-27
P02846,Open-source solution-oriented support,Home,949.54,52,SUP094,2024-06-20
P02847,Reverse-engineered needs-based Local Area Network,Books,1853.9,315,SUP015,2025-03-14
P02848,Profound static extranet,Home,1510.87,483,SUP079,2024-11-23
P02849,Seamless 3rdgeneration throughput,Clothing,1483.82,465,SUP047,2025-11-19
P02850,Multi-tiered client-driven analyzer,Home,1985.0,25,SUP068,2024-05-05
P02851,Front-line executive application,Sports,440.26,347,SUP054,2025-06-27
P02852,De-engineered zero-defect hardware,Beauty,1362.56,292,SUP063,2025-07-21
P02853,Compatible incremental capacity,Books,183.46,462,SUP030,2025-08-01
P02854,Object-based bandwidth-monitored function,Beauty,1139.18,207,SUP011,2025-04-08
P02855,Organized neutral conglomeration,Clothing,1570.1,60,SUP003,2025-02-24
P02856,Face-to-face executive benchmark,Beauty,1200.33,226,SUP038,2025-08-03
P02857,Multi-lateral coherent capability,Home,93.64,476,SUP053,2024-06-20
P02858,Pre-emptive incremental productivity,Sports,1294.88,431,SUP040,2024-09-25
P02859,Enterprise-wide real-time open architecture,Electronics,459.9,98,SUP099,2024-09-23
P02860,Total object-oriented standardization,Beauty,847.24,350,SUP034,2025-12-30
P02861,Decentralized web-enabled paradigm,Electronics,1475.69,428,SUP007,2025-11-21
P02862,Balanced static firmware,Beauty,1861.64,401,SUP075,2024-09-11
P02863,Assimilated fresh-thinking methodology,Home,1088.72,98,SUP060,2024-05-30
P02864,Proactive disintermediate frame,Books,1118.88,157,SUP008,2026-03-05
P02865,Total exuding groupware,Sports,214.91,454,SUP095,2024-12-29
P02866,Advanced logistical knowledge user,Clothing,715.85,295,SUP089,2025-08-26
P02867,Organic systematic adapter,Home,1206.95,84,SUP030,2024-10-06
P02868,Programmable grid-enabled protocol,Home,332.63,372,SUP037,2025-12-22
P02869,Optional scalable alliance,Books,967.28,331,SUP014,2024-08-16
P02870,Expanded heuristic customer loyalty,Sports,180.91,268,SUP007,2024-08-16
P02871,Public-key hybrid support,Beauty,653.59,484,SUP031,2026-04-29
P02872,Open-source leadingedge software,Sports,1133.62,56,SUP019,2024-06-04
P02873,Self-enabling systematic database,Clothing,1330.09,174,SUP021,2024-12-16
P02874,Pre-emptive zero tolerance extranet,Electronics,159.94,323,SUP075,2025-12-04
P02875,Upgradable high-level task-force,Home,1303.05,42,SUP011,2024-11-15
P02876,Ergonomic mobile hierarchy,Clothing,1306.96,302,SUP050,2026-04-16
P02877,Devolved hybrid benchmark,Electronics,1907.61,224,SUP062,2025-01-23
P02878,Advanced value-added emulation,Sports,833.84,150,SUP097,2024-12-28
P02879,Team-oriented responsive utilization,Books,1883.84,305,SUP058,2025-02-19
P02880,Focused web-enabled success,Beauty,975.93,399,SUP009,2025-12-09
P02881,Reactive stable core,Beauty,1227.08,341,SUP009,2025-10-03
P02882,Adaptive exuding success,Books,20.65,44,SUP016,2026-02-24
P02883,Object-based transitional frame,Beauty,784.53,113,SUP027,2024-07-12
P02884,Multi-channeled high-level secured line,Beauty,999.83,470,SUP089,2025-02-10
P02885,Advanced optimal forecast,Beauty,299.95,243,SUP073,2025-11-02
P02886,Synergistic directional secured line,Clothing,1820.51,254,SUP017,2025-07-29
P02887,Quality-focused global solution,Electronics,939.79,477,SUP026,2025-10-03
P02888,Profound discrete ability,Beauty,936.6,192,SUP001,2024-07-06
P02889,Cross-platform encompassing help-desk,Sports,1272.47,242,SUP007,2025-10-18
P02890,Up-sized optimizing open system,Books,171.56,259,SUP004,2025-05-13
P02891,Devolved reciprocal methodology,Beauty,1945.31,144,SUP078,2026-02-09
P02892,Switchable exuding hierarchy,Sports,1369.57,487,SUP012,2025-05-06
P02893,Quality-focused fresh-thinking protocol,Beauty,618.89,289,SUP076,2025-04-12
P02894,Assimilated maximized alliance,Home,1664.25,479,SUP053,2026-01-18
P02895,Stand-alone homogeneous migration,Books,1486.63,260,SUP027,2025-07-30
P02896,Focused asymmetric emulation,Beauty,932.74,327,SUP091,2025-06-30
P02897,Organic didactic encoding,Clothing,276.92,93,SUP084,2026-03-14
P02898,Total coherent Graphical User Interface,Beauty,1889.16,500,SUP007,2024-09-30
P02899,Advanced background website,Clothing,187.78,434,SUP081,2025-05-31
P02900,Robust object-oriented alliance,Sports,60.6,6,SUP076,2024-06-04
P02901,Function-based transitional system engine,Books,1467.0,244,SUP050,2024-11-15
P02902,Innovative system-worthy encryption,Sports,818.13,185,SUP053,2024-06-02
P02903,Triple-buffered 24/7 alliance,Home,279.1,258,SUP072,2025-05-05
P02904,Optimized client-server customer loyalty,Sports,731.55,497,SUP030,2025-03-08
P02905,Secured encompassing toolset,Books,77.95,456,SUP066,2026-02-01
P02906,Synergistic asynchronous collaboration,Sports,980.18,104,SUP075,2025-09-17
P02907,Team-oriented incremental knowledge user,Sports,1442.77,465,SUP011,2025-12-26
P02908,Monitored content-based structure,Books,420.58,2,SUP057,2024-12-04
P02909,Monitored attitude-oriented frame,Electronics,1223.08,28,SUP099,2026-04-05
P02910,Synergized cohesive strategy,Clothing,1894.66,167,SUP037,2025-07-28
P02911,Multi-tiered asynchronous policy,Books,1328.38,463,SUP079,2026-04-27
P02912,Secured incremental info-mediaries,Sports,1595.16,491,SUP016,2024-10-13
P02913,Decentralized encompassing system engine,Clothing,662.7,151,SUP026,2025-02-20
P02914,Ameliorated dynamic knowledge user,Electronics,642.61,243,SUP040,2025-06-23
P02915,Customizable client-driven time-frame,Beauty,555.75,434,SUP039,2024-08-02
P02916,Distributed value-added utilization,Electronics,342.77,71,SUP083,2025-06-30
P02917,Customizable holistic structure,Books,1311.47,119,SUP042,2025-12-03
P02918,Managed optimizing analyzer,Books,1478.13,259,SUP001,2024-08-17
P02919,Multi-channeled empowering moderator,Home,1286.76,62,SUP045,2025-06-12
P02920,Open-architected stable adapter,Electronics,1557.9,213,SUP016,2026-03-31
P02921,Intuitive composite secured line,Home,1182.9,463,SUP060,2024-10-07
P02922,Automated zero administration collaboration,Home,111.21,380,SUP010,2025-06-16
P02923,Reactive multi-state project,Clothing,1653.79,153,SUP055,2024-07-12
P02924,Reduced bottom-line neural-net,Books,1183.26,78,SUP099,2026-03-28
P02925,Innovative asynchronous firmware,Home,1101.17,204,SUP036,2025-06-23
P02926,Cross-platform heuristic service-desk,Home,1792.18,64,SUP043,2025-05-02
P02927,Multi-channeled explicit open architecture,Beauty,329.63,231,SUP059,2025-10-22
P02928,De-engineered foreground infrastructure,Clothing,811.49,298,SUP021,2024-09-13
P02929,Synergized local workforce,Electronics,1025.08,420,SUP085,2025-03-18
P02930,Phased bifurcated access,Sports,880.06,41,SUP063,2026-03-15
P02931,Visionary client-driven capacity,Clothing,1466.99,398,SUP006,2025-08-20
P02932,Organized cohesive system engine,Beauty,1996.24,364,SUP019,2025-12-26
P02933,Adaptive scalable algorithm,Beauty,632.98,110,SUP035,2025-04-22
P02934,Focused logistical knowledgebase,Electronics,628.26,41,SUP095,2025-08-22
P02935,Distributed client-server circuit,Books,1232.78,135,SUP067,2024-12-01
P02936,Customer-focused multi-state database,Electronics,838.0,217,SUP054,2025-06-26
P02937,Distributed object-oriented process improvement,Beauty,335.6,317,SUP075,2025-08-28
P02938,Open-architected directional superstructure,Home,758.26,147,SUP015,2026-05-04
P02939,Secured mobile support,Clothing,1294.15,443,SUP032,2025-08-24
P02940,Operative needs-based pricing structure,Home,1239.3,206,SUP047,2025-01-30
P02941,Advanced cohesive frame,Books,464.79,115,SUP012,2025-01-04
P02942,Cross-group static open system,Beauty,405.8,101,SUP074,2025-11-13
P02943,User-centric didactic standardization,Sports,1151.78,402,SUP070,2025-03-21
P02944,Centralized optimal challenge,Home,34.48,447,SUP038,2025-08-23
P02945,Reduced zero-defect functionalities,Beauty,1426.18,247,SUP083,2026-02-06
P02946,Up-sized optimal application,Home,1446.02,298,SUP040,2026-04-13
P02947,Cross-platform fresh-thinking help-desk,Books,1185.25,10,SUP087,2025-08-15
P02948,Universal discrete system engine,Sports,799.71,181,SUP040,2024-08-05
P02949,Persevering scalable middleware,Electronics,1395.95,470,SUP099,2025-12-27
P02950,Ergonomic dynamic standardization,Sports,209.15,235,SUP022,2024-08-17
P02951,Phased 4thgeneration encoding,Clothing,1731.61,244,SUP079,2026-03-03
P02952,Enhanced executive moratorium,Electronics,1141.55,377,SUP094,2025-06-06
P02953,Fundamental web-enabled groupware,Electronics,728.53,406,SUP061,2025-08-22
P02954,Customizable dedicated encoding,Sports,322.46,158,SUP030,2026-02-24
P02955,Open-architected exuding emulation,Beauty,1597.15,251,SUP043,2025-02-01
P02956,Reverse-engineered transitional Internet solution,Clothing,767.12,252,SUP072,2024-07-04
P02957,Monitored foreground knowledgebase,Electronics,1530.08,23,SUP011,2025-05-01
P02958,Programmable multimedia frame,Electronics,254.92,100,SUP022,2026-02-14
P02959,Optimized solution-oriented frame,Books,567.79,145,SUP001,2024-12-09
P02960,Face-to-face clear-thinking open system,Electronics,1836.98,467,SUP070,2024-07-03
P02961,Customer-focused object-oriented attitude,Sports,477.25,292,SUP074,2025-04-01
P02962,Enhanced global functionalities,Books,1101.22,45,SUP066,2025-04-30
P02963,Programmable zero administration definition,Books,1683.99,419,SUP044,2026-02-20
P02964,Fundamental encompassing middleware,Sports,1047.65,101,SUP083,2024-09-16
P02965,Mandatory clear-thinking hub,Electronics,1606.3,223,SUP094,2026-04-09
P02966,User-friendly regional array,Beauty,1840.48,499,SUP064,2025-12-19
P02967,Operative cohesive adapter,Beauty,1408.95,122,SUP044,2025-12-28
P02968,Focused stable customer loyalty,Beauty,21.02,495,SUP100,2025-02-06
P02969,Monitored actuating workforce,Home,1300.94,500,SUP088,2024-07-08
P02970,Front-line 4thgeneration analyzer,Home,1598.86,30,SUP057,2024-07-02
P02971,Operative intangible migration,Books,1795.17,41,SUP082,2026-01-30
P02972,Quality-focused disintermediate capacity,Books,991.93,401,SUP057,2024-06-05
P02973,Progressive non-volatile instruction set,Beauty,1840.13,24,SUP018,2025-03-16
P02974,Horizontal mission-critical interface,Sports,572.98,228,SUP046,2024-08-20
P02975,Configurable radical policy,Electronics,56.28,380,SUP060,2026-02-27
P02976,Organic bandwidth-monitored time-frame,Sports,290.29,485,SUP053,2025-11-10
P02977,Compatible stable moratorium,Books,526.19,292,SUP063,2024-11-29
P02978,Object-based hybrid process improvement,Books,1081.1,480,SUP065,2026-03-23
P02979,Up-sized impactful product,Beauty,1374.61,109,SUP078,2024-10-01
P02980,Business-focused real-time intranet,Books,1008.62,25,SUP023,2024-10-31
P02981,Triple-buffered maximized throughput,Home,1324.24,206,SUP040,2024-11-18
P02982,Decentralized client-server archive,Sports,582.05,442,SUP093,2025-01-06
P02983,De-engineered dynamic forecast,Home,536.52,366,SUP068,2025-04-18
P02984,Organic disintermediate parallelism,Home,89.52,225,SUP089,2026-02-25
P02985,Extended responsive analyzer,Home,1160.72,307,SUP069,2025-03-21
P02986,Down-sized directional encoding,Sports,1260.39,113,SUP056,2024-05-27
P02987,Front-line full-range portal,Clothing,1371.84,87,SUP089,2026-03-19
P02988,Proactive foreground challenge,Books,1329.26,130,SUP098,2025-06-05
P02989,Profit-focused context-sensitive knowledgebase,Books,1809.18,166,SUP073,2025-02-01
P02990,Automated 3rdgeneration benchmark,Electronics,1048.74,269,SUP074,2025-03-12
P02991,Networked reciprocal contingency,Books,50.7,417,SUP005,2025-09-28
P02992,Realigned encompassing circuit,Books,1911.99,464,SUP028,2025-03-28
P02993,Networked encompassing synergy,Beauty,1039.05,477,SUP074,2024-08-02
P02994,Cloned modular middleware,Books,447.65,226,SUP040,2025-04-25
P02995,Multi-layered local moderator,Electronics,873.17,375,SUP071,2025-06-03
P02996,Reverse-engineered even-keeled instruction set,Books,38.58,0,SUP024,2025-10-01
P02997,Reactive object-oriented function,Clothing,274.26,339,SUP007,2025-02-10
P02998,Distributed tertiary toolset,Home,1913.89,175,SUP031,2024-10-05
P02999,De-engineered encompassing methodology,Books,720.59,125,SUP092,2024-07-24
P03000,Team-oriented zero-defect attitude,Clothing,1498.43,262,SUP040,2025-08-27
P03001,Assimilated logistical hardware,Beauty,135.65,469,SUP029,2024-10-02
P03002,Intuitive web-enabled archive,Electronics,1986.39,93,SUP002,2024-05-24
P03003,Extended 24hour secured line,Books,1588.26,126,SUP028,2024-09-05
P03004,Innovative 6thgeneration database,Electronics,1751.94,221,SUP065,2024-11-24
P03005,Enterprise-wide tertiary attitude,Home,1263.57,261,SUP055,2025-07-29
P03006,Innovative high-level initiative,Sports,908.57,230,SUP016,2025-02-01
P03007,Multi-layered multi-state benchmark,Electronics,830.82,386,SUP076,2024-09-21
P03008,Vision-oriented incremental definition,Electronics,1309.61,403,SUP025,2026-03-23
P03009,Reactive system-worthy challenge,Beauty,43.6,468,SUP091,2024-06-11
P03010,Persistent contextually-based hardware,Clothing,1364.97,232,SUP061,2025-07-13
P03011,Pre-emptive composite intranet,Clothing,504.28,411,SUP039,2024-12-11
P03012,Extended grid-enabled system engine,Home,1606.98,115,SUP099,2026-04-22
P03013,Focused client-driven standardization,Clothing,1821.64,327,SUP052,2024-05-12
P03014,Networked composite software,Electronics,1431.28,179,SUP090,2026-01-19
P03015,Ergonomic executive access,Home,854.9,17,SUP043,2024-08-02
P03016,Public-key value-added hub,Books,558.49,433,SUP016,2025-08-22
P03017,Persistent tertiary hardware,Sports,524.19,66,SUP043,2025-08-01
P03018,Customizable fault-tolerant benchmark,Electronics,929.36,76,SUP013,2025-03-08
P03019,Synergistic scalable moderator,Sports,1072.36,383,SUP078,2024-08-28
P03020,Multi-layered heuristic knowledge user,Clothing,833.5,281,SUP064,2025-08-19
P03021,Organic system-worthy function,Clothing,1835.14,192,SUP009,2025-11-30
P03022,Profit-focused encompassing info-mediaries,Books,439.27,15,SUP029,2024-11-05
P03023,Balanced content-based adapter,Books,1329.1,222,SUP043,2025-06-06
P03024,Multi-layered directional groupware,Beauty,1968.99,105,SUP058,2025-10-23
P03025,Function-based bifurcated leverage,Electronics,217.97,221,SUP051,2025-05-05
P03026,Compatible actuating function,Home,671.11,52,SUP073,2025-09-24
P03027,Mandatory bottom-line circuit,Beauty,98.21,266,SUP074,2025-06-29
P03028,Triple-buffered multi-tasking encoding,Home,447.98,440,SUP056,2025-11-25
P03029,Secured national firmware,Sports,1665.43,346,SUP095,2024-07-31
P03030,Centralized context-sensitive initiative,Electronics,1041.8,40,SUP099,2026-03-31
P03031,Function-based mission-critical functionalities,Sports,413.52,361,SUP002,2024-12-12
P03032,Diverse uniform open architecture,Clothing,991.0,262,SUP042,2026-03-06
P03033,Team-oriented executive firmware,Books,1208.7,235,SUP016,2025-04-12
P03034,Expanded exuding emulation,Beauty,735.24,310,SUP085,2025-08-23
P03035,Cross-platform next generation standardization,Electronics,1772.01,333,SUP022,2026-01-24
P03036,Reduced static hierarchy,Beauty,936.86,310,SUP013,2025-10-21
P03037,Automated zero administration capability,Electronics,1473.61,467,SUP002,2025-10-20
P03038,Multi-lateral stable service-desk,Clothing,854.66,34,SUP020,2025-05-04
P03039,Triple-buffered bifurcated artificial intelligence,Clothing,1901.11,446,SUP019,2025-01-28
P03040,Grass-roots optimizing software,Books,1857.7,477,SUP014,2026-02-25
P03041,Innovative responsive instruction set,Books,1556.8,238,SUP024,2024-09-25
P03042,Monitored upward-trending leverage,Sports,1425.74,461,SUP010,2024-06-06
P03043,Multi-lateral fault-tolerant knowledge user,Sports,1722.72,3,SUP034,2025-02-15
P03044,Realigned logistical standardization,Electronics,1219.72,322,SUP029,2025-02-01
P03045,Phased object-oriented time-frame,Sports,1425.01,295,SUP056,2025-08-05
P03046,Multi-tiered fault-tolerant methodology,Beauty,628.02,159,SUP082,2026-04-23
P03047,Streamlined high-level Graphical User Interface,Electronics,138.6,62,SUP006,2025-07-22
P03048,Enhanced composite flexibility,Electronics,720.13,232,SUP007,2026-05-04
P03049,Multi-lateral local middleware,Beauty,88.08,134,SUP033,2025-03-24
P03050,Decentralized directional artificial intelligence,Beauty,821.27,430,SUP025,2025-05-16
P03051,Pre-emptive 24hour secured line,Home,475.9,304,SUP092,2026-01-05
P03052,Open-architected well-modulated synergy,Clothing,359.55,40,SUP044,2025-09-04
P03053,Front-line bifurcated utilization,Home,859.01,481,SUP065,2025-01-15
P03054,Enterprise-wide motivating secured line,Beauty,663.17,66,SUP076,2026-01-23
P03055,User-friendly maximized customer loyalty,Clothing,1475.51,352,SUP014,2024-10-22
P03056,Decentralized transitional infrastructure,Clothing,1602.64,265,SUP026,2024-08-16
P03057,Future-proofed non-volatile support,Clothing,241.34,217,SUP001,2025-11-23
P03058,Up-sized zero administration matrix,Home,343.66,238,SUP038,2026-03-13
P03059,Down-sized leadingedge encryption,Clothing,1207.5,184,SUP076,2025-02-18
P03060,Fully-configurable multi-tasking instruction set,Electronics,906.53,464,SUP082,2025-12-18
P03061,Inverse full-range orchestration,Electronics,945.3,139,SUP003,2025-07-09
P03062,Future-proofed content-based Graphical User Interface,Clothing,413.92,337,SUP031,2024-06-06
P03063,Pre-emptive client-server matrix,Electronics,65.88,231,SUP062,2025-03-01
P03064,Cross-platform 3rdgeneration architecture,Beauty,1742.89,0,SUP070,2025-09-27
P03065,Centralized reciprocal challenge,Sports,140.26,299,SUP098,2025-12-24
P03066,Triple-buffered executive extranet,Sports,848.87,263,SUP068,2025-08-05
P03067,Implemented demand-driven migration,Clothing,1530.72,187,SUP036,2025-06-15
P03068,Upgradable homogeneous function,Books,781.24,379,SUP048,2025-07-14
P03069,Configurable static hub,Clothing,100.4,27,SUP009,2024-10-26
P03070,Re-contextualized 4thgeneration archive,Books,1866.85,491,SUP081,2026-03-25
P03071,Proactive fresh-thinking database,Clothing,1230.26,268,SUP057,2025-03-22
P03072,Networked intangible collaboration,Clothing,1939.44,306,SUP011,2026-03-20
P03073,Fully-configurable upward-trending project,Electronics,1407.37,61,SUP055,2025-12-20
P03074,Assimilated actuating process improvement,Sports,945.45,429,SUP077,2026-01-31
P03075,Sharable methodical middleware,Books,371.61,464,SUP076,2025-01-23
P03076,Intuitive secondary benchmark,Clothing,1681.83,36,SUP084,2025-01-13
P03077,Cloned interactive superstructure,Books,555.92,67,SUP055,2024-09-20
P03078,Digitized didactic implementation,Beauty,1496.37,434,SUP054,2025-05-03
P03079,Reactive logistical initiative,Beauty,1801.42,384,SUP070,2025-11-14
P03080,Organic contextually-based neural-net,Clothing,1311.93,391,SUP078,2025-03-04
P03081,Profit-focused holistic capacity,Beauty,1951.81,19,SUP065,2024-09-15
P03082,Ergonomic incremental interface,Home,1154.46,349,SUP042,2025-11-23
P03083,Customizable fresh-thinking capacity,Home,783.28,171,SUP014,2024-05-08
P03084,Centralized regional throughput,Home,174.75,34,SUP091,2026-02-04
P03085,Innovative client-server middleware,Books,572.49,69,SUP033,2024-05-26
P03086,Streamlined user-facing capacity,Beauty,1244.97,402,SUP044,2024-12-05
P03087,Down-sized impactful conglomeration,Sports,1377.04,227,SUP025,2024-10-01
P03088,Optional didactic task-force,Beauty,936.52,271,SUP044,2026-04-22
P03089,Sharable foreground initiative,Electronics,232.83,458,SUP008,2025-08-13
P03090,Re-engineered holistic framework,Clothing,627.1,434,SUP062,2026-03-07
P03091,Extended non-volatile interface,Beauty,1183.69,223,SUP097,2025-12-09
P03092,Operative homogeneous policy,Electronics,723.93,37,SUP022,2026-01-19
P03093,Customer-focused homogeneous alliance,Beauty,398.83,493,SUP029,2026-01-13
P03094,Horizontal encompassing help-desk,Sports,790.83,292,SUP007,2024-08-10
P03095,Synchronized bandwidth-monitored protocol,Beauty,1335.05,4,SUP014,2026-02-17
P03096,Devolved didactic function,Beauty,814.6,34,SUP048,2025-03-23
P03097,Integrated local knowledgebase,Home,1715.67,7,SUP042,2025-02-25
P03098,Virtual client-server extranet,Home,706.68,14,SUP056,2024-09-23
P03099,Operative even-keeled encoding,Beauty,437.26,92,SUP087,2025-06-20
P03100,Optional 6thgeneration toolset,Electronics,1635.29,265,SUP070,2025-04-16
P03101,Switchable asynchronous Local Area Network,Books,211.46,442,SUP059,2025-11-12
P03102,Ergonomic fault-tolerant frame,Clothing,1041.99,101,SUP065,2025-08-17
P03103,Integrated maximized solution,Sports,1669.37,53,SUP041,2025-05-30
P03104,Decentralized human-resource portal,Books,1582.17,398,SUP015,2026-01-14
P03105,Robust systemic matrices,Books,736.43,142,SUP081,2025-11-19
P03106,Open-architected even-keeled budgetary management,Electronics,1807.38,319,SUP053,2025-10-12
P03107,Persevering attitude-oriented hierarchy,Beauty,78.97,282,SUP020,2025-01-12
P03108,Secured heuristic architecture,Home,1599.67,196,SUP040,2024-12-20
P03109,Versatile even-keeled firmware,Home,1017.99,237,SUP045,2026-01-08
P03110,Extended multi-state time-frame,Beauty,1886.7,402,SUP043,2024-09-12
P03111,Customer-focused fresh-thinking paradigm,Home,1657.86,248,SUP055,2025-09-23
P03112,Automated heuristic extranet,Clothing,367.42,345,SUP054,2025-03-12
P03113,Integrated logistical forecast,Books,1679.26,362,SUP092,2024-08-10
P03114,User-centric tertiary info-mediaries,Beauty,395.79,289,SUP079,2025-08-28
P03115,Enhanced analyzing function,Home,768.1,58,SUP064,2025-08-20
P03116,Balanced non-volatile workforce,Books,1149.83,381,SUP076,2024-08-16
P03117,Customer-focused client-server productivity,Beauty,1336.32,465,SUP090,2025-11-23
P03118,Business-focused asynchronous extranet,Electronics,88.93,484,SUP011,2024-07-25
P03119,Front-line fault-tolerant core,Beauty,1420.05,440,SUP092,2026-03-17
P03120,Right-sized human-resource moratorium,Beauty,826.53,138,SUP013,2026-02-13
P03121,Optional responsive Graphic Interface,Electronics,824.21,231,SUP050,2025-05-19
P03122,Organized global Internet solution,Books,1323.15,61,SUP062,2025-03-17
P03123,Universal 4thgeneration Graphical User Interface,Books,449.55,339,SUP001,2024-06-11
P03124,Persistent systematic neural-net,Beauty,179.38,268,SUP047,2025-04-05
P03125,Multi-channeled real-time solution,Sports,968.82,294,SUP080,2024-10-03
P03126,Sharable encompassing knowledge user,Electronics,1977.72,111,SUP070,2025-08-14
P03127,Stand-alone mobile database,Clothing,1268.71,293,SUP066,2025-10-31
P03128,Total holistic paradigm,Sports,518.91,481,SUP083,2024-05-12
P03129,Re-contextualized attitude-oriented forecast,Clothing,1604.78,263,SUP021,2024-08-06
P03130,Advanced secondary architecture,Home,1182.59,86,SUP038,2025-03-09
P03131,Triple-buffered holistic policy,Sports,639.67,89,SUP026,2024-10-06
P03132,Devolved upward-trending strategy,Home,1775.84,206,SUP021,2026-01-22
P03133,Re-engineered cohesive conglomeration,Home,287.27,303,SUP015,2025-08-29
P03134,Streamlined uniform time-frame,Books,132.15,216,SUP068,2024-06-27
P03135,Team-oriented exuding hierarchy,Clothing,1035.55,23,SUP077,2025-09-20
P03136,Cloned composite software,Electronics,1844.02,153,SUP100,2025-11-08
P03137,Vision-oriented asymmetric toolset,Books,389.77,453,SUP018,2025-08-06
P03138,Exclusive bottom-line matrix,Clothing,638.53,449,SUP055,2025-05-21
P03139,Right-sized optimizing installation,Sports,1948.39,64,SUP063,2024-11-01
P03140,Customizable secondary algorithm,Beauty,1709.67,341,SUP029,2025-04-29
P03141,Horizontal next generation conglomeration,Home,1266.82,64,SUP077,2025-12-09
P03142,Devolved transitional knowledge user,Electronics,219.18,185,SUP023,2024-08-18
P03143,Streamlined 24/7 portal,Home,1717.86,18,SUP042,2025-11-07
P03144,Face-to-face hybrid monitoring,Home,1150.55,490,SUP087,2024-06-19
P03145,Decentralized full-range Graphical User Interface,Beauty,1264.42,389,SUP074,2025-09-10
P03146,Decentralized impactful extranet,Beauty,1537.71,435,SUP032,2025-04-09
P03147,Persevering value-added challenge,Clothing,767.89,292,SUP027,2024-10-19
P03148,Customizable needs-based functionalities,Home,1077.32,331,SUP078,2025-01-30
P03149,Networked foreground application,Books,777.62,281,SUP089,2026-02-18
P03150,Multi-lateral interactive support,Home,1788.02,111,SUP015,2024-07-11
P03151,Synergistic solution-oriented moratorium,Sports,653.45,179,SUP069,2025-12-28
P03152,Object-based mission-critical data-warehouse,Home,1588.14,475,SUP054,2025-09-17
P03153,Switchable holistic pricing structure,Sports,1401.64,133,SUP040,2025-01-11
P03154,Public-key holistic benchmark,Books,751.78,444,SUP056,2024-11-05
P03155,Customizable composite instruction set,Books,410.01,106,SUP006,2025-10-05
P03156,Synchronized logistical challenge,Home,247.44,488,SUP048,2024-09-26
P03157,Enterprise-wide content-based methodology,Electronics,1642.23,218,SUP053,2026-04-03
P03158,Business-focused methodical installation,Clothing,151.8,308,SUP030,2026-04-20
P03159,Seamless responsive toolset,Electronics,625.44,282,SUP093,2025-03-08
P03160,Versatile modular approach,Beauty,81.44,172,SUP039,2024-12-21
P03161,User-centric responsive methodology,Clothing,693.34,198,SUP033,2025-12-25
P03162,Vision-oriented composite portal,Electronics,215.47,368,SUP027,2025-06-03
P03163,Upgradable logistical artificial intelligence,Sports,496.04,97,SUP042,2026-02-28
P03164,Team-oriented zero administration process improvement,Sports,783.36,274,SUP097,2024-06-01
P03165,Operative needs-based initiative,Home,116.22,310,SUP080,2025-01-26
P03166,Progressive reciprocal workforce,Home,1477.18,385,SUP066,2024-12-25
P03167,Managed grid-enabled throughput,Books,159.52,285,SUP035,2024-10-10
P03168,Object-based homogeneous open architecture,Electronics,873.49,243,SUP006,2025-05-23
P03169,Phased fresh-thinking knowledge user,Clothing,1886.36,49,SUP020,2026-04-12
P03170,Pre-emptive bandwidth-monitored encryption,Clothing,695.66,88,SUP006,2025-09-07
P03171,Triple-buffered didactic hierarchy,Books,293.28,136,SUP004,2025-04-23
P03172,Fundamental next generation productivity,Beauty,490.12,151,SUP009,2024-11-14
P03173,Realigned web-enabled extranet,Beauty,1163.84,239,SUP075,2026-04-29
P03174,Decentralized asynchronous solution,Books,969.79,83,SUP095,2025-06-25
P03175,Front-line hybrid collaboration,Home,1963.57,358,SUP067,2024-06-21
P03176,Cross-group optimal middleware,Electronics,156.89,497,SUP073,2025-02-10
P03177,Self-enabling dynamic functionalities,Clothing,1970.08,423,SUP018,2025-04-13
P03178,Self-enabling asymmetric initiative,Books,19.57,15,SUP092,2026-02-09
P03179,Versatile radical software,Beauty,1533.49,158,SUP075,2025-01-06
P03180,Operative clear-thinking function,Electronics,1334.29,422,SUP003,2026-01-05
P03181,Multi-layered dedicated productivity,Books,1746.8,270,SUP090,2024-10-11
P03182,Re-contextualized maximized implementation,Sports,62.86,49,SUP039,2025-07-15
P03183,Customer-focused executive approach,Books,1611.21,260,SUP053,2024-07-04
P03184,Front-line uniform hardware,Electronics,389.24,122,SUP071,2024-06-07
P03185,Future-proofed hybrid solution,Sports,439.08,393,SUP079,2026-04-15
P03186,Configurable hybrid capability,Clothing,170.21,3,SUP007,2025-12-05
P03187,Mandatory value-added model,Sports,284.35,378,SUP042,2025-01-08
P03188,Balanced hybrid toolset,Home,1649.54,405,SUP089,2025-02-17
P03189,Re-engineered intangible database,Books,94.19,390,SUP072,2025-03-25
P03190,Grass-roots dynamic neural-net,Electronics,1547.39,139,SUP063,2024-09-02
P03191,Optional incremental ability,Beauty,1587.88,394,SUP065,2025-08-22
P03192,Persistent upward-trending pricing structure,Electronics,1455.9,425,SUP046,2024-12-31
P03193,Grass-roots encompassing time-frame,Clothing,1858.1,240,SUP088,2025-06-09
P03194,Progressive homogeneous groupware,Home,134.37,9,SUP094,2026-03-10
P03195,Public-key client-driven task-force,Books,1601.03,484,SUP032,2025-10-31
P03196,Ergonomic system-worthy website,Beauty,1927.47,337,SUP086,2025-06-27
P03197,Mandatory multi-state encryption,Home,1995.37,64,SUP007,2025-09-12
P03198,Face-to-face system-worthy info-mediaries,Sports,39.08,311,SUP002,2025-08-05
P03199,Multi-lateral disintermediate alliance,Clothing,887.52,72,SUP035,2025-07-07
P03200,Extended homogeneous neural-net,Clothing,38.06,314,SUP074,2025-09-02
P03201,Intuitive disintermediate help-desk,Clothing,1725.45,212,SUP017,2025-04-08
P03202,Realigned background focus group,Clothing,1808.4,489,SUP097,2024-10-19
P03203,Progressive mission-critical solution,Clothing,1313.18,151,SUP035,2024-09-21
P03204,Multi-layered leadingedge implementation,Home,1599.06,482,SUP028,2026-03-03
P03205,Extended multi-tasking capacity,Home,1763.07,298,SUP009,2025-12-07
P03206,Enhanced intermediate pricing structure,Electronics,925.85,169,SUP060,2024-06-14
P03207,Distributed directional toolset,Home,1802.38,2,SUP061,2025-02-15
P03208,Proactive high-level productivity,Electronics,1186.15,333,SUP058,2025-01-21
P03209,Reverse-engineered bi-directional array,Sports,845.27,338,SUP046,2025-03-31
P03210,Versatile local frame,Books,1910.91,477,SUP013,2024-05-16
P03211,Extended mobile instruction set,Beauty,1751.75,63,SUP058,2025-05-30
P03212,Reduced eco-centric implementation,Sports,1614.81,318,SUP013,2024-07-30
P03213,Optional fault-tolerant model,Clothing,297.96,96,SUP014,2025-10-24
P03214,Persistent value-added firmware,Books,736.18,425,SUP031,2025-10-01
P03215,Cross-group optimal moratorium,Clothing,1660.08,126,SUP047,2026-02-04
P03216,Realigned even-keeled data-warehouse,Home,1356.17,433,SUP097,2026-02-13
P03217,Total logistical adapter,Home,100.97,7,SUP024,2025-07-18
P03218,Monitored holistic knowledgebase,Sports,816.78,192,SUP033,2024-10-21
P03219,Quality-focused 24hour help-desk,Home,503.81,120,SUP070,2025-01-13
P03220,Intuitive incremental paradigm,Beauty,364.18,421,SUP028,2024-07-14
P03221,Re-engineered interactive migration,Beauty,1801.02,404,SUP020,2025-10-01
P03222,Horizontal high-level matrix,Sports,1348.7,44,SUP077,2025-02-06
P03223,Realigned logistical concept,Sports,548.73,456,SUP074,2024-10-10
P03224,Realigned national product,Electronics,1231.88,304,SUP050,2026-02-19
P03225,Enhanced impactful productivity,Home,530.06,33,SUP032,2024-07-18
P03226,Optimized executive hub,Clothing,1355.25,304,SUP058,2026-01-22
P03227,Switchable actuating open architecture,Beauty,568.28,365,SUP097,2026-04-15
P03228,Pre-emptive systemic budgetary management,Home,498.48,89,SUP090,2025-08-30
P03229,User-centric reciprocal algorithm,Beauty,449.5,197,SUP019,2025-05-10
P03230,Compatible eco-centric toolset,Sports,589.87,198,SUP077,2025-10-27
P03231,Extended maximized migration,Home,1897.76,8,SUP009,2025-06-11
P03232,Assimilated transitional process improvement,Electronics,354.99,159,SUP089,2026-03-04
P03233,Face-to-face impactful application,Books,390.89,41,SUP026,2025-06-10
P03234,De-engineered hybrid synergy,Books,966.9,390,SUP094,2025-04-19
P03235,Customer-focused solution-oriented Internet solution,Books,1911.11,314,SUP081,2026-04-28
P03236,Exclusive incremental hub,Beauty,1708.48,316,SUP086,2026-04-03
P03237,Fundamental web-enabled matrix,Electronics,1453.31,414,SUP086,2024-10-28
P03238,Fully-configurable upward-trending installation,Sports,1782.27,93,SUP036,2024-07-26
P03239,Re-engineered systematic groupware,Sports,957.35,320,SUP090,2025-01-02
P03240,Operative transitional encoding,Books,993.86,259,SUP062,2025-04-12
P03241,Up-sized full-range flexibility,Clothing,1681.91,213,SUP068,2025-07-29
P03242,Expanded fault-tolerant structure,Home,189.32,253,SUP073,2026-03-08
P03243,De-engineered multi-tasking Graphic Interface,Beauty,1368.84,14,SUP011,2026-03-14
P03244,Customizable interactive challenge,Electronics,882.69,229,SUP020,2025-09-14
P03245,Up-sized 5thgeneration Graphical User Interface,Beauty,730.93,160,SUP070,2025-05-12
P03246,Automated 24/7 benchmark,Books,1888.05,137,SUP098,2026-04-21
P03247,Self-enabling empowering capability,Clothing,836.93,440,SUP099,2024-08-09
P03248,Networked bottom-line paradigm,Home,1049.84,478,SUP042,2026-02-07
P03249,Centralized 5thgeneration matrix,Books,1273.23,471,SUP020,2024-06-09
P03250,User-friendly tangible function,Books,232.84,75,SUP002,2024-10-22
P03251,Streamlined attitude-oriented algorithm,Sports,817.46,103,SUP004,2025-06-08
P03252,Self-enabling systematic flexibility,Electronics,513.47,4,SUP053,2025-04-19
P03253,Balanced system-worthy pricing structure,Beauty,1643.33,246,SUP056,2026-01-09
P03254,Down-sized didactic contingency,Sports,723.4,33,SUP043,2025-10-15
P03255,Expanded multi-state help-desk,Sports,1596.91,457,SUP001,2026-04-21
P03256,Versatile client-driven solution,Home,1634.51,217,SUP012,2026-02-07
P03257,Function-based logistical firmware,Sports,990.08,344,SUP053,2026-02-26
P03258,Cloned local function,Beauty,551.94,346,SUP031,2025-04-13
P03259,Reduced discrete circuit,Clothing,1752.38,142,SUP087,2024-05-12
P03260,Programmable bifurcated open system,Sports,985.84,269,SUP044,2025-02-11
P03261,Optional explicit Local Area Network,Home,1101.9,67,SUP085,2025-11-08
P03262,Visionary exuding moderator,Sports,1701.42,443,SUP048,2026-02-22
P03263,Seamless interactive success,Home,621.0,366,SUP049,2024-12-08
P03264,Intuitive asymmetric infrastructure,Sports,1295.06,69,SUP100,2024-10-03
P03265,Future-proofed bifurcated hierarchy,Beauty,1712.14,291,SUP064,2026-03-12
P03266,Enhanced fresh-thinking productivity,Beauty,120.3,347,SUP065,2025-08-08
P03267,Quality-focused mission-critical secured line,Beauty,1116.68,389,SUP079,2026-03-10
P03268,Future-proofed intermediate functionalities,Home,546.44,329,SUP036,2024-11-04
P03269,Open-source methodical adapter,Electronics,636.18,436,SUP071,2026-04-18
P03270,Upgradable radical process improvement,Sports,173.35,430,SUP098,2024-08-27
P03271,Re-engineered executive forecast,Books,1553.05,87,SUP047,2024-11-09
P03272,Switchable intermediate intranet,Home,471.97,211,SUP014,2024-09-12
P03273,Operative systematic focus group,Sports,1237.48,445,SUP051,2024-09-19
P03274,Monitored empowering protocol,Home,1854.54,364,SUP040,2025-04-28
P03275,Synergistic tertiary benchmark,Beauty,1887.44,413,SUP058,2026-01-15
P03276,Universal optimizing project,Sports,1182.42,259,SUP056,2024-08-10
P03277,Fully-configurable non-volatile process improvement,Sports,622.59,225,SUP015,2025-12-31
P03278,Integrated system-worthy attitude,Clothing,336.3,263,SUP017,2024-05-06
P03279,Quality-focused tertiary open system,Electronics,1703.67,493,SUP085,2025-08-20
P03280,Expanded mission-critical extranet,Electronics,1074.49,270,SUP067,2024-11-30
P03281,Upgradable bottom-line standardization,Sports,74.16,45,SUP056,2024-11-17
P03282,Phased demand-driven product,Books,977.52,446,SUP053,2025-04-02
P03283,Universal full-range standardization,Home,208.64,254,SUP043,2025-03-29
P03284,De-engineered national application,Clothing,639.48,164,SUP078,2025-08-26
P03285,Enhanced tertiary attitude,Books,176.29,47,SUP096,2024-06-28
P03286,Advanced analyzing Graphic Interface,Beauty,637.97,339,SUP054,2024-05-04
P03287,Centralized system-worthy firmware,Home,15.06,318,SUP070,2025-05-03
P03288,Ergonomic eco-centric superstructure,Electronics,1610.36,77,SUP055,2025-02-14
P03289,Virtual holistic Graphical User Interface,Books,399.3,453,SUP016,2026-01-11
P03290,Down-sized user-facing concept,Beauty,1838.22,213,SUP047,2025-02-01
P03291,Synergistic contextually-based toolset,Clothing,1704.98,438,SUP071,2024-08-13
P03292,Multi-tiered demand-driven monitoring,Clothing,1364.51,70,SUP013,2025-07-15
P03293,Persistent transitional encoding,Home,634.96,273,SUP089,2024-06-12
P03294,Enterprise-wide methodical productivity,Sports,876.33,331,SUP029,2025-01-22
P03295,Focused tertiary flexibility,Sports,1167.34,146,SUP095,2026-04-24
P03296,Advanced client-server function,Clothing,1443.69,441,SUP014,2024-06-16
P03297,Implemented discrete circuit,Electronics,1820.6,119,SUP073,2025-10-02
P03298,Compatible actuating capability,Books,771.36,138,SUP005,2024-12-20
P03299,Focused optimal architecture,Home,1092.22,77,SUP051,2024-11-09
P03300,Reactive bandwidth-monitored Local Area Network,Books,929.75,52,SUP039,2024-07-17
P03301,Up-sized transitional implementation,Sports,955.19,474,SUP069,2026-03-11
P03302,Persistent disintermediate Local Area Network,Clothing,330.35,245,SUP085,2024-07-09
P03303,Right-sized bandwidth-monitored success,Electronics,391.22,221,SUP049,2026-01-17
P03304,Automated fault-tolerant knowledgebase,Clothing,1487.56,497,SUP074,2025-05-30
P03305,Diverse modular moderator,Home,527.56,248,SUP062,2025-07-23
P03306,Re-contextualized motivating policy,Books,763.78,257,SUP080,2025-05-24
P03307,Future-proofed fault-tolerant initiative,Home,1330.61,346,SUP088,2025-08-28
P03308,User-friendly client-server throughput,Home,861.15,287,SUP009,2024-10-18
P03309,Distributed fault-tolerant hierarchy,Books,48.27,121,SUP049,2025-06-14
P03310,Open-architected clear-thinking knowledgebase,Clothing,1076.5,333,SUP100,2025-02-20
P03311,Multi-lateral foreground complexity,Home,1130.46,495,SUP050,2026-03-30
P03312,Automated empowering moderator,Clothing,1928.9,142,SUP051,2024-06-15
P03313,Cloned composite intranet,Electronics,648.09,468,SUP002,2025-09-05
P03314,Persistent empowering flexibility,Electronics,925.85,123,SUP063,2024-06-14
P03315,Total mobile ability,Sports,1814.93,420,SUP044,2026-03-02
P03316,Synergistic coherent toolset,Electronics,700.69,343,SUP037,2025-01-22
P03317,Synergistic web-enabled core,Clothing,1940.69,26,SUP010,2024-07-09
P03318,User-centric composite neural-net,Beauty,1296.15,424,SUP063,2026-03-11
P03319,User-friendly asymmetric knowledge user,Electronics,312.04,410,SUP040,2025-06-01
P03320,Phased methodical firmware,Clothing,1912.67,4,SUP046,2025-09-14
P03321,Object-based mobile function,Sports,216.8,353,SUP042,2025-09-14
P03322,Synergized object-oriented superstructure,Electronics,900.37,350,SUP089,2024-11-16
P03323,Decentralized dynamic core,Home,1719.64,128,SUP021,2024-06-12
P03324,Balanced solution-oriented definition,Sports,597.9,293,SUP013,2025-07-21
P03325,Self-enabling local pricing structure,Clothing,455.4,117,SUP019,2025-08-30
P03326,Up-sized encompassing intranet,Beauty,1377.58,136,SUP027,2026-03-18
P03327,Vision-oriented 6thgeneration software,Home,1352.54,135,SUP065,2025-02-03
P03328,Face-to-face client-driven process improvement,Clothing,1897.76,49,SUP020,2024-06-01
P03329,Balanced static capability,Books,1886.12,273,SUP028,2026-04-21
P03330,Reduced coherent synergy,Clothing,586.36,10,SUP090,2024-10-01
P03331,Enhanced client-driven monitoring,Home,1155.83,4,SUP054,2025-03-11
P03332,De-engineered static superstructure,Sports,1574.65,6,SUP020,2025-07-05
P03333,Devolved directional intranet,Electronics,986.58,287,SUP039,2026-04-20
P03334,Polarized coherent encryption,Electronics,628.23,411,SUP042,2026-02-09
P03335,Optimized contextually-based monitoring,Beauty,569.7,301,SUP063,2025-09-04
P03336,Virtual upward-trending attitude,Books,1931.65,270,SUP073,2025-01-18
P03337,Intuitive optimal system engine,Books,736.18,449,SUP046,2025-04-28
P03338,Progressive exuding capability,Sports,190.1,191,SUP100,2025-08-12
P03339,Re-contextualized value-added middleware,Sports,827.75,393,SUP083,2025-05-05
P03340,Phased needs-based complexity,Beauty,1144.26,84,SUP083,2024-11-06
P03341,Vision-oriented client-driven array,Sports,863.35,365,SUP059,2025-05-27
P03342,Implemented incremental concept,Electronics,411.64,320,SUP066,2025-01-02
P03343,Digitized bi-directional utilization,Sports,1343.55,241,SUP001,2026-04-20
P03344,Upgradable intermediate hierarchy,Electronics,878.32,47,SUP060,2024-10-07
P03345,Upgradable logistical standardization,Sports,1170.47,446,SUP011,2026-04-27
P03346,Organic fresh-thinking attitude,Beauty,510.27,323,SUP057,2026-02-12
P03347,Visionary discrete structure,Sports,33.02,24,SUP042,2025-11-03
P03348,Polarized even-keeled synergy,Sports,296.22,111,SUP083,2024-10-09
P03349,Profound fresh-thinking time-frame,Home,1866.11,444,SUP004,2026-04-14
P03350,Synergistic logistical standardization,Beauty,701.56,402,SUP012,2025-09-17
P03351,Monitored attitude-oriented matrices,Electronics,1398.48,23,SUP082,2024-07-07
P03352,Stand-alone even-keeled secured line,Sports,1639.64,116,SUP075,2024-09-12
P03353,Public-key dedicated challenge,Beauty,781.7,345,SUP032,2025-02-18
P03354,Ameliorated well-modulated project,Clothing,586.67,281,SUP068,2026-02-13
P03355,Compatible mobile service-desk,Electronics,1921.75,248,SUP095,2024-10-09
P03356,Fundamental dynamic attitude,Sports,649.3,443,SUP076,2025-08-21
P03357,Configurable multimedia monitoring,Sports,1788.31,263,SUP079,2025-04-24
P03358,Multi-layered directional website,Sports,513.89,184,SUP020,2025-06-30
P03359,Programmable upward-trending hardware,Electronics,599.74,341,SUP016,2024-06-29
P03360,Assimilated 4thgeneration workforce,Sports,1628.85,144,SUP069,2026-03-09
P03361,Enterprise-wide grid-enabled system engine,Books,1740.55,54,SUP028,2024-12-12
P03362,Managed asynchronous array,Clothing,1152.44,131,SUP004,2025-04-20
P03363,Universal value-added software,Books,1207.33,262,SUP008,2026-02-03
P03364,Multi-channeled impactful flexibility,Home,1598.9,9,SUP015,2025-05-07
P03365,Monitored local infrastructure,Home,74.78,2,SUP099,2025-09-15
P03366,Re-engineered object-oriented matrices,Beauty,1245.66,46,SUP050,2026-04-15
P03367,Open-source next generation monitoring,Books,1120.27,234,SUP041,2025-09-14
P03368,Reverse-engineered incremental installation,Beauty,74.76,404,SUP025,2026-02-20
P03369,Down-sized fault-tolerant product,Home,1950.15,438,SUP086,2025-08-28
P03370,Customizable national Internet solution,Clothing,1593.49,481,SUP094,2025-01-14
P03371,Sharable disintermediate customer loyalty,Clothing,707.52,320,SUP014,2025-11-12
P03372,Total asynchronous firmware,Sports,111.56,197,SUP016,2024-08-24
P03373,Polarized tertiary utilization,Clothing,1646.27,480,SUP020,2024-08-16
P03374,Polarized national application,Books,1469.56,329,SUP022,2025-05-15
P03375,Multi-channeled executive forecast,Electronics,1126.93,396,SUP082,2024-09-01
P03376,Function-based static paradigm,Clothing,289.46,34,SUP057,2024-10-04
P03377,Face-to-face hybrid architecture,Home,1880.55,352,SUP013,2025-07-01
P03378,Open-architected incremental projection,Books,47.74,400,SUP071,2026-04-25
P03379,Virtual upward-trending success,Books,212.41,336,SUP053,2025-04-17
P03380,Switchable analyzing function,Beauty,699.44,399,SUP011,2025-05-11
P03381,Quality-focused coherent challenge,Sports,1685.85,13,SUP073,2024-10-18
P03382,Multi-layered context-sensitive protocol,Sports,242.08,481,SUP094,2025-08-27
P03383,Exclusive stable customer loyalty,Sports,141.4,107,SUP032,2025-03-05
P03384,Multi-channeled hybrid open system,Beauty,142.79,42,SUP057,2025-01-04
P03385,Quality-focused 4thgeneration projection,Home,122.71,305,SUP037,2025-08-20
P03386,Organized dynamic protocol,Sports,473.14,488,SUP033,2026-01-27
P03387,Business-focused scalable concept,Sports,1162.45,61,SUP016,2024-07-07
P03388,Ameliorated dynamic customer loyalty,Books,494.47,54,SUP071,2025-06-05
P03389,Intuitive tangible secured line,Clothing,907.64,110,SUP092,2024-08-31
P03390,Business-focused tangible budgetary management,Home,335.05,214,SUP021,2025-06-20
P03391,Self-enabling content-based policy,Clothing,157.21,303,SUP013,2026-03-31
P03392,Ergonomic optimal attitude,Books,633.94,63,SUP038,2024-06-25
P03393,Multi-channeled systematic Graphic Interface,Sports,1454.84,379,SUP026,2025-03-02
P03394,Pre-emptive tangible structure,Books,166.12,42,SUP046,2025-04-30
P03395,Innovative holistic alliance,Clothing,1717.18,481,SUP055,2024-12-05
P03396,Networked bi-directional monitoring,Electronics,684.96,418,SUP077,2025-01-30
P03397,Fundamental discrete encryption,Clothing,1653.0,368,SUP097,2024-09-18
P03398,Cross-platform national orchestration,Books,1956.15,233,SUP012,2025-08-17
P03399,Extended zero administration orchestration,Electronics,282.15,256,SUP010,2025-04-29
P03400,Balanced 5thgeneration benchmark,Beauty,1493.64,32,SUP088,2024-12-22
P03401,Digitized 24hour firmware,Beauty,733.46,459,SUP016,2025-09-20
P03402,Profound directional interface,Books,906.44,439,SUP031,2026-04-13
P03403,Enhanced empowering protocol,Home,646.73,305,SUP052,2024-12-12
P03404,Implemented demand-driven core,Books,1551.43,150,SUP084,2026-04-16
P03405,Multi-lateral needs-based paradigm,Electronics,1632.12,6,SUP053,2024-09-02
P03406,Reduced executive hardware,Clothing,90.3,250,SUP080,2025-08-26
P03407,Polarized 5thgeneration throughput,Sports,164.49,333,SUP012,2025-04-20
P03408,Universal multi-tasking alliance,Beauty,1419.13,273,SUP011,2024-05-31
P03409,Open-architected web-enabled system engine,Books,730.25,19,SUP004,2025-04-03
P03410,Re-engineered homogeneous success,Books,1602.23,328,SUP089,2026-03-25
P03411,Customizable uniform adapter,Books,1926.25,186,SUP030,2024-06-11
P03412,Stand-alone responsive installation,Clothing,1983.92,180,SUP009,2025-05-09
P03413,Extended explicit instruction set,Clothing,1748.03,324,SUP046,2025-05-24
P03414,Secured empowering challenge,Home,627.02,65,SUP083,2024-05-20
P03415,Programmable fault-tolerant ability,Sports,186.98,164,SUP030,2024-09-28
P03416,Function-based intangible initiative,Beauty,44.01,467,SUP089,2025-04-29
P03417,Extended regional system engine,Sports,1362.21,389,SUP049,2025-05-19
P03418,Automated dynamic application,Clothing,201.68,104,SUP026,2024-08-28
P03419,Diverse disintermediate encryption,Sports,1085.05,258,SUP048,2024-05-08
P03420,Customer-focused solution-oriented Internet solution,Electronics,418.74,258,SUP063,2025-01-06
P03421,Customizable analyzing architecture,Home,1601.64,118,SUP055,2026-04-12
P03422,Phased cohesive challenge,Sports,106.35,377,SUP001,2025-02-22
P03423,Integrated transitional access,Clothing,1588.24,403,SUP052,2025-01-24
P03424,Fully-configurable 4thgeneration hierarchy,Home,815.6,482,SUP073,2024-11-08
P03425,Re-contextualized coherent utilization,Books,1791.15,363,SUP048,2024-08-29
P03426,Face-to-face client-server frame,Electronics,1189.41,349,SUP048,2025-04-24
P03427,Profound multimedia paradigm,Clothing,518.57,322,SUP098,2025-06-02
P03428,Automated 3rdgeneration capacity,Sports,1070.34,332,SUP027,2026-03-02
P03429,Progressive disintermediate initiative,Sports,1143.74,436,SUP084,2026-01-01
P03430,Persistent system-worthy definition,Beauty,1513.82,406,SUP060,2025-10-16
P03431,Public-key 5thgeneration flexibility,Clothing,237.05,425,SUP085,2025-02-26
P03432,Inverse static Graphic Interface,Electronics,1350.14,485,SUP084,2024-12-01
P03433,Progressive well-modulated paradigm,Clothing,1102.2,412,SUP024,2025-03-23
P03434,Cloned disintermediate solution,Books,720.83,495,SUP072,2026-01-18
P03435,Front-line coherent hub,Home,1999.52,206,SUP063,2026-01-27
P03436,Streamlined real-time customer loyalty,Electronics,384.57,70,SUP046,2025-01-25
P03437,Seamless systemic hardware,Clothing,970.52,118,SUP047,2024-08-28
P03438,Advanced local moratorium,Electronics,113.92,339,SUP077,2025-10-16
P03439,Sharable coherent collaboration,Sports,1957.93,389,SUP099,2025-12-16
P03440,Front-line national migration,Beauty,1781.53,378,SUP023,2025-11-17
P03441,Multi-tiered asymmetric array,Electronics,1096.26,153,SUP024,2025-07-05
P03442,Organic multi-state hardware,Clothing,1945.21,27,SUP067,2025-12-18
P03443,Up-sized context-sensitive firmware,Home,297.65,10,SUP001,2026-01-17
P03444,Synergized human-resource time-frame,Beauty,941.91,320,SUP013,2025-04-06
P03445,Business-focused encompassing implementation,Sports,294.96,238,SUP068,2026-03-12
P03446,Progressive uniform protocol,Beauty,1747.87,265,SUP040,2025-02-26
P03447,Centralized optimizing productivity,Electronics,1590.35,31,SUP005,2025-02-18
P03448,Face-to-face mission-critical standardization,Clothing,815.4,123,SUP036,2024-07-30
P03449,Synergized responsive capacity,Clothing,60.56,305,SUP088,2024-10-31
P03450,Quality-focused multimedia complexity,Electronics,392.06,123,SUP038,2024-05-05
P03451,Profound empowering customer loyalty,Sports,1668.38,317,SUP041,2026-01-18
P03452,Business-focused foreground hierarchy,Books,1252.6,172,SUP024,2025-07-24
P03453,Grass-roots bifurcated encoding,Electronics,1607.86,192,SUP038,2024-08-31
P03454,Focused demand-driven groupware,Books,648.79,351,SUP062,2024-07-22
P03455,Robust systematic application,Beauty,432.91,21,SUP088,2024-08-09
P03456,Enterprise-wide tangible portal,Sports,263.26,115,SUP016,2024-09-17
P03457,Horizontal global synergy,Beauty,21.9,172,SUP033,2025-10-23
P03458,Versatile fresh-thinking time-frame,Clothing,559.04,361,SUP095,2025-01-21
P03459,Focused object-oriented productivity,Electronics,1551.65,225,SUP066,2025-11-23
P03460,User-friendly heuristic flexibility,Electronics,1541.84,68,SUP001,2026-04-01
P03461,Configurable object-oriented capacity,Beauty,697.32,25,SUP037,2025-12-03
P03462,Programmable 6thgeneration utilization,Books,1463.28,258,SUP029,2025-07-15
P03463,Face-to-face real-time complexity,Books,1298.66,102,SUP033,2026-01-12
P03464,Universal actuating project,Beauty,514.76,301,SUP034,2024-12-25
P03465,Sharable client-driven instruction set,Electronics,1127.43,223,SUP031,2025-05-29
P03466,Organic intermediate support,Clothing,859.05,413,SUP026,2024-08-30
P03467,Customer-focused actuating project,Home,113.85,282,SUP037,2025-01-19
P03468,Enterprise-wide coherent orchestration,Books,1746.41,424,SUP026,2024-06-08
P03469,Distributed attitude-oriented monitoring,Electronics,221.09,21,SUP015,2024-05-09
P03470,Advanced 24/7 framework,Sports,704.66,234,SUP085,2025-05-12
P03471,User-friendly foreground alliance,Beauty,931.81,144,SUP084,2025-06-03
P03472,Fundamental homogeneous budgetary management,Clothing,1997.15,157,SUP025,2024-07-20
P03473,Persistent client-server application,Beauty,703.1,57,SUP070,2024-07-03
P03474,Down-sized neutral Graphical User Interface,Electronics,1725.1,450,SUP012,2025-01-29
P03475,Progressive dedicated middleware,Home,385.96,233,SUP035,2026-04-23
P03476,Down-sized multi-tasking system engine,Home,1552.58,194,SUP009,2024-12-30
P03477,Upgradable user-facing encoding,Electronics,929.77,305,SUP054,2024-10-21
P03478,Decentralized local product,Beauty,1413.44,481,SUP099,2025-10-27
P03479,Realigned impactful Internet solution,Sports,908.34,111,SUP058,2024-06-17
P03480,Multi-layered clear-thinking interface,Clothing,954.93,409,SUP017,2025-07-20
P03481,Configurable incremental utilization,Beauty,1425.79,233,SUP077,2025-04-30
P03482,Multi-tiered 4thgeneration secured line,Beauty,847.24,163,SUP042,2024-11-01
P03483,Exclusive radical task-force,Electronics,217.12,412,SUP091,2025-09-01
P03484,Sharable multi-tasking implementation,Home,1057.65,212,SUP060,2026-04-27
P03485,Innovative mobile infrastructure,Electronics,1471.69,275,SUP086,2025-10-29
P03486,Universal static database,Clothing,364.47,54,SUP027,2024-08-28
P03487,Synergized system-worthy model,Books,557.87,100,SUP068,2024-09-23
P03488,Open-architected needs-based archive,Books,1230.94,291,SUP017,2025-02-27
P03489,Customizable multi-state help-desk,Beauty,806.81,172,SUP089,2025-09-28
P03490,Decentralized dedicated contingency,Electronics,1393.2,399,SUP098,2024-12-31
P03491,De-engineered uniform Local Area Network,Home,665.28,366,SUP013,2025-03-20
P03492,Organized regional ability,Sports,1030.04,337,SUP054,2025-12-27
P03493,Monitored object-oriented complexity,Sports,754.93,153,SUP048,2026-03-07
P03494,Grass-roots encompassing Graphical User Interface,Beauty,1342.57,111,SUP060,2024-07-28
P03495,Extended demand-driven alliance,Books,284.71,132,SUP050,2024-06-14
P03496,Focused non-volatile moderator,Sports,1396.36,313,SUP035,2026-03-11
P03497,Stand-alone contextually-based system engine,Beauty,1200.72,466,SUP065,2025-07-05
P03498,Visionary tertiary capability,Home,487.35,314,SUP021,2024-12-26
P03499,Fully-configurable radical paradigm,Electronics,550.63,459,SUP067,2026-02-17
P03500,Sharable secondary pricing structure,Sports,1276.97,182,SUP043,2025-12-04
P03501,Distributed national projection,Clothing,273.75,261,SUP006,2024-08-08
P03502,Adaptive coherent task-force,Home,502.25,70,SUP020,2026-01-21
P03503,Reverse-engineered holistic toolset,Electronics,713.81,130,SUP005,2025-12-18
P03504,Stand-alone 4thgeneration challenge,Electronics,146.74,234,SUP032,2025-01-23
P03505,Vision-oriented motivating focus group,Home,1275.05,199,SUP065,2024-08-03
P03506,De-engineered exuding implementation,Home,1093.51,182,SUP020,2024-12-29
P03507,Innovative non-volatile circuit,Sports,444.75,387,SUP006,2025-07-01
P03508,Reactive client-driven budgetary management,Books,985.32,204,SUP013,2024-06-20
P03509,Multi-layered bi-directional throughput,Books,1163.01,242,SUP004,2024-09-14
P03510,Progressive optimizing help-desk,Home,1142.27,345,SUP072,2025-02-01
P03511,Enterprise-wide tertiary forecast,Beauty,1268.9,242,SUP032,2026-03-28
P03512,Public-key even-keeled frame,Books,315.17,26,SUP062,2024-11-13
P03513,Secured logistical toolset,Sports,587.97,173,SUP050,2025-08-03
P03514,Secured grid-enabled utilization,Electronics,1423.45,333,SUP098,2024-10-22
P03515,Visionary 3rdgeneration Graphical User Interface,Books,766.75,24,SUP083,2024-09-25
P03516,Intuitive cohesive function,Electronics,1485.62,367,SUP006,2025-06-30
P03517,Integrated web-enabled core,Sports,1064.06,235,SUP052,2025-07-29
P03518,Open-source asymmetric migration,Books,1285.85,158,SUP100,2026-04-29
P03519,Streamlined systematic neural-net,Home,901.84,200,SUP050,2024-05-22
P03520,Reverse-engineered client-server array,Books,844.14,355,SUP001,2025-03-31
P03521,Visionary tertiary product,Clothing,136.13,302,SUP076,2024-06-26
P03522,Integrated scalable flexibility,Sports,618.32,50,SUP031,2024-07-14
P03523,Ergonomic value-added neural-net,Home,1491.55,205,SUP035,2024-09-05
P03524,Virtual stable implementation,Electronics,793.45,144,SUP085,2026-02-28
P03525,Organized exuding definition,Electronics,517.79,70,SUP098,2026-01-23
P03526,Enterprise-wide interactive open architecture,Sports,6.81,393,SUP079,2024-10-13
P03527,Reactive motivating forecast,Clothing,902.72,294,SUP002,2025-11-02
P03528,Extended static data-warehouse,Home,478.34,408,SUP067,2025-02-24
P03529,Organic scalable info-mediaries,Books,1031.02,374,SUP079,2026-03-30
P03530,Re-contextualized web-enabled core,Home,63.63,73,SUP014,2024-08-04
P03531,Innovative zero administration open architecture,Home,1418.34,489,SUP087,2025-05-13
P03532,Re-engineered demand-driven customer loyalty,Books,1195.0,92,SUP062,2024-05-12
P03533,Object-based global middleware,Electronics,372.51,403,SUP068,2025-07-16
P03534,Quality-focused clear-thinking encoding,Electronics,691.96,458,SUP050,2025-03-18
P03535,Customer-focused executive emulation,Clothing,1679.59,374,SUP029,2025-10-25
P03536,Centralized context-sensitive interface,Home,523.32,247,SUP057,2025-09-02
P03537,Cloned exuding paradigm,Electronics,533.83,425,SUP058,2026-04-12
P03538,Enhanced local success,Sports,395.58,121,SUP073,2026-03-22
P03539,Focused 4thgeneration methodology,Sports,651.3,96,SUP030,2025-05-01
P03540,Reverse-engineered intermediate knowledge user,Home,1071.82,407,SUP057,2025-02-21
P03541,Sharable bi-directional leverage,Home,418.77,388,SUP066,2024-08-08
P03542,Intuitive contextually-based groupware,Clothing,1426.75,168,SUP039,2026-03-11
P03543,Object-based logistical support,Beauty,1449.09,333,SUP054,2025-03-17
P03544,Extended methodical superstructure,Books,81.73,209,SUP027,2026-02-15
P03545,Stand-alone value-added Graphic Interface,Sports,1528.83,262,SUP067,2026-05-01
P03546,Focused uniform throughput,Books,1120.94,287,SUP014,2024-08-30
P03547,Digitized impactful Graphic Interface,Books,919.67,300,SUP012,2024-06-19
P03548,User-friendly neutral knowledgebase,Home,537.07,303,SUP073,2024-06-20
P03549,Stand-alone foreground matrices,Sports,1455.04,262,SUP089,2026-01-20
P03550,Assimilated client-server capacity,Sports,1103.16,422,SUP020,2024-06-11
P03551,Switchable executive Graphical User Interface,Clothing,889.7,316,SUP024,2025-08-17
P03552,Diverse bifurcated superstructure,Electronics,1648.47,10,SUP025,2026-01-08
P03553,Expanded 6thgeneration definition,Home,1684.13,448,SUP099,2025-01-10
P03554,Mandatory grid-enabled synergy,Beauty,1989.49,275,SUP031,2024-07-19
P03555,Future-proofed dedicated instruction set,Books,879.09,43,SUP081,2024-07-01
P03556,Re-contextualized client-server task-force,Clothing,245.58,325,SUP052,2026-03-21
P03557,Open-architected attitude-oriented productivity,Electronics,825.62,9,SUP048,2025-05-18
P03558,Profit-focused content-based Graphic Interface,Books,1894.43,392,SUP034,2024-11-10
P03559,Visionary full-range artificial intelligence,Beauty,986.87,355,SUP080,2024-09-02
P03560,Down-sized 6thgeneration knowledge user,Clothing,1463.51,350,SUP041,2026-01-29
P03561,Triple-buffered empowering time-frame,Books,1640.99,264,SUP004,2025-10-19
P03562,Decentralized eco-centric task-force,Books,351.4,183,SUP075,2026-04-26
P03563,Enterprise-wide client-driven access,Beauty,241.39,253,SUP018,2025-12-24
P03564,Compatible non-volatile solution,Books,47.51,312,SUP035,2025-11-19
P03565,Focused neutral flexibility,Clothing,716.34,430,SUP073,2025-04-03
P03566,Multi-channeled executive protocol,Books,1986.36,302,SUP091,2025-10-03
P03567,Devolved empowering help-desk,Beauty,1841.73,293,SUP080,2024-12-22
P03568,Mandatory eco-centric policy,Books,899.05,45,SUP024,2026-04-24
P03569,Digitized hybrid policy,Sports,1843.68,43,SUP068,2025-08-27
P03570,Team-oriented intermediate Local Area Network,Books,979.64,316,SUP061,2024-11-28
P03571,Digitized neutral task-force,Clothing,1610.42,159,SUP059,2025-02-23
P03572,Synchronized global project,Electronics,1838.76,61,SUP093,2024-12-17
P03573,Expanded intermediate hardware,Clothing,422.9,403,SUP069,2024-12-18
P03574,Object-based fresh-thinking intranet,Sports,657.63,259,SUP039,2025-01-23
P03575,Right-sized real-time interface,Books,1859.18,44,SUP021,2024-07-30
P03576,Intuitive regional implementation,Books,48.72,393,SUP094,2026-01-29
P03577,Enhanced coherent capacity,Sports,1298.24,67,SUP085,2024-06-16
P03578,Enhanced system-worthy alliance,Home,703.51,123,SUP079,2026-01-02
P03579,Automated 5thgeneration portal,Clothing,1735.67,89,SUP034,2024-06-13
P03580,Operative scalable monitoring,Clothing,1400.75,372,SUP030,2025-01-09
P03581,Persevering foreground info-mediaries,Books,787.07,477,SUP050,2026-02-07
P03582,Configurable non-volatile access,Clothing,1742.44,199,SUP061,2024-07-20
P03583,Digitized grid-enabled function,Electronics,1360.23,276,SUP076,2025-10-16
P03584,Open-source homogeneous leverage,Sports,31.06,469,SUP076,2025-01-09
P03585,Re-engineered reciprocal interface,Electronics,1105.13,91,SUP049,2026-05-02
P03586,Grass-roots 24/7 capacity,Clothing,822.53,169,SUP068,2026-01-10
P03587,Vision-oriented system-worthy pricing structure,Books,88.09,85,SUP092,2025-09-08
P03588,Persevering 24hour Internet solution,Beauty,556.1,261,SUP036,2025-06-20
P03589,Programmable zero tolerance open system,Beauty,722.79,335,SUP015,2024-05-25
P03590,Right-sized incremental collaboration,Books,623.54,307,SUP041,2024-10-23
P03591,Organic 24/7 intranet,Books,1770.27,317,SUP035,2025-02-18
P03592,Operative impactful core,Clothing,1947.45,327,SUP024,2024-10-02
P03593,Versatile uniform portal,Clothing,1894.99,332,SUP052,2025-07-20
P03594,Fundamental dedicated structure,Sports,925.09,415,SUP091,2025-06-08
P03595,Decentralized maximized website,Clothing,892.44,268,SUP044,2025-05-05
P03596,Seamless 5thgeneration attitude,Books,1784.42,195,SUP073,2025-08-08
P03597,Streamlined stable instruction set,Home,217.79,262,SUP063,2025-11-20
P03598,Adaptive intangible application,Sports,1080.34,439,SUP045,2025-05-09
P03599,Robust bi-directional Local Area Network,Sports,1373.02,209,SUP053,2026-01-26
P03600,Reactive responsive firmware,Books,496.29,23,SUP096,2025-11-02
P03601,Cross-platform coherent moderator,Clothing,238.28,248,SUP008,2024-10-27
P03602,Quality-focused executive customer loyalty,Electronics,662.36,44,SUP037,2025-06-28
P03603,Horizontal solution-oriented definition,Electronics,1290.09,283,SUP047,2025-01-13
P03604,Self-enabling eco-centric hardware,Beauty,1916.91,205,SUP072,2025-01-09
P03605,Mandatory fault-tolerant contingency,Home,936.98,197,SUP063,2024-06-06
P03606,Progressive impactful architecture,Electronics,1046.48,19,SUP037,2025-11-20
P03607,Synergistic cohesive synergy,Home,1548.49,356,SUP064,2025-08-23
P03608,Monitored 4thgeneration policy,Beauty,1719.9,190,SUP016,2025-12-29
P03609,Operative needs-based leverage,Beauty,1449.61,182,SUP095,2025-02-08
P03610,Intuitive attitude-oriented success,Beauty,1610.71,254,SUP005,2025-01-22
P03611,Reverse-engineered client-server capacity,Books,1086.01,83,SUP078,2025-04-13
P03612,Intuitive transitional task-force,Home,406.11,97,SUP095,2024-07-11
P03613,Visionary web-enabled time-frame,Electronics,710.56,75,SUP009,2026-03-15
P03614,Quality-focused contextually-based moderator,Beauty,744.97,392,SUP077,2024-10-05
P03615,User-centric analyzing installation,Books,1059.76,459,SUP059,2024-10-01
P03616,Operative radical Local Area Network,Electronics,1343.38,123,SUP085,2025-05-09
P03617,Cross-group client-driven utilization,Electronics,741.38,348,SUP012,2024-08-02
P03618,Compatible even-keeled knowledgebase,Electronics,475.25,203,SUP094,2025-01-13
P03619,Decentralized tertiary info-mediaries,Books,1070.99,468,SUP065,2024-05-06
P03620,Programmable client-driven orchestration,Clothing,1946.59,434,SUP078,2026-03-16
P03621,Multi-layered attitude-oriented hardware,Clothing,176.46,1,SUP049,2024-05-31
P03622,Organic fresh-thinking middleware,Electronics,242.11,44,SUP053,2024-05-04
P03623,Reverse-engineered demand-driven frame,Books,696.25,147,SUP085,2024-08-31
P03624,Re-engineered scalable support,Sports,1837.44,416,SUP060,2026-03-14
P03625,Object-based composite conglomeration,Clothing,1138.62,302,SUP029,2025-12-06
P03626,Programmable content-based protocol,Clothing,1010.55,372,SUP093,2025-01-27
P03627,Progressive content-based implementation,Sports,1562.1,477,SUP052,2024-11-09
P03628,Distributed multimedia functionalities,Books,651.79,388,SUP001,2026-03-10
P03629,Assimilated coherent approach,Clothing,1070.14,276,SUP014,2024-08-22
P03630,Progressive cohesive forecast,Home,46.46,401,SUP070,2025-04-26
P03631,Universal leadingedge functionalities,Sports,700.7,424,SUP032,2025-01-29
P03632,Implemented even-keeled open architecture,Sports,1791.23,267,SUP056,2024-08-02
P03633,Fully-configurable grid-enabled customer loyalty,Electronics,1947.36,119,SUP092,2024-08-03
P03634,Reactive foreground frame,Books,129.09,257,SUP039,2025-01-19
P03635,Future-proofed interactive groupware,Clothing,463.72,338,SUP025,2026-01-13
P03636,Reverse-engineered reciprocal capacity,Clothing,285.11,157,SUP068,2025-06-03
P03637,Proactive fault-tolerant synergy,Sports,778.93,387,SUP051,2024-05-24
P03638,Open-source foreground framework,Clothing,710.91,14,SUP079,2025-09-14
P03639,Persistent leadingedge approach,Beauty,1599.4,362,SUP077,2025-05-04
P03640,Persevering real-time pricing structure,Books,1895.08,50,SUP001,2025-03-18
P03641,Organized reciprocal support,Electronics,1354.09,71,SUP020,2025-12-19
P03642,Enterprise-wide client-driven encoding,Sports,1230.94,277,SUP100,2025-02-23
P03643,Secured non-volatile complexity,Home,484.4,39,SUP094,2024-09-18
P03644,Re-engineered content-based time-frame,Clothing,628.19,95,SUP007,2026-03-09
P03645,Realigned local complexity,Sports,1996.02,9,SUP014,2025-12-16
P03646,Switchable fault-tolerant methodology,Electronics,1101.8,476,SUP081,2025-01-08
P03647,Configurable zero tolerance knowledgebase,Home,1565.72,314,SUP005,2025-08-22
P03648,Intuitive discrete conglomeration,Beauty,468.68,343,SUP032,2025-05-15
P03649,Cross-group system-worthy migration,Sports,1979.43,245,SUP006,2025-01-23
P03650,Right-sized systematic attitude,Electronics,743.06,84,SUP083,2025-10-30
P03651,Programmable attitude-oriented Internet solution,Beauty,1068.59,397,SUP049,2026-02-26
P03652,Profound logistical artificial intelligence,Electronics,854.49,167,SUP012,2024-12-28
P03653,Customer-focused directional interface,Home,1322.67,52,SUP031,2025-12-07
P03654,Re-engineered intermediate process improvement,Clothing,1413.62,110,SUP037,2025-06-05
P03655,Adaptive scalable ability,Books,552.25,144,SUP024,2024-08-06
P03656,Streamlined user-facing middleware,Home,1805.04,177,SUP038,2024-07-18
P03657,Visionary well-modulated framework,Sports,1283.58,317,SUP015,2024-06-16
P03658,Proactive full-range standardization,Sports,175.47,3,SUP099,2024-06-17
P03659,Synchronized upward-trending infrastructure,Sports,1486.81,242,SUP063,2025-04-30
P03660,Self-enabling high-level secured line,Clothing,1649.96,64,SUP087,2026-03-01
P03661,Cross-platform solution-oriented definition,Books,1131.93,127,SUP077,2025-05-06
P03662,Cloned static intranet,Sports,1633.52,216,SUP100,2025-11-17
P03663,Quality-focused multi-state complexity,Electronics,8.1,180,SUP035,2025-07-01
P03664,Reduced discrete moratorium,Clothing,1114.95,69,SUP055,2024-05-10
P03665,Distributed directional success,Electronics,1451.37,463,SUP003,2025-03-29
P03666,Virtual executive portal,Home,218.52,417,SUP030,2025-07-18
P03667,Fully-configurable responsive support,Home,916.75,265,SUP095,2024-07-19
P03668,Re-engineered modular moratorium,Clothing,271.65,78,SUP001,2024-06-17
P03669,Ergonomic high-level help-desk,Electronics,170.12,294,SUP015,2024-11-02
P03670,Universal demand-driven collaboration,Home,1256.95,148,SUP098,2025-11-14
P03671,Stand-alone disintermediate focus group,Clothing,820.34,205,SUP089,2024-11-07
P03672,Assimilated mission-critical intranet,Books,1508.01,480,SUP075,2024-05-13
P03673,Function-based uniform interface,Beauty,655.62,250,SUP014,2025-07-24
P03674,Expanded foreground projection,Electronics,248.46,246,SUP075,2024-09-05
P03675,Visionary zero-defect pricing structure,Books,64.49,188,SUP060,2025-08-24
P03676,Multi-lateral multimedia function,Home,1886.85,275,SUP078,2024-10-27
P03677,Expanded explicit website,Sports,1394.43,306,SUP026,2025-02-20
P03678,Public-key explicit benchmark,Beauty,887.07,257,SUP038,2025-02-12
P03679,Devolved hybrid synergy,Clothing,1493.08,120,SUP071,2025-12-27
P03680,Upgradable interactive circuit,Electronics,1077.13,231,SUP008,2024-11-18
P03681,Up-sized neutral contingency,Electronics,436.45,451,SUP091,2026-02-08
P03682,Polarized national moratorium,Electronics,1024.6,247,SUP062,2025-02-10
P03683,Intuitive client-server function,Electronics,1889.85,100,SUP016,2024-05-05
P03684,Progressive content-based forecast,Beauty,414.15,91,SUP078,2025-08-31
P03685,Open-architected dedicated conglomeration,Electronics,698.91,414,SUP051,2024-06-25
P03686,Up-sized discrete installation,Electronics,1013.28,150,SUP079,2024-08-14
P03687,Profound web-enabled solution,Sports,1685.39,301,SUP075,2024-10-01
P03688,Centralized systemic knowledgebase,Beauty,588.72,252,SUP055,2026-03-09
P03689,Organic user-facing analyzer,Books,796.91,282,SUP041,2025-02-10
P03690,Synergized mission-critical adapter,Home,964.99,96,SUP096,2025-03-19
P03691,Compatible well-modulated moderator,Clothing,215.27,181,SUP091,2025-11-22
P03692,Future-proofed 5thgeneration synergy,Electronics,381.35,354,SUP004,2025-08-08
P03693,Mandatory non-volatile database,Sports,789.9,438,SUP076,2025-04-16
P03694,Universal reciprocal monitoring,Beauty,485.13,106,SUP006,2025-01-18
P03695,Enterprise-wide optimal throughput,Electronics,500.72,260,SUP006,2025-04-22
P03696,Focused encompassing methodology,Clothing,334.22,47,SUP079,2025-11-08
P03697,Multi-tiered fault-tolerant database,Beauty,1080.01,62,SUP097,2025-10-01
P03698,Down-sized secondary website,Clothing,1591.35,302,SUP066,2026-02-07
P03699,Enterprise-wide system-worthy attitude,Home,181.64,24,SUP041,2025-06-22
P03700,Self-enabling cohesive middleware,Books,759.5,464,SUP008,2025-05-01
P03701,Adaptive dedicated infrastructure,Clothing,1809.51,324,SUP063,2025-01-28
P03702,Automated 24/7 synergy,Clothing,740.56,370,SUP097,2026-03-29
P03703,Decentralized bi-directional hierarchy,Books,1633.15,247,SUP095,2026-03-13
P03704,Multi-channeled optimal conglomeration,Electronics,524.98,198,SUP015,2024-10-29
P03705,Total local Local Area Network,Books,274.63,92,SUP056,2024-10-10
P03706,Virtual systemic solution,Books,363.66,178,SUP058,2024-05-10
P03707,Realigned bifurcated policy,Books,112.01,309,SUP050,2025-10-10
P03708,Down-sized encompassing initiative,Beauty,1613.41,180,SUP036,2025-09-14
P03709,Compatible coherent interface,Books,1571.11,296,SUP056,2025-12-26
P03710,Team-oriented bottom-line portal,Beauty,1038.18,190,SUP052,2024-06-30
P03711,Organic holistic alliance,Sports,659.56,405,SUP019,2025-01-12
P03712,Profit-focused global groupware,Electronics,1614.49,191,SUP028,2025-03-11
P03713,Progressive modular superstructure,Beauty,21.68,99,SUP071,2025-03-27
P03714,Versatile composite infrastructure,Clothing,130.93,295,SUP076,2024-11-02
P03715,Advanced homogeneous initiative,Clothing,936.1,283,SUP007,2024-12-02
P03716,Self-enabling non-volatile instruction set,Electronics,103.57,41,SUP084,2024-05-31
P03717,Quality-focused explicit time-frame,Clothing,1975.83,56,SUP044,2025-08-18
P03718,Streamlined 24hour moderator,Beauty,1939.35,310,SUP013,2025-01-02
P03719,Digitized object-oriented complexity,Home,837.77,155,SUP077,2024-06-17
P03720,Business-focused client-driven throughput,Clothing,932.97,412,SUP051,2026-03-16
P03721,Ergonomic disintermediate conglomeration,Clothing,1561.25,217,SUP052,2024-05-27
P03722,Multi-layered directional pricing structure,Home,504.21,195,SUP017,2024-12-11
P03723,Future-proofed even-keeled implementation,Electronics,1984.22,410,SUP022,2024-11-11
P03724,Grass-roots fault-tolerant parallelism,Electronics,981.83,134,SUP031,2024-12-30
P03725,Re-engineered system-worthy standardization,Electronics,57.0,4,SUP009,2024-08-18
P03726,Object-based bi-directional framework,Electronics,1760.44,264,SUP080,2024-10-30
P03727,Realigned 4thgeneration portal,Clothing,1473.89,391,SUP003,2025-04-17
P03728,Reactive bandwidth-monitored orchestration,Books,1089.14,47,SUP040,2024-07-06
P03729,Fundamental heuristic definition,Sports,1156.94,202,SUP008,2025-11-15
P03730,Profit-focused scalable concept,Books,774.54,52,SUP071,2025-04-06
P03731,Open-source full-range throughput,Beauty,140.19,171,SUP002,2025-01-28
P03732,Cross-group bi-directional moderator,Electronics,138.74,404,SUP080,2024-12-27
P03733,Multi-channeled object-oriented synergy,Beauty,1934.71,105,SUP026,2025-03-12
P03734,Decentralized foreground capacity,Electronics,1533.32,120,SUP048,2025-09-16
P03735,Open-source bandwidth-monitored utilization,Sports,1442.1,402,SUP078,2025-06-03
P03736,Networked zero tolerance migration,Home,1960.3,158,SUP044,2025-07-30
P03737,Synergistic web-enabled complexity,Home,1605.0,488,SUP052,2026-02-16
P03738,Innovative bottom-line extranet,Books,419.19,55,SUP082,2025-04-28
P03739,Secured maximized conglomeration,Clothing,1048.99,422,SUP046,2024-05-23
P03740,Grass-roots upward-trending analyzer,Clothing,666.34,285,SUP038,2025-07-20
P03741,Virtual value-added concept,Books,1021.5,178,SUP056,2026-02-02
P03742,Re-engineered asymmetric core,Beauty,89.47,335,SUP003,2024-12-03
P03743,Re-engineered responsive complexity,Home,273.81,80,SUP090,2026-03-19
P03744,Multi-layered neutral middleware,Beauty,1513.17,224,SUP038,2025-09-11
P03745,Business-focused systemic complexity,Home,175.03,56,SUP048,2025-09-22
P03746,Self-enabling systematic project,Beauty,1001.12,491,SUP097,2026-01-31
P03747,Up-sized maximized system engine,Books,204.24,421,SUP095,2024-06-18
P03748,Proactive object-oriented capability,Electronics,1454.15,5,SUP043,2025-10-02
P03749,Customizable regional support,Home,1018.34,201,SUP017,2025-05-20
P03750,Progressive neutral success,Beauty,894.79,221,SUP051,2025-04-17
P03751,Robust tertiary monitoring,Clothing,1658.83,205,SUP067,2026-02-18
P03752,Expanded system-worthy middleware,Beauty,1495.45,401,SUP036,2024-06-25
P03753,Profit-focused 5thgeneration functionalities,Beauty,160.78,267,SUP074,2026-04-24
P03754,Up-sized attitude-oriented instruction set,Electronics,31.19,76,SUP092,2026-01-26
P03755,Multi-tiered zero tolerance Local Area Network,Home,72.12,322,SUP090,2025-06-04
P03756,Right-sized fresh-thinking concept,Beauty,1957.58,176,SUP005,2026-04-24
P03757,Robust demand-driven artificial intelligence,Sports,1918.2,406,SUP039,2025-06-29
P03758,Polarized next generation instruction set,Clothing,1746.8,99,SUP008,2024-07-10
P03759,Intuitive needs-based throughput,Beauty,1509.66,345,SUP064,2025-10-14
P03760,De-engineered 24/7 matrices,Electronics,1051.0,40,SUP035,2025-08-31
P03761,Innovative multi-state infrastructure,Clothing,1177.03,428,SUP099,2024-05-19
P03762,Face-to-face upward-trending hierarchy,Sports,470.78,234,SUP026,2025-10-05
P03763,Right-sized motivating matrix,Beauty,1904.51,195,SUP011,2026-03-22
P03764,Team-oriented 24hour access,Clothing,858.79,495,SUP019,2026-03-11
P03765,Upgradable next generation interface,Clothing,310.09,117,SUP083,2026-03-23
P03766,Seamless global architecture,Clothing,1527.37,268,SUP067,2026-03-05
P03767,Innovative non-volatile installation,Clothing,316.92,414,SUP046,2024-11-29
P03768,Implemented systematic methodology,Books,695.36,380,SUP070,2025-07-31
P03769,Decentralized national capability,Books,574.69,229,SUP027,2025-10-02
P03770,Enterprise-wide encompassing framework,Books,172.94,444,SUP003,2025-08-04
P03771,Networked zero tolerance utilization,Sports,186.06,43,SUP045,2025-12-24
P03772,Balanced needs-based Graphic Interface,Books,664.37,486,SUP083,2024-08-02
P03773,Focused transitional matrices,Clothing,569.7,214,SUP024,2024-11-04
P03774,Integrated empowering secured line,Home,1372.33,18,SUP017,2025-04-27
P03775,Public-key impactful solution,Books,1998.63,46,SUP044,2025-05-02
P03776,Synergistic multi-tasking protocol,Books,37.07,81,SUP005,2025-09-22
P03777,Decentralized logistical alliance,Clothing,1380.75,68,SUP071,2025-07-11
P03778,Face-to-face asynchronous software,Books,1250.69,194,SUP090,2026-04-27
P03779,Intuitive attitude-oriented neural-net,Beauty,1792.01,49,SUP046,2025-01-02
P03780,Polarized needs-based frame,Beauty,293.46,176,SUP091,2025-11-02
P03781,Ergonomic optimal task-force,Electronics,1552.98,254,SUP061,2024-09-25
P03782,Optional fresh-thinking knowledgebase,Sports,136.98,331,SUP059,2024-10-03
P03783,Team-oriented zero tolerance secured line,Electronics,1548.06,189,SUP032,2025-05-03
P03784,Multi-lateral heuristic utilization,Electronics,993.39,260,SUP078,2025-08-15
P03785,Persistent interactive hub,Clothing,726.62,40,SUP066,2025-10-27
P03786,Persevering actuating knowledge user,Sports,807.94,126,SUP096,2025-11-21
P03787,Managed zero tolerance intranet,Books,206.87,101,SUP033,2024-12-16
P03788,Operative human-resource projection,Beauty,573.02,172,SUP083,2024-07-14
P03789,Self-enabling multi-tasking structure,Clothing,955.44,329,SUP035,2025-08-05
P03790,Realigned zero administration system engine,Home,525.69,140,SUP002,2024-06-28
P03791,Visionary clear-thinking application,Home,1083.38,276,SUP059,2025-07-03
P03792,Progressive interactive function,Sports,38.11,425,SUP009,2024-10-29
P03793,Triple-buffered content-based product,Sports,578.21,240,SUP017,2024-09-15
P03794,Total static focus group,Clothing,1240.29,72,SUP013,2025-05-30
P03795,Enterprise-wide fault-tolerant synergy,Beauty,328.05,125,SUP059,2024-07-02
P03796,Multi-tiered high-level framework,Books,332.87,64,SUP077,2024-05-05
P03797,Sharable impactful model,Books,245.38,38,SUP100,2024-06-01
P03798,Monitored dynamic core,Clothing,794.96,278,SUP082,2024-05-09
P03799,Quality-focused optimizing strategy,Electronics,750.55,380,SUP074,2026-02-19
P03800,Operative exuding standardization,Electronics,756.3,216,SUP087,2024-07-31
P03801,Programmable executive open system,Electronics,539.01,370,SUP003,2024-06-13
P03802,De-engineered intangible groupware,Electronics,1923.33,342,SUP011,2026-01-14
P03803,Upgradable transitional website,Home,72.82,72,SUP062,2024-07-25
P03804,Upgradable maximized orchestration,Electronics,1396.06,431,SUP083,2025-07-22
P03805,Operative static array,Home,886.68,38,SUP084,2025-07-22
P03806,Versatile multi-tasking portal,Electronics,574.17,492,SUP079,2025-03-05
P03807,Proactive dedicated core,Electronics,665.79,44,SUP050,2024-12-09
P03808,Innovative bi-directional hardware,Sports,1963.29,481,SUP013,2026-02-09
P03809,Secured disintermediate Graphical User Interface,Home,788.66,494,SUP009,2025-06-04
P03810,Organized needs-based moratorium,Home,1944.8,365,SUP031,2026-02-23
P03811,De-engineered multimedia monitoring,Beauty,1206.96,66,SUP003,2025-08-01
P03812,Diverse intangible Graphical User Interface,Electronics,1718.41,412,SUP025,2025-09-19
P03813,Monitored 5thgeneration portal,Sports,870.09,107,SUP002,2025-05-06
P03814,Integrated national focus group,Beauty,1063.41,195,SUP018,2024-07-10
P03815,Diverse bandwidth-monitored help-desk,Sports,25.96,168,SUP082,2024-06-25
P03816,Managed user-facing workforce,Home,589.97,38,SUP082,2025-01-06
P03817,Exclusive stable superstructure,Beauty,641.9,99,SUP064,2025-10-03
P03818,Object-based systemic synergy,Sports,230.72,342,SUP086,2025-04-17
P03819,Future-proofed empowering neural-net,Beauty,362.58,132,SUP026,2025-08-20
P03820,Optimized uniform orchestration,Beauty,305.15,372,SUP007,2024-09-08
P03821,Inverse secondary parallelism,Sports,295.18,458,SUP054,2024-12-26
P03822,Stand-alone foreground moratorium,Beauty,1959.09,3,SUP067,2024-11-07
P03823,Intuitive executive interface,Clothing,48.1,435,SUP041,2025-02-18
P03824,Cross-group transitional structure,Electronics,64.52,421,SUP029,2025-03-21
P03825,Team-oriented exuding help-desk,Home,968.34,34,SUP021,2025-05-16
P03826,Total demand-driven Internet solution,Beauty,1386.23,383,SUP093,2024-05-13
P03827,Polarized clear-thinking Internet solution,Electronics,138.27,161,SUP095,2026-02-20
P03828,Face-to-face object-oriented array,Clothing,440.57,252,SUP046,2024-09-24
P03829,Advanced cohesive solution,Books,1824.22,220,SUP069,2025-05-02
P03830,Digitized incremental alliance,Electronics,844.06,116,SUP030,2025-03-15
P03831,Ameliorated explicit website,Sports,1999.43,300,SUP094,2025-04-03
P03832,Business-focused hybrid instruction set,Beauty,1592.46,315,SUP099,2024-12-19
P03833,Integrated non-volatile analyzer,Sports,1905.79,237,SUP028,2024-10-20
P03834,Polarized fault-tolerant monitoring,Home,824.63,82,SUP039,2026-03-23
P03835,Right-sized incremental framework,Electronics,946.07,98,SUP016,2024-05-20
P03836,Secured client-server frame,Clothing,1252.36,452,SUP038,2026-03-19
P03837,Ameliorated empowering task-force,Electronics,1770.62,189,SUP078,2025-06-28
P03838,Proactive exuding projection,Beauty,1620.04,368,SUP039,2025-05-28
P03839,Vision-oriented system-worthy monitoring,Clothing,1925.91,164,SUP092,2025-10-28
P03840,Synchronized executive customer loyalty,Home,1159.67,171,SUP081,2025-03-28
P03841,Expanded multi-state service-desk,Books,502.95,53,SUP060,2025-04-22
P03842,Up-sized actuating orchestration,Books,915.17,478,SUP094,2024-10-09
P03843,Visionary needs-based middleware,Books,1596.82,408,SUP017,2024-10-03
P03844,Decentralized actuating paradigm,Clothing,425.49,355,SUP054,2025-07-10
P03845,Advanced asymmetric artificial intelligence,Books,1669.77,63,SUP053,2026-03-28
P03846,Multi-lateral intangible monitoring,Beauty,601.16,484,SUP052,2024-05-16
P03847,Versatile client-driven frame,Electronics,1080.81,46,SUP046,2025-02-15
P03848,Decentralized local budgetary management,Sports,444.7,349,SUP032,2024-06-16
P03849,Persistent bi-directional moderator,Sports,1025.79,415,SUP073,2025-09-01
P03850,Upgradable zero tolerance process improvement,Clothing,1939.45,476,SUP022,2024-07-01
P03851,Business-focused heuristic application,Home,892.34,266,SUP022,2025-05-18
P03852,Ameliorated multi-tasking extranet,Home,1279.93,160,SUP097,2024-09-12
P03853,Object-based optimizing emulation,Beauty,1638.84,400,SUP034,2025-02-10
P03854,Distributed non-volatile benchmark,Beauty,264.94,224,SUP013,2025-10-27
P03855,Fundamental zero tolerance circuit,Home,922.52,160,SUP088,2025-07-10
P03856,Upgradable logistical moderator,Clothing,1450.8,375,SUP094,2024-05-06
P03857,Exclusive heuristic productivity,Beauty,1235.07,334,SUP049,2025-01-16
P03858,Multi-channeled maximized customer loyalty,Clothing,485.29,489,SUP086,2024-05-15
P03859,Reverse-engineered tertiary conglomeration,Electronics,1644.8,360,SUP044,2026-01-03
P03860,Up-sized fault-tolerant workforce,Books,1565.59,217,SUP030,2025-01-31
P03861,Universal leadingedge forecast,Electronics,1402.15,359,SUP046,2024-06-06
P03862,Customizable solution-oriented firmware,Electronics,176.85,372,SUP003,2025-11-27
P03863,Universal value-added definition,Beauty,1044.91,360,SUP099,2024-06-15
P03864,Visionary fresh-thinking encryption,Clothing,1062.23,318,SUP069,2025-07-25
P03865,Compatible human-resource interface,Clothing,1853.59,221,SUP009,2024-06-16
P03866,Customizable incremental capacity,Sports,401.68,449,SUP069,2026-03-27
P03867,Visionary bifurcated workforce,Beauty,1656.87,81,SUP033,2025-03-07
P03868,Cross-platform bi-directional approach,Books,620.42,184,SUP019,2025-01-29
P03869,Stand-alone incremental process improvement,Electronics,1261.08,127,SUP021,2024-09-19
P03870,Proactive radical forecast,Clothing,1179.28,129,SUP065,2026-01-01
P03871,Organized zero administration model,Electronics,1964.3,6,SUP051,2025-01-04
P03872,Open-source coherent adapter,Clothing,946.94,276,SUP017,2025-10-17
P03873,Adaptive client-server open system,Clothing,505.51,274,SUP032,2024-08-24
P03874,Multi-tiered attitude-oriented knowledgebase,Clothing,186.35,198,SUP094,2024-06-05
P03875,Ergonomic attitude-oriented encoding,Books,1838.3,170,SUP022,2025-12-20
P03876,Advanced demand-driven strategy,Electronics,670.17,26,SUP039,2024-06-19
P03877,Public-key systemic capability,Clothing,825.07,231,SUP027,2025-01-04
P03878,Programmable 5thgeneration artificial intelligence,Books,1642.33,77,SUP034,2025-08-01
P03879,Secured client-driven intranet,Electronics,1990.09,399,SUP010,2025-09-10
P03880,Operative non-volatile throughput,Electronics,361.59,219,SUP086,2026-02-06
P03881,Sharable composite adapter,Beauty,1101.16,63,SUP055,2025-11-12
P03882,Synergized mission-critical hardware,Books,1716.3,323,SUP023,2024-07-23
P03883,Ameliorated coherent support,Beauty,57.49,336,SUP021,2025-01-03
P03884,Secured interactive product,Home,801.79,151,SUP050,2024-08-30
P03885,De-engineered maximized process improvement,Books,1126.71,227,SUP100,2025-04-07
P03886,Distributed content-based service-desk,Home,1560.96,487,SUP009,2025-11-24
P03887,Virtual attitude-oriented benchmark,Home,1316.17,138,SUP077,2024-05-23
P03888,Pre-emptive solution-oriented policy,Clothing,662.42,323,SUP090,2026-03-05
P03889,Re-engineered exuding software,Electronics,651.74,372,SUP043,2024-07-26
P03890,Digitized asymmetric software,Electronics,1173.35,74,SUP095,2025-04-03
P03891,Stand-alone demand-driven implementation,Beauty,163.66,494,SUP086,2024-06-26
P03892,Adaptive zero administration system engine,Books,696.92,475,SUP046,2026-04-06
P03893,Enhanced static product,Books,37.63,339,SUP093,2026-02-24
P03894,Diverse cohesive initiative,Sports,950.87,414,SUP023,2025-12-16
P03895,Universal mission-critical functionalities,Electronics,1206.15,61,SUP087,2024-06-19
P03896,Automated attitude-oriented forecast,Sports,1718.42,292,SUP083,2026-02-01
P03897,Devolved disintermediate protocol,Clothing,682.25,268,SUP044,2024-10-12
P03898,Reactive hybrid initiative,Books,817.15,500,SUP094,2024-12-08
P03899,Enterprise-wide well-modulated capacity,Books,508.12,5,SUP056,2024-12-01
P03900,Business-focused 3rdgeneration budgetary management,Electronics,1608.46,493,SUP017,2025-05-26
P03901,Open-architected radical encryption,Clothing,304.18,39,SUP087,2024-07-04
P03902,Persevering methodical capability,Books,1912.63,444,SUP094,2026-04-10
P03903,Reactive solution-oriented superstructure,Home,1593.45,82,SUP059,2024-12-16
P03904,Reactive high-level concept,Electronics,1102.59,51,SUP091,2026-03-17
P03905,Upgradable optimizing help-desk,Electronics,1982.87,233,SUP098,2025-11-27
P03906,Function-based scalable complexity,Beauty,952.14,11,SUP075,2025-05-09
P03907,Horizontal maximized utilization,Beauty,1875.95,186,SUP050,2024-11-27
P03908,Cloned tangible budgetary management,Electronics,1781.65,162,SUP035,2025-08-04
P03909,Enhanced homogeneous database,Books,195.43,372,SUP020,2026-03-26
P03910,Synergized bi-directional product,Sports,337.71,198,SUP025,2024-05-19
P03911,Fundamental reciprocal task-force,Home,274.17,435,SUP009,2025-08-30
P03912,Configurable object-oriented superstructure,Home,1030.99,444,SUP055,2025-01-31
P03913,Organized coherent utilization,Sports,1152.36,454,SUP025,2025-06-10
P03914,User-friendly motivating moderator,Books,1088.76,42,SUP064,2025-12-08
P03915,User-friendly even-keeled hardware,Books,969.72,380,SUP048,2025-04-11
P03916,Universal object-oriented interface,Home,1544.61,492,SUP072,2025-05-15
P03917,Object-based well-modulated encryption,Clothing,506.23,401,SUP044,2025-03-09
P03918,Enhanced local middleware,Books,1108.66,152,SUP009,2024-12-10
P03919,Function-based disintermediate project,Beauty,1620.37,189,SUP020,2025-10-13
P03920,Profit-focused bifurcated moratorium,Clothing,320.91,441,SUP050,2024-12-21
P03921,Multi-tiered dynamic installation,Home,1779.47,3,SUP064,2026-03-10
P03922,Open-source object-oriented open architecture,Books,997.51,332,SUP084,2024-11-22
P03923,Polarized exuding strategy,Beauty,1190.38,233,SUP073,2025-09-08
P03924,Multi-tiered uniform support,Books,184.33,340,SUP024,2024-08-22
P03925,Intuitive grid-enabled orchestration,Sports,1298.28,108,SUP005,2025-09-30
P03926,Vision-oriented executive pricing structure,Home,432.95,261,SUP019,2025-04-12
P03927,Business-focused explicit contingency,Sports,281.97,185,SUP037,2025-10-01
P03928,Synergized 6thgeneration website,Sports,1119.74,431,SUP098,2025-12-02
P03929,Profit-focused zero tolerance definition,Beauty,1372.49,227,SUP013,2025-02-20
P03930,Front-line dynamic concept,Books,1920.69,15,SUP002,2025-04-05
P03931,Profound mobile open system,Electronics,106.9,208,SUP013,2024-08-18
P03932,Mandatory even-keeled superstructure,Books,1479.26,380,SUP068,2025-05-18
P03933,Re-contextualized asynchronous capacity,Clothing,623.16,213,SUP088,2025-02-24
P03934,Face-to-face user-facing forecast,Beauty,178.89,419,SUP079,2025-01-23
P03935,Switchable mission-critical archive,Clothing,522.76,323,SUP048,2026-04-27
P03936,Business-focused cohesive synergy,Clothing,475.0,240,SUP077,2024-05-29
P03937,Business-focused bottom-line benchmark,Sports,742.72,172,SUP099,2025-02-16
P03938,Assimilated asynchronous definition,Books,598.31,239,SUP033,2024-05-24
P03939,Horizontal didactic process improvement,Home,749.12,383,SUP010,2025-04-16
P03940,Extended modular attitude,Electronics,1279.64,196,SUP066,2025-03-04
P03941,Business-focused global instruction set,Books,1809.82,334,SUP024,2026-03-15
P03942,Optimized global moratorium,Beauty,297.64,221,SUP041,2024-06-07
P03943,Multi-lateral clear-thinking Local Area Network,Books,1306.32,320,SUP063,2025-10-10
P03944,Visionary executive concept,Books,664.23,274,SUP074,2024-11-23
P03945,Sharable 6thgeneration conglomeration,Home,624.72,352,SUP098,2024-05-26
P03946,Adaptive static array,Beauty,701.73,85,SUP012,2024-11-15
P03947,Up-sized even-keeled artificial intelligence,Books,1017.51,220,SUP003,2025-10-06
P03948,Total local process improvement,Sports,379.59,302,SUP089,2026-03-29
P03949,Vision-oriented coherent artificial intelligence,Books,912.43,363,SUP089,2025-09-06
P03950,Persistent 3rdgeneration instruction set,Beauty,329.04,299,SUP066,2026-01-16
P03951,Fully-configurable logistical interface,Beauty,116.76,353,SUP060,2025-05-30
P03952,Extended global hub,Sports,951.09,271,SUP097,2025-09-02
P03953,Horizontal national orchestration,Beauty,1922.73,241,SUP036,2025-03-10
P03954,Centralized systemic paradigm,Clothing,503.75,445,SUP052,2025-07-20
P03955,Customer-focused neutral core,Beauty,1786.06,301,SUP031,2025-12-31
P03956,Synergized coherent moderator,Beauty,1468.84,173,SUP098,2024-12-14
P03957,Profound discrete service-desk,Books,60.09,108,SUP096,2025-02-03
P03958,Advanced needs-based framework,Clothing,1705.98,263,SUP043,2024-12-09
P03959,Implemented fault-tolerant framework,Sports,1227.93,340,SUP053,2024-11-10
P03960,Upgradable static website,Electronics,1904.69,256,SUP018,2024-08-22
P03961,Organic analyzing core,Electronics,1153.51,62,SUP074,2025-09-09
P03962,Ergonomic exuding encoding,Electronics,1431.93,367,SUP048,2025-11-19
P03963,Enhanced heuristic frame,Beauty,313.74,94,SUP091,2025-07-06
P03964,Reactive system-worthy algorithm,Books,1741.83,49,SUP005,2024-10-11
P03965,Managed tangible capacity,Clothing,1403.13,267,SUP065,2024-05-08
P03966,Virtual background adapter,Sports,513.21,112,SUP013,2025-07-03
P03967,Synchronized zero administration middleware,Clothing,1577.93,12,SUP039,2025-05-17
P03968,Secured zero tolerance conglomeration,Beauty,170.71,392,SUP079,2024-11-18
P03969,Automated systematic model,Clothing,1982.38,208,SUP006,2024-12-26
P03970,Monitored real-time Local Area Network,Electronics,243.49,2,SUP083,2025-09-17
P03971,Enterprise-wide tangible alliance,Home,1349.69,328,SUP011,2025-04-24
P03972,Front-line national standardization,Books,1238.75,221,SUP013,2024-12-03
P03973,Compatible directional database,Sports,364.69,244,SUP017,2025-11-02
P03974,Cloned fresh-thinking artificial intelligence,Beauty,1776.55,221,SUP090,2026-03-06
P03975,Decentralized cohesive concept,Books,845.65,224,SUP022,2024-06-24
P03976,Customer-focused dynamic system engine,Electronics,449.91,171,SUP089,2024-09-02
P03977,Organic executive data-warehouse,Electronics,29.03,211,SUP100,2026-03-02
P03978,Progressive full-range Internet solution,Beauty,283.47,456,SUP029,2026-02-27
P03979,Integrated 3rdgeneration database,Books,1809.86,16,SUP025,2024-10-31
P03980,Ameliorated static contingency,Home,977.51,88,SUP096,2025-05-02
P03981,Mandatory 4thgeneration ability,Home,1608.49,471,SUP048,2024-10-25
P03982,Progressive static portal,Sports,356.27,434,SUP050,2024-08-13
P03983,Multi-lateral asymmetric moratorium,Beauty,973.25,70,SUP016,2026-03-12
P03984,Object-based exuding knowledge user,Books,883.84,468,SUP046,2024-12-06
P03985,Progressive coherent circuit,Home,228.37,340,SUP039,2026-04-26
P03986,Down-sized logistical orchestration,Beauty,860.9,272,SUP045,2024-08-04
P03987,Multi-tiered incremental core,Books,169.86,180,SUP056,2024-05-11
P03988,Fully-configurable maximized structure,Books,936.58,15,SUP037,2025-07-14
P03989,Self-enabling regional installation,Clothing,620.45,115,SUP095,2026-02-24
P03990,Re-contextualized uniform installation,Clothing,1935.9,104,SUP040,2025-01-11
P03991,Integrated bottom-line strategy,Beauty,818.34,440,SUP096,2024-09-11
P03992,Ergonomic fault-tolerant migration,Books,331.97,240,SUP078,2025-12-19
P03993,Expanded encompassing methodology,Electronics,66.45,222,SUP042,2024-07-06
P03994,Decentralized needs-based moderator,Electronics,506.77,410,SUP099,2025-01-29
P03995,Organic transitional utilization,Books,252.38,217,SUP040,2024-05-28
P03996,Innovative secondary budgetary management,Beauty,1608.91,308,SUP057,2025-06-25
P03997,Customer-focused 3rdgeneration pricing structure,Clothing,889.39,90,SUP084,2025-02-02
P03998,Exclusive executive customer loyalty,Beauty,1039.25,157,SUP093,2025-01-10
P03999,User-centric multimedia concept,Books,1033.51,153,SUP035,2025-05-19
P04000,Persevering systemic solution,Beauty,1317.13,3,SUP085,2026-02-28
P04001,Visionary upward-trending structure,Home,1561.67,286,SUP031,2026-03-01
P04002,Robust interactive contingency,Electronics,1605.36,104,SUP009,2025-05-31
P04003,Organic foreground model,Clothing,943.24,106,SUP069,2024-11-26
P04004,Digitized system-worthy workforce,Clothing,1610.84,269,SUP011,2025-10-26
P04005,Reverse-engineered coherent secured line,Clothing,343.11,149,SUP072,2025-07-29
P04006,De-engineered coherent emulation,Books,362.45,356,SUP099,2025-01-18
P04007,Horizontal scalable help-desk,Home,1833.78,85,SUP094,2025-10-01
P04008,Assimilated coherent portal,Beauty,762.78,472,SUP068,2025-02-26
P04009,Intuitive upward-trending hardware,Books,52.83,377,SUP059,2026-01-11
P04010,Advanced value-added approach,Books,742.32,459,SUP044,2025-06-19
P04011,Optional zero tolerance instruction set,Beauty,470.6,65,SUP095,2025-10-28
P04012,Enterprise-wide discrete success,Electronics,1129.75,131,SUP096,2025-03-05
P04013,Grass-roots client-server productivity,Sports,388.45,134,SUP031,2025-10-27
P04014,Synchronized executive solution,Beauty,1758.52,58,SUP043,2024-12-18
P04015,Versatile content-based capability,Home,865.19,319,SUP053,2025-10-29
P04016,Decentralized background definition,Books,1330.12,90,SUP002,2026-01-11
P04017,User-centric solution-oriented installation,Books,430.68,104,SUP085,2025-04-14
P04018,Persevering fault-tolerant capacity,Home,1250.32,415,SUP052,2025-01-27
P04019,Customizable scalable middleware,Electronics,1303.07,122,SUP068,2025-12-09
P04020,Intuitive interactive support,Beauty,930.67,394,SUP069,2024-09-04
P04021,Function-based 24/7 application,Sports,348.09,386,SUP085,2025-07-02
P04022,Compatible coherent workforce,Home,833.07,9,SUP011,2025-10-27
P04023,Configurable asymmetric initiative,Electronics,988.89,82,SUP059,2024-10-16
P04024,Re-engineered intangible artificial intelligence,Books,1771.83,389,SUP055,2025-12-28
P04025,Compatible fresh-thinking encryption,Beauty,277.61,7,SUP004,2025-10-31
P04026,Profound multimedia implementation,Clothing,387.98,410,SUP022,2026-03-24
P04027,Secured radical customer loyalty,Sports,1833.45,271,SUP080,2025-08-22
P04028,Balanced zero tolerance installation,Clothing,968.21,269,SUP058,2025-08-06
P04029,Focused background complexity,Beauty,24.25,91,SUP008,2024-07-01
P04030,Seamless hybrid system engine,Electronics,1809.93,454,SUP033,2025-02-20
P04031,Organic directional Internet solution,Electronics,1270.59,153,SUP037,2024-06-09
P04032,User-friendly 6thgeneration framework,Clothing,233.69,449,SUP052,2025-09-26
P04033,Open-source bottom-line pricing structure,Sports,1238.3,313,SUP044,2026-04-30
P04034,Right-sized object-oriented Local Area Network,Books,447.29,141,SUP036,2024-07-14
P04035,Stand-alone 5thgeneration archive,Books,624.09,306,SUP054,2026-04-23
P04036,Customizable composite knowledge user,Clothing,1235.16,472,SUP005,2025-07-31
P04037,Up-sized zero tolerance encoding,Sports,956.42,273,SUP036,2025-09-05
P04038,Re-contextualized even-keeled architecture,Clothing,654.44,487,SUP045,2024-08-14
P04039,Profound stable contingency,Beauty,1520.71,218,SUP029,2025-06-01
P04040,Phased transitional projection,Electronics,1132.16,99,SUP042,2025-05-18
P04041,Ameliorated stable strategy,Sports,1633.08,15,SUP011,2025-10-11
P04042,Pre-emptive 24hour Internet solution,Books,1028.03,401,SUP070,2025-07-10
P04043,Decentralized client-driven encryption,Books,724.61,405,SUP008,2025-10-20
P04044,Integrated context-sensitive conglomeration,Home,810.89,445,SUP056,2026-05-01
P04045,Visionary systematic workforce,Clothing,258.63,163,SUP066,2024-12-22
P04046,Object-based multimedia concept,Electronics,1121.07,354,SUP045,2024-09-06
P04047,Diverse bandwidth-monitored array,Sports,893.65,69,SUP039,2026-02-13
P04048,Distributed holistic paradigm,Clothing,1609.07,485,SUP051,2025-03-04
P04049,Ameliorated clear-thinking conglomeration,Beauty,900.42,155,SUP004,2024-11-20
P04050,Team-oriented dedicated support,Beauty,442.4,66,SUP033,2025-12-27
P04051,Synergized mobile ability,Beauty,262.23,351,SUP080,2025-03-22
P04052,Intuitive 24/7 capacity,Books,597.17,318,SUP043,2024-05-19
P04053,Devolved grid-enabled Local Area Network,Home,1097.57,134,SUP006,2026-03-03
P04054,Managed fault-tolerant task-force,Clothing,262.07,184,SUP060,2025-10-23
P04055,Networked tangible conglomeration,Beauty,943.46,118,SUP054,2025-10-20
P04056,De-engineered 4thgeneration policy,Home,1548.16,484,SUP007,2026-03-31
P04057,Upgradable local artificial intelligence,Clothing,822.52,237,SUP060,2026-02-09
P04058,Multi-tiered 24hour core,Clothing,1173.65,271,SUP100,2025-02-19
P04059,Profit-focused demand-driven policy,Sports,1301.8,181,SUP064,2026-04-22
P04060,Stand-alone dynamic hub,Clothing,1659.04,342,SUP081,2025-02-02
P04061,Profound neutral workforce,Beauty,187.58,9,SUP090,2024-06-20
P04062,Inverse global data-warehouse,Sports,1809.49,343,SUP076,2025-03-10
P04063,Face-to-face methodical emulation,Home,445.33,279,SUP071,2026-02-16
P04064,Stand-alone homogeneous analyzer,Home,1285.82,204,SUP003,2024-05-08
P04065,Right-sized executive open architecture,Beauty,1894.02,331,SUP033,2025-04-22
P04066,Upgradable multi-state secured line,Books,879.34,127,SUP063,2024-05-06
P04067,Distributed fault-tolerant monitoring,Books,200.44,115,SUP081,2025-11-05
P04068,Secured 5thgeneration time-frame,Sports,560.66,372,SUP041,2024-09-12
P04069,Exclusive context-sensitive monitoring,Electronics,12.56,154,SUP083,2025-01-18
P04070,Down-sized composite function,Sports,540.63,233,SUP030,2024-12-20
P04071,Right-sized bandwidth-monitored concept,Clothing,1451.43,399,SUP096,2026-02-19
P04072,Expanded solution-oriented extranet,Sports,179.17,432,SUP051,2024-11-08
P04073,Intuitive actuating task-force,Home,507.98,196,SUP030,2025-01-14
P04074,Focused zero-defect infrastructure,Home,488.13,480,SUP093,2024-08-11
P04075,Open-source systematic success,Electronics,91.67,24,SUP010,2025-07-04
P04076,Enterprise-wide didactic forecast,Sports,1362.11,474,SUP072,2024-09-21
P04077,Multi-lateral stable policy,Beauty,1335.08,12,SUP044,2024-08-18
P04078,Universal content-based Internet solution,Home,1927.29,208,SUP064,2025-04-20
P04079,Polarized intermediate emulation,Clothing,324.99,265,SUP022,2026-03-24
P04080,Phased national superstructure,Home,414.59,59,SUP059,2026-02-20
P04081,Decentralized analyzing emulation,Beauty,721.67,240,SUP076,2024-06-03
P04082,Upgradable global firmware,Electronics,660.69,480,SUP057,2025-10-26
P04083,Adaptive non-volatile support,Electronics,1827.4,165,SUP095,2025-10-29
P04084,Horizontal background open architecture,Books,501.45,97,SUP045,2025-11-28
P04085,Stand-alone systematic utilization,Electronics,1958.0,292,SUP079,2026-03-27
P04086,Extended leadingedge encryption,Clothing,1625.85,451,SUP011,2026-01-25
P04087,Switchable reciprocal productivity,Electronics,1063.07,125,SUP072,2025-04-13
P04088,Fully-configurable regional hardware,Electronics,1178.46,269,SUP057,2025-07-12
P04089,Implemented interactive task-force,Clothing,496.23,58,SUP099,2025-02-15
P04090,Organic system-worthy workforce,Electronics,1011.71,417,SUP030,2025-04-18
P04091,Devolved stable leverage,Clothing,1363.2,323,SUP013,2024-12-01
P04092,Decentralized empowering hardware,Sports,1185.82,443,SUP084,2025-04-23
P04093,User-centric well-modulated infrastructure,Sports,1239.17,114,SUP062,2024-12-29
P04094,Exclusive value-added projection,Clothing,20.08,261,SUP093,2025-07-30
P04095,Assimilated foreground implementation,Home,853.92,283,SUP083,2024-07-06
P04096,Decentralized zero administration standardization,Electronics,1933.59,463,SUP059,2025-10-30
P04097,Multi-tiered local database,Clothing,1863.46,107,SUP073,2025-08-25
P04098,Fundamental full-range initiative,Electronics,1925.86,481,SUP080,2025-01-26
P04099,Reduced background hardware,Beauty,564.33,134,SUP031,2026-05-01
P04100,Triple-buffered zero tolerance installation,Books,1002.72,4,SUP029,2025-02-26
P04101,Persevering scalable Graphical User Interface,Beauty,1079.59,384,SUP032,2026-03-07
P04102,Balanced real-time hardware,Beauty,1884.9,257,SUP054,2025-02-27
P04103,Adaptive clear-thinking product,Books,1585.21,241,SUP089,2025-07-05
P04104,Multi-layered tertiary budgetary management,Electronics,1934.99,500,SUP022,2024-08-29
P04105,Customizable system-worthy capability,Beauty,721.13,302,SUP056,2025-06-08
P04106,Pre-emptive fault-tolerant Graphic Interface,Home,675.05,388,SUP046,2025-02-27
P04107,Customizable object-oriented utilization,Home,1376.06,230,SUP025,2026-03-12
P04108,Mandatory didactic methodology,Home,565.45,213,SUP079,2026-03-30
P04109,Vision-oriented holistic groupware,Clothing,579.9,64,SUP018,2025-11-22
P04110,Innovative demand-driven groupware,Beauty,870.2,16,SUP052,2024-10-13
P04111,Right-sized incremental orchestration,Home,1088.27,244,SUP020,2024-05-06
P04112,Cross-platform foreground Graphic Interface,Electronics,7.99,56,SUP067,2025-01-04
P04113,Future-proofed intangible intranet,Clothing,1416.7,208,SUP074,2025-04-30
P04114,Profound fresh-thinking paradigm,Electronics,1097.96,390,SUP091,2024-07-25
P04115,Phased optimizing success,Home,979.16,256,SUP018,2024-09-22
P04116,Assimilated tangible implementation,Sports,1775.87,230,SUP100,2025-08-27
P04117,Compatible transitional archive,Electronics,190.74,354,SUP008,2025-08-13
P04118,Centralized interactive policy,Clothing,611.67,246,SUP040,2025-09-14
P04119,Devolved impactful capacity,Home,1998.14,191,SUP035,2025-01-14
P04120,Right-sized optimal algorithm,Sports,1427.11,408,SUP050,2025-03-28
P04121,Reactive bi-directional software,Books,1607.45,323,SUP005,2026-01-21
P04122,Persevering radical firmware,Sports,448.35,111,SUP039,2025-01-02
P04123,Customer-focused systematic database,Sports,522.99,23,SUP060,2025-06-27
P04124,Profit-focused attitude-oriented software,Clothing,254.41,237,SUP036,2025-04-02
P04125,Future-proofed foreground application,Home,1035.68,298,SUP041,2025-07-16
P04126,Innovative non-volatile software,Home,1055.41,268,SUP034,2025-06-18
P04127,De-engineered discrete interface,Books,245.93,293,SUP060,2024-05-22
P04128,Persevering client-server migration,Clothing,1392.14,376,SUP026,2025-03-10
P04129,Persistent stable definition,Sports,1128.93,336,SUP032,2024-11-10
P04130,Optional human-resource policy,Electronics,1047.83,253,SUP063,2025-12-31
P04131,Customizable zero tolerance infrastructure,Electronics,1736.96,117,SUP009,2024-09-16
P04132,Customer-focused scalable help-desk,Beauty,635.6,60,SUP095,2024-08-08
P04133,Pre-emptive optimal capability,Sports,1278.94,458,SUP067,2025-03-03
P04134,Cloned motivating benchmark,Beauty,1918.77,484,SUP038,2025-04-16
P04135,Reactive directional access,Sports,1500.09,346,SUP033,2025-02-03
P04136,Enhanced impactful access,Electronics,480.42,170,SUP033,2026-02-15
P04137,Focused exuding orchestration,Books,90.65,44,SUP054,2026-03-24
P04138,Fundamental next generation time-frame,Beauty,1344.24,109,SUP031,2025-04-26
P04139,Realigned asynchronous throughput,Books,1766.06,475,SUP049,2024-10-17
P04140,Polarized dynamic function,Home,983.13,422,SUP034,2025-09-21
P04141,Visionary object-oriented info-mediaries,Electronics,1384.45,491,SUP077,2025-06-26
P04142,Synchronized multimedia approach,Books,401.17,271,SUP037,2026-05-04
P04143,Reduced human-resource array,Electronics,1928.83,388,SUP009,2025-07-26
P04144,Face-to-face empowering model,Electronics,589.32,379,SUP078,2025-02-06
P04145,Horizontal foreground throughput,Electronics,252.16,370,SUP021,2025-07-03
P04146,Managed fresh-thinking time-frame,Clothing,622.47,262,SUP028,2026-01-17
P04147,Balanced homogeneous framework,Clothing,1916.47,422,SUP083,2025-01-14
P04148,Grass-roots actuating intranet,Sports,1235.42,358,SUP056,2024-06-22
P04149,Object-based systemic interface,Beauty,1700.29,483,SUP096,2025-03-19
P04150,Switchable 3rdgeneration budgetary management,Electronics,171.19,350,SUP044,2025-05-24
P04151,Managed human-resource knowledge user,Beauty,552.85,411,SUP018,2024-10-26
P04152,Reactive bi-directional help-desk,Books,1305.55,370,SUP066,2025-06-17
P04153,Integrated incremental framework,Beauty,194.5,335,SUP077,2025-08-25
P04154,Automated local utilization,Clothing,1186.3,275,SUP017,2025-01-30
P04155,Enhanced incremental groupware,Home,1958.75,315,SUP034,2025-06-23
P04156,Diverse bandwidth-monitored project,Electronics,499.88,289,SUP037,2025-08-01
P04157,Virtual context-sensitive firmware,Clothing,1514.9,316,SUP029,2025-12-05
P04158,Robust responsive complexity,Books,1295.1,323,SUP086,2024-05-28
P04159,Inverse methodical focus group,Electronics,265.77,470,SUP024,2024-05-25
P04160,Enhanced zero-defect intranet,Electronics,1999.71,136,SUP035,2025-06-06
P04161,De-engineered upward-trending projection,Clothing,1463.62,446,SUP035,2025-01-24
P04162,Profound 5thgeneration focus group,Sports,1765.79,335,SUP034,2024-10-08
P04163,Reverse-engineered non-volatile initiative,Sports,1921.96,391,SUP063,2025-12-04
P04164,Cross-platform web-enabled matrix,Home,41.22,371,SUP077,2025-04-08
P04165,Enhanced fault-tolerant solution,Sports,1306.79,437,SUP090,2024-12-15
P04166,Automated demand-driven protocol,Sports,506.68,91,SUP055,2024-12-10
P04167,Multi-channeled uniform toolset,Sports,70.49,11,SUP059,2024-09-21
P04168,Re-contextualized holistic productivity,Home,800.07,431,SUP029,2025-03-01
P04169,Profound scalable info-mediaries,Clothing,601.39,190,SUP010,2025-07-09
P04170,Synchronized bi-directional migration,Home,1954.13,34,SUP076,2024-06-08
P04171,Upgradable heuristic moratorium,Sports,576.01,299,SUP066,2024-06-08
P04172,Public-key 6thgeneration solution,Sports,885.42,170,SUP039,2025-06-30
P04173,Multi-layered 5thgeneration implementation,Home,1556.42,307,SUP036,2024-12-13
P04174,Synergized regional portal,Books,886.63,168,SUP077,2025-11-28
P04175,Open-source object-oriented groupware,Books,1966.18,404,SUP028,2025-09-08
P04176,Inverse holistic interface,Sports,10.01,23,SUP067,2026-03-21
P04177,Balanced actuating solution,Electronics,642.1,117,SUP067,2025-05-11
P04178,Re-engineered optimizing moderator,Home,1662.09,316,SUP069,2024-12-18
P04179,Reactive high-level structure,Home,1484.77,467,SUP075,2025-07-24
P04180,Innovative actuating function,Clothing,1202.67,79,SUP085,2026-04-25
P04181,Team-oriented systemic alliance,Home,895.47,323,SUP072,2025-02-10
P04182,Managed secondary core,Books,1000.58,414,SUP038,2025-07-21
P04183,Persistent impactful project,Home,566.65,466,SUP045,2026-03-12
P04184,Horizontal dynamic knowledgebase,Electronics,23.3,403,SUP093,2024-09-23
P04185,Intuitive background hub,Books,1066.92,253,SUP053,2026-01-10
P04186,Implemented national product,Books,1021.18,97,SUP080,2025-07-13
P04187,Diverse zero tolerance methodology,Home,1373.51,291,SUP082,2026-02-15
P04188,Future-proofed 24hour focus group,Sports,1773.45,311,SUP094,2025-06-06
P04189,Advanced value-added concept,Clothing,159.52,130,SUP033,2024-05-19
P04190,Future-proofed demand-driven focus group,Home,807.66,399,SUP098,2025-10-14
P04191,Open-architected executive firmware,Books,1342.1,156,SUP008,2024-07-18
P04192,Re-engineered next generation task-force,Beauty,145.13,458,SUP080,2025-02-20
P04193,Customer-focused 6thgeneration algorithm,Clothing,460.43,290,SUP018,2025-12-11
P04194,Face-to-face explicit array,Electronics,1229.11,193,SUP058,2025-06-06
P04195,Exclusive exuding product,Beauty,1918.57,63,SUP059,2024-10-25
P04196,Centralized mission-critical projection,Sports,178.03,385,SUP061,2026-02-27
P04197,Public-key fresh-thinking circuit,Sports,1966.53,432,SUP032,2026-01-16
P04198,Reverse-engineered stable budgetary management,Clothing,477.95,405,SUP073,2025-10-04
P04199,Expanded secondary strategy,Home,900.69,318,SUP047,2026-01-04
P04200,Expanded needs-based alliance,Books,1184.71,460,SUP020,2025-02-25
P04201,Progressive discrete Internet solution,Clothing,828.87,132,SUP013,2024-05-16
P04202,Persistent tangible product,Clothing,758.37,121,SUP022,2025-03-16
P04203,Centralized foreground capability,Clothing,1928.15,247,SUP070,2025-05-04
P04204,Down-sized stable portal,Beauty,1566.83,410,SUP007,2024-10-29
P04205,Switchable leadingedge orchestration,Electronics,1718.05,210,SUP100,2024-11-14
P04206,Focused contextually-based adapter,Books,1948.37,399,SUP057,2025-06-26
P04207,Innovative bifurcated secured line,Books,804.09,98,SUP067,2024-09-25
P04208,Synchronized fault-tolerant flexibility,Electronics,105.99,428,SUP087,2025-02-18
P04209,Stand-alone homogeneous product,Beauty,1676.95,258,SUP020,2025-02-06
P04210,Assimilated leadingedge matrix,Home,1448.59,39,SUP010,2024-06-02
P04211,Sharable modular attitude,Sports,1742.95,369,SUP007,2025-10-27
P04212,Organic well-modulated orchestration,Beauty,1175.92,313,SUP015,2026-04-10
P04213,Implemented 24/7 benchmark,Home,1348.9,468,SUP002,2025-05-23
P04214,Profit-focused fresh-thinking application,Electronics,1961.0,56,SUP082,2025-07-07
P04215,Down-sized hybrid project,Books,1136.59,353,SUP052,2026-02-18
P04216,Secured secondary orchestration,Beauty,1311.24,110,SUP038,2024-06-23
P04217,Proactive encompassing access,Home,1558.04,48,SUP040,2024-07-16
P04218,Right-sized static firmware,Sports,875.23,144,SUP047,2025-04-15
P04219,Monitored stable interface,Home,1199.9,122,SUP030,2025-11-25
P04220,Integrated high-level contingency,Home,1003.65,321,SUP017,2024-11-27
P04221,Ameliorated upward-trending application,Home,1549.04,323,SUP023,2025-05-13
P04222,Grass-roots client-server capability,Sports,425.05,138,SUP092,2025-08-28
P04223,Inverse hybrid infrastructure,Books,755.64,161,SUP086,2025-01-05
P04224,Persevering 24hour collaboration,Home,447.03,80,SUP049,2025-08-08
P04225,Operative incremental alliance,Electronics,1565.73,56,SUP028,2024-12-14
P04226,Object-based 6thgeneration productivity,Beauty,1061.28,202,SUP082,2024-09-30
P04227,Public-key multi-state capacity,Home,1181.87,400,SUP090,2025-12-10
P04228,Cross-platform demand-driven intranet,Clothing,1444.8,492,SUP049,2025-11-02
P04229,Visionary actuating forecast,Sports,1430.58,35,SUP038,2024-08-01
P04230,Automated modular archive,Clothing,369.13,407,SUP012,2024-06-15
P04231,Configurable human-resource framework,Electronics,615.33,156,SUP023,2025-03-01
P04232,Horizontal encompassing implementation,Electronics,500.31,466,SUP092,2025-01-27
P04233,Total composite customer loyalty,Electronics,1241.35,254,SUP066,2025-12-12
P04234,Expanded uniform installation,Electronics,125.07,149,SUP099,2024-10-06
P04235,Cross-group well-modulated info-mediaries,Electronics,80.21,466,SUP008,2025-04-20
P04236,Virtual bi-directional encoding,Books,1354.09,253,SUP073,2025-03-10
P04237,Secured holistic moratorium,Beauty,451.14,38,SUP028,2025-01-07
P04238,Reverse-engineered maximized focus group,Books,187.6,4,SUP064,2025-07-05
P04239,Devolved incremental middleware,Electronics,1102.29,275,SUP019,2025-05-03
P04240,Synchronized holistic hardware,Electronics,1037.27,65,SUP032,2025-04-28
P04241,Operative 4thgeneration task-force,Books,823.28,26,SUP097,2024-09-11
P04242,Down-sized dynamic concept,Electronics,218.95,280,SUP100,2024-09-09
P04243,Networked disintermediate task-force,Clothing,674.28,203,SUP030,2026-03-12
P04244,Right-sized grid-enabled complexity,Beauty,1607.35,20,SUP017,2024-09-23
P04245,Re-contextualized fresh-thinking application,Electronics,1317.09,20,SUP083,2025-01-02
P04246,Enhanced tangible leverage,Electronics,325.55,84,SUP010,2025-04-07
P04247,Total tertiary project,Sports,1925.23,101,SUP060,2025-03-24
P04248,Triple-buffered asynchronous migration,Home,109.14,401,SUP010,2025-02-19
P04249,Inverse mobile workforce,Sports,500.88,84,SUP072,2025-12-09
P04250,Balanced local functionalities,Clothing,751.97,268,SUP055,2025-06-15
P04251,Programmable value-added functionalities,Home,416.08,279,SUP031,2024-11-19
P04252,Compatible maximized benchmark,Sports,1346.48,303,SUP072,2024-09-06
P04253,Robust modular encryption,Beauty,408.9,263,SUP061,2025-06-02
P04254,Adaptive didactic secured line,Sports,817.91,30,SUP035,2025-04-14
P04255,Managed system-worthy support,Beauty,1841.59,439,SUP073,2025-12-22
P04256,Networked eco-centric encoding,Sports,1021.81,379,SUP100,2025-03-16
P04257,Devolved human-resource attitude,Home,1454.83,200,SUP052,2024-08-18
P04258,Profit-focused attitude-oriented hardware,Clothing,447.33,425,SUP044,2024-06-26
P04259,Future-proofed leadingedge website,Clothing,1013.81,71,SUP080,2025-07-06
P04260,Future-proofed regional framework,Electronics,680.89,221,SUP072,2026-03-19
P04261,Object-based cohesive process improvement,Clothing,1111.72,457,SUP021,2024-07-29
P04262,Reverse-engineered real-time groupware,Books,564.34,314,SUP034,2025-09-02
P04263,Realigned radical algorithm,Books,356.03,152,SUP048,2024-06-18
P04264,Customizable bi-directional collaboration,Books,836.87,30,SUP007,2025-07-28
P04265,Switchable tertiary initiative,Beauty,735.41,480,SUP013,2025-06-11
P04266,Multi-layered background strategy,Clothing,950.73,333,SUP012,2025-07-26
P04267,Configurable optimizing matrix,Clothing,1021.62,483,SUP018,2024-10-30
P04268,Versatile 24hour benchmark,Books,1513.28,498,SUP045,2025-11-17
P04269,Visionary client-server intranet,Beauty,253.96,144,SUP061,2025-05-23
P04270,Switchable modular portal,Sports,430.04,421,SUP099,2025-10-30
P04271,Synergistic context-sensitive product,Home,503.46,174,SUP071,2025-08-31
P04272,Public-key fresh-thinking help-desk,Clothing,390.75,241,SUP095,2024-07-05
P04273,Managed dedicated ability,Beauty,1373.04,27,SUP080,2026-01-11
P04274,Persistent impactful hierarchy,Home,1134.96,279,SUP031,2024-07-07
P04275,Reactive stable analyzer,Beauty,1757.47,49,SUP082,2025-10-30
P04276,Organized context-sensitive hierarchy,Home,1051.73,439,SUP055,2024-09-07
P04277,Diverse leadingedge solution,Home,445.89,454,SUP051,2025-01-02
P04278,Public-key needs-based protocol,Electronics,177.21,8,SUP072,2024-05-17
P04279,User-centric optimal capacity,Beauty,488.31,336,SUP003,2025-10-16
P04280,Horizontal even-keeled functionalities,Electronics,1231.39,157,SUP082,2025-03-07
P04281,Configurable grid-enabled toolset,Beauty,1833.84,337,SUP046,2024-06-15
P04282,Distributed responsive extranet,Books,242.19,389,SUP091,2024-07-22
P04283,Intuitive coherent Graphical User Interface,Beauty,418.74,179,SUP098,2025-09-09
P04284,Total 5thgeneration archive,Clothing,166.57,210,SUP054,2024-06-05
P04285,Digitized eco-centric website,Home,210.38,307,SUP016,2026-04-28
P04286,Reverse-engineered well-modulated open architecture,Home,559.06,435,SUP023,2025-03-03
P04287,Devolved disintermediate contingency,Books,1182.17,279,SUP042,2026-01-19
P04288,Automated bottom-line hardware,Electronics,1332.25,495,SUP060,2026-04-23
P04289,Function-based clear-thinking implementation,Beauty,454.94,410,SUP039,2024-08-13
P04290,Exclusive homogeneous moratorium,Clothing,953.75,484,SUP045,2024-08-15
P04291,Function-based bifurcated workforce,Electronics,436.36,421,SUP067,2025-03-18
P04292,Cross-group executive moratorium,Electronics,191.52,290,SUP058,2025-10-29
P04293,Quality-focused zero tolerance capability,Home,1497.63,415,SUP090,2026-03-27
P04294,Switchable high-level support,Beauty,649.36,411,SUP016,2025-05-29
P04295,Upgradable coherent middleware,Clothing,101.84,379,SUP079,2024-12-20
P04296,Virtual fresh-thinking groupware,Books,532.24,43,SUP026,2025-03-18
P04297,User-centric optimizing synergy,Beauty,1808.47,213,SUP062,2026-02-20
P04298,Centralized zero administration infrastructure,Electronics,123.71,440,SUP024,2025-04-18
P04299,Ergonomic attitude-oriented core,Sports,912.03,306,SUP085,2025-03-18
P04300,Profit-focused bi-directional groupware,Books,711.4,487,SUP001,2025-02-12
P04301,Ergonomic solution-oriented approach,Electronics,600.23,7,SUP020,2025-08-20
P04302,Reverse-engineered 3rdgeneration firmware,Electronics,25.19,329,SUP074,2025-02-03
P04303,Proactive clear-thinking process improvement,Clothing,1411.27,305,SUP026,2025-05-18
P04304,Right-sized executive array,Books,95.83,377,SUP047,2025-03-07
P04305,Sharable high-level help-desk,Clothing,46.09,354,SUP019,2024-06-10
P04306,Customizable didactic product,Home,455.57,489,SUP027,2026-03-24
P04307,Expanded transitional parallelism,Beauty,960.58,400,SUP009,2025-02-02
P04308,Triple-buffered incremental concept,Electronics,1100.6,416,SUP015,2025-03-17
P04309,Vision-oriented cohesive array,Home,672.32,370,SUP050,2025-08-20
P04310,Ergonomic zero-defect initiative,Books,1186.17,209,SUP016,2024-12-06
P04311,Persistent clear-thinking emulation,Beauty,1921.31,175,SUP049,2025-01-23
P04312,User-centric explicit product,Beauty,1013.88,218,SUP057,2025-01-22
P04313,Realigned uniform capability,Books,1493.64,42,SUP018,2024-05-09
P04314,Mandatory multimedia infrastructure,Books,1728.3,450,SUP092,2025-12-25
P04315,Streamlined fresh-thinking system engine,Electronics,1546.95,60,SUP072,2026-02-09
P04316,Upgradable optimal Graphic Interface,Electronics,1123.32,277,SUP067,2026-04-08
P04317,Customizable full-range encoding,Electronics,294.48,348,SUP006,2026-02-06
P04318,Digitized holistic system engine,Beauty,1489.02,98,SUP048,2026-01-20
P04319,Persistent tangible firmware,Home,156.42,292,SUP050,2024-09-08
P04320,Pre-emptive encompassing flexibility,Books,658.35,93,SUP004,2024-06-20
P04321,Fundamental reciprocal website,Electronics,177.21,116,SUP079,2025-03-08
P04322,Optimized value-added artificial intelligence,Books,1342.52,355,SUP007,2026-02-07
P04323,Secured empowering Local Area Network,Beauty,1630.61,67,SUP070,2024-11-25
P04324,Cross-platform leadingedge synergy,Beauty,1169.91,380,SUP021,2026-01-18
P04325,Monitored bottom-line solution,Electronics,1164.66,136,SUP079,2026-01-01
P04326,Organized fresh-thinking frame,Clothing,935.19,241,SUP049,2025-09-03
P04327,Upgradable tangible moratorium,Home,260.2,407,SUP048,2024-10-30
P04328,Open-source interactive throughput,Sports,163.52,475,SUP034,2024-12-08
P04329,Innovative foreground support,Books,1611.84,398,SUP061,2025-11-09
P04330,Self-enabling background protocol,Books,284.31,188,SUP018,2024-12-21
P04331,Object-based logistical hardware,Home,417.67,305,SUP055,2025-05-06
P04332,Multi-lateral optimal parallelism,Sports,1083.08,301,SUP030,2025-07-14
P04333,Synchronized system-worthy emulation,Beauty,60.38,34,SUP068,2024-07-09
P04334,Robust real-time archive,Beauty,1035.84,217,SUP097,2026-01-13
P04335,Horizontal optimizing circuit,Sports,1787.37,397,SUP089,2024-12-07
P04336,Configurable client-driven open architecture,Sports,312.87,71,SUP074,2025-10-29
P04337,Intuitive encompassing forecast,Clothing,1580.07,413,SUP084,2024-05-17
P04338,Business-focused methodical initiative,Home,603.8,436,SUP018,2024-05-18
P04339,Self-enabling bi-directional implementation,Beauty,1917.95,476,SUP007,2025-02-17
P04340,Universal bifurcated definition,Home,1849.85,437,SUP026,2026-01-21
P04341,Future-proofed tangible flexibility,Home,1122.71,25,SUP071,2024-05-12
P04342,Profit-focused content-based focus group,Home,244.78,68,SUP055,2025-05-02
P04343,Object-based dynamic complexity,Home,705.13,477,SUP047,2024-11-27
P04344,Realigned 6thgeneration capacity,Electronics,12.2,41,SUP039,2024-05-17
P04345,Team-oriented upward-trending solution,Home,704.59,92,SUP025,2024-10-23
P04346,Extended multimedia synergy,Beauty,649.29,300,SUP028,2025-07-17
P04347,Organic analyzing help-desk,Sports,1083.72,314,SUP063,2024-05-10
P04348,Adaptive attitude-oriented data-warehouse,Sports,341.23,445,SUP029,2025-10-17
P04349,Compatible intermediate paradigm,Beauty,247.65,162,SUP064,2025-06-23
P04350,Upgradable interactive migration,Sports,109.17,304,SUP073,2025-03-02
P04351,Compatible optimal model,Electronics,980.63,337,SUP048,2025-12-22
P04352,Front-line mission-critical hierarchy,Home,393.9,56,SUP081,2025-06-24
P04353,Grass-roots multi-state workforce,Beauty,141.64,421,SUP054,2026-02-12
P04354,User-friendly local conglomeration,Electronics,11.72,215,SUP004,2025-11-26
P04355,User-centric 24/7 Internet solution,Electronics,610.82,57,SUP049,2025-12-14
P04356,Synergistic systematic archive,Electronics,1750.14,362,SUP089,2025-07-18
P04357,Future-proofed optimal open architecture,Clothing,1513.66,127,SUP048,2024-06-18
P04358,Public-key even-keeled paradigm,Electronics,1474.59,295,SUP016,2025-10-22
P04359,Versatile optimizing collaboration,Beauty,1737.74,338,SUP026,2025-08-18
P04360,Progressive multi-state capacity,Sports,692.26,267,SUP093,2024-10-23
P04361,Cross-platform executive website,Beauty,1322.87,121,SUP076,2025-11-16
P04362,Right-sized local contingency,Beauty,1388.8,473,SUP048,2025-06-01
P04363,Profound real-time application,Clothing,1740.37,31,SUP018,2025-03-20
P04364,Sharable executive throughput,Books,1169.08,60,SUP043,2025-10-11
P04365,Re-engineered fresh-thinking secured line,Sports,1289.61,34,SUP085,2025-10-09
P04366,Pre-emptive composite emulation,Beauty,184.37,157,SUP048,2024-11-04
P04367,Down-sized holistic neural-net,Books,1491.46,219,SUP073,2025-07-27
P04368,Object-based solution-oriented analyzer,Books,1038.64,332,SUP043,2024-07-25
P04369,Innovative human-resource product,Clothing,1160.78,153,SUP028,2026-02-26
P04370,Optional optimal forecast,Beauty,823.67,249,SUP081,2025-11-03
P04371,Balanced didactic capacity,Electronics,63.26,222,SUP039,2025-02-23
P04372,Adaptive optimizing process improvement,Beauty,778.81,256,SUP030,2024-08-01
P04373,Optional transitional workforce,Electronics,198.85,0,SUP058,2026-02-28
P04374,Reduced analyzing extranet,Beauty,1268.63,220,SUP084,2024-05-29
P04375,Self-enabling maximized algorithm,Sports,123.67,332,SUP100,2024-11-26
P04376,Centralized interactive infrastructure,Home,1370.72,410,SUP033,2025-07-22
P04377,Monitored eco-centric website,Sports,55.08,369,SUP076,2025-05-13
P04378,Vision-oriented grid-enabled data-warehouse,Electronics,466.41,214,SUP096,2024-11-06
P04379,Organized global approach,Home,619.32,7,SUP045,2024-11-11
P04380,Horizontal homogeneous function,Electronics,1188.97,223,SUP035,2024-08-23
P04381,Synergized reciprocal attitude,Electronics,1855.46,453,SUP064,2024-09-21
P04382,Reverse-engineered multimedia initiative,Beauty,1303.45,131,SUP044,2025-12-22
P04383,Visionary 4thgeneration Graphic Interface,Books,1185.27,423,SUP021,2025-01-31
P04384,Multi-layered demand-driven capacity,Home,560.88,314,SUP043,2025-04-24
P04385,Compatible stable extranet,Home,514.17,470,SUP020,2024-10-22
P04386,Future-proofed client-server knowledgebase,Clothing,838.4,139,SUP089,2024-10-28
P04387,Innovative actuating encoding,Beauty,494.98,429,SUP056,2025-04-07
P04388,Implemented tertiary Graphical User Interface,Home,452.53,61,SUP016,2025-03-05
P04389,Re-contextualized cohesive instruction set,Beauty,881.1,420,SUP038,2025-01-10
P04390,Customer-focused mobile complexity,Books,785.01,276,SUP058,2026-03-28
P04391,Reverse-engineered eco-centric initiative,Home,1466.73,30,SUP093,2025-04-27
P04392,Profit-focused systemic project,Clothing,300.67,409,SUP020,2025-12-31
P04393,Triple-buffered intermediate knowledgebase,Electronics,386.37,282,SUP035,2024-12-21
P04394,User-centric stable conglomeration,Home,927.5,273,SUP027,2024-06-20
P04395,Customer-focused explicit hierarchy,Electronics,1266.74,137,SUP059,2024-11-03
P04396,Optional value-added analyzer,Home,1428.87,235,SUP035,2026-03-04
P04397,Innovative eco-centric pricing structure,Sports,1728.42,1,SUP023,2026-04-23
P04398,Fundamental even-keeled utilization,Clothing,926.58,133,SUP085,2025-12-31
P04399,Cross-group zero administration budgetary management,Beauty,244.48,206,SUP001,2024-05-05
P04400,Total bandwidth-monitored ability,Sports,825.43,39,SUP005,2025-09-24
P04401,Horizontal real-time model,Electronics,128.62,49,SUP050,2026-04-13
P04402,Centralized impactful model,Books,1147.26,81,SUP035,2025-10-06
P04403,Centralized cohesive secured line,Electronics,673.55,24,SUP010,2025-01-07
P04404,Expanded regional workforce,Home,1365.83,74,SUP040,2024-08-02
P04405,Monitored radical parallelism,Beauty,522.46,208,SUP056,2025-05-09
P04406,Mandatory 24/7 hierarchy,Beauty,1901.3,448,SUP058,2026-01-13
P04407,Cross-group analyzing capacity,Sports,353.45,321,SUP056,2025-10-21
P04408,Open-architected zero administration throughput,Books,282.19,183,SUP034,2025-03-23
P04409,Multi-channeled 6thgeneration system engine,Clothing,862.01,182,SUP025,2025-10-29
P04410,Multi-tiered encompassing firmware,Home,1417.83,45,SUP014,2024-05-18
P04411,Switchable stable Local Area Network,Electronics,1014.4,334,SUP045,2026-02-01
P04412,Optional intermediate policy,Home,1426.21,187,SUP056,2026-04-02
P04413,Networked coherent frame,Books,1634.06,89,SUP042,2025-02-23
P04414,Distributed analyzing strategy,Sports,501.35,135,SUP041,2026-03-10
P04415,Enterprise-wide non-volatile application,Beauty,1714.43,328,SUP060,2024-09-27
P04416,Future-proofed asymmetric framework,Books,235.06,420,SUP041,2025-09-28
P04417,De-engineered 24hour policy,Clothing,344.57,55,SUP099,2025-09-07
P04418,Inverse maximized frame,Home,986.57,38,SUP008,2025-05-10
P04419,Multi-layered 4thgeneration functionalities,Beauty,1419.76,282,SUP027,2025-07-28
P04420,Re-engineered incremental standardization,Books,772.75,155,SUP055,2026-01-15
P04421,Assimilated tangible encryption,Books,1583.97,328,SUP037,2024-11-30
P04422,Distributed interactive groupware,Books,1301.79,121,SUP087,2025-03-02
P04423,Centralized dedicated secured line,Sports,1262.3,279,SUP093,2024-05-22
P04424,Persevering optimal moratorium,Books,977.72,278,SUP071,2025-10-12
P04425,Business-focused mobile adapter,Clothing,19.52,480,SUP091,2025-04-07
P04426,Object-based next generation circuit,Electronics,703.08,473,SUP002,2024-09-18
P04427,Innovative responsive groupware,Home,1991.18,284,SUP040,2024-06-04
P04428,Organized directional website,Beauty,1228.16,351,SUP048,2024-09-28
P04429,Right-sized national Graphic Interface,Books,1227.34,191,SUP002,2024-06-25
P04430,Visionary user-facing info-mediaries,Beauty,275.52,65,SUP096,2024-05-31
P04431,Mandatory global success,Books,1995.58,337,SUP005,2025-02-14
P04432,Digitized 6thgeneration utilization,Clothing,594.6,297,SUP058,2024-05-10
P04433,Extended high-level concept,Home,1699.28,443,SUP075,2024-12-27
P04434,Re-engineered analyzing Local Area Network,Clothing,1964.33,402,SUP089,2025-12-21
P04435,Open-architected bifurcated standardization,Beauty,1703.08,435,SUP071,2024-08-16
P04436,Configurable mission-critical emulation,Clothing,1459.41,457,SUP041,2026-01-19
P04437,Organic real-time core,Beauty,1369.62,266,SUP015,2026-01-17
P04438,Pre-emptive optimal projection,Electronics,402.07,60,SUP056,2025-09-27
P04439,Multi-lateral attitude-oriented encryption,Home,1888.39,247,SUP082,2026-01-31
P04440,Upgradable demand-driven monitoring,Beauty,1930.48,273,SUP092,2024-09-01
P04441,Sharable systematic projection,Books,358.24,346,SUP097,2024-05-28
P04442,Proactive even-keeled synergy,Home,661.23,76,SUP029,2025-05-24
P04443,Horizontal mobile implementation,Beauty,844.25,325,SUP093,2025-05-07
P04444,Progressive zero administration functionalities,Beauty,1904.42,174,SUP025,2025-03-23
P04445,Team-oriented logistical infrastructure,Books,502.5,445,SUP033,2024-10-10
P04446,Multi-tiered motivating firmware,Beauty,1872.52,114,SUP089,2024-05-22
P04447,Multi-tiered object-oriented emulation,Electronics,283.4,440,SUP081,2025-10-31
P04448,Enterprise-wide disintermediate alliance,Beauty,1528.03,41,SUP045,2025-07-08
P04449,Future-proofed contextually-based open system,Home,1122.86,265,SUP023,2024-08-23
P04450,Open-source responsive complexity,Sports,588.18,27,SUP036,2025-09-21
P04451,Secured static orchestration,Home,1819.26,84,SUP040,2025-09-29
P04452,Configurable empowering info-mediaries,Beauty,27.84,311,SUP060,2025-01-22
P04453,Optional transitional Graphical User Interface,Sports,364.59,3,SUP053,2026-02-16
P04454,Monitored discrete Graphical User Interface,Beauty,886.89,500,SUP036,2025-05-05
P04455,Future-proofed contextually-based superstructure,Books,1921.56,196,SUP002,2024-07-24
P04456,Horizontal neutral moratorium,Clothing,513.2,343,SUP086,2025-02-16
P04457,Persistent grid-enabled Internet solution,Beauty,882.57,272,SUP056,2025-01-02
P04458,Function-based eco-centric paradigm,Sports,1679.27,176,SUP061,2025-08-22
P04459,Centralized bi-directional hub,Home,692.62,130,SUP028,2026-01-15
P04460,Face-to-face 24hour capacity,Books,217.01,56,SUP079,2025-02-04
P04461,Reverse-engineered logistical emulation,Electronics,351.02,225,SUP035,2025-09-18
P04462,Programmable heuristic hub,Sports,604.85,46,SUP021,2026-02-02
P04463,Reverse-engineered intermediate strategy,Books,1135.5,159,SUP050,2026-04-03
P04464,Re-engineered intermediate info-mediaries,Sports,54.85,361,SUP072,2024-11-01
P04465,Triple-buffered system-worthy ability,Beauty,317.95,89,SUP012,2024-10-23
P04466,Customer-focused homogeneous parallelism,Electronics,1972.72,449,SUP006,2026-05-03
P04467,Extended grid-enabled policy,Clothing,1814.9,316,SUP016,2026-03-21
P04468,Switchable high-level open architecture,Clothing,1309.97,217,SUP092,2025-09-03
P04469,Decentralized user-facing ability,Clothing,847.85,7,SUP075,2025-05-17
P04470,Integrated 6thgeneration hardware,Beauty,630.75,319,SUP044,2024-07-29
P04471,Function-based actuating data-warehouse,Clothing,1947.1,459,SUP053,2025-10-24
P04472,Configurable impactful definition,Home,1573.3,201,SUP043,2025-05-18
P04473,Synchronized encompassing contingency,Beauty,566.08,112,SUP065,2025-11-21
P04474,Phased contextually-based attitude,Home,159.28,18,SUP028,2024-08-23
P04475,Optimized needs-based parallelism,Electronics,1709.18,196,SUP032,2025-10-10
P04476,Re-engineered fault-tolerant moderator,Beauty,13.08,345,SUP040,2025-09-06
P04477,Business-focused asymmetric algorithm,Clothing,397.08,84,SUP098,2024-07-05
P04478,Polarized static matrices,Sports,167.89,486,SUP089,2025-01-22
P04479,Programmable encompassing help-desk,Electronics,51.57,307,SUP045,2025-11-02
P04480,Exclusive dedicated model,Home,512.79,462,SUP020,2025-06-30
P04481,Optional multi-tasking matrix,Sports,32.27,37,SUP060,2025-05-04
P04482,Integrated grid-enabled middleware,Electronics,845.36,102,SUP057,2024-07-14
P04483,Streamlined intermediate Internet solution,Sports,740.3,482,SUP036,2026-04-10
P04484,Fundamental client-server synergy,Beauty,1979.16,11,SUP097,2025-06-05
P04485,Re-engineered scalable encryption,Sports,1140.5,124,SUP026,2025-09-12
P04486,Reduced human-resource workforce,Electronics,60.35,185,SUP007,2024-05-13
P04487,Synchronized analyzing capability,Clothing,1388.33,253,SUP066,2025-05-03
P04488,Intuitive systematic core,Books,1262.28,453,SUP021,2025-12-01
P04489,Multi-lateral static middleware,Electronics,990.15,417,SUP083,2025-10-21
P04490,Customizable system-worthy standardization,Sports,971.3,498,SUP049,2024-11-05
P04491,Synchronized explicit help-desk,Beauty,9.21,158,SUP073,2025-04-14
P04492,Future-proofed scalable middleware,Home,1281.99,49,SUP021,2026-03-10
P04493,Virtual multi-state database,Sports,1871.22,178,SUP080,2025-01-10
P04494,Assimilated discrete secured line,Sports,798.49,347,SUP096,2026-03-04
P04495,Horizontal asymmetric support,Beauty,5.66,1,SUP096,2025-07-01
P04496,Multi-tiered grid-enabled time-frame,Clothing,1636.16,455,SUP005,2024-08-11
P04497,Implemented tertiary orchestration,Books,1464.86,9,SUP094,2024-06-10
P04498,Devolved holistic contingency,Electronics,1077.58,284,SUP038,2024-05-21
P04499,Customer-focused disintermediate encoding,Sports,1847.97,129,SUP044,2026-01-23
P04500,Synergized transitional capability,Books,1420.41,368,SUP076,2024-11-01
P04501,Horizontal local flexibility,Clothing,1515.37,496,SUP060,2024-05-09
P04502,Cross-group intangible database,Sports,688.89,79,SUP050,2026-03-13
P04503,Inverse solution-oriented system engine,Beauty,1981.18,474,SUP027,2024-05-13
P04504,Multi-tiered bifurcated open system,Books,1167.41,345,SUP002,2024-06-05
P04505,Future-proofed human-resource throughput,Home,957.51,343,SUP096,2025-06-28
P04506,Open-source high-level time-frame,Books,1370.34,360,SUP005,2026-04-05
P04507,Business-focused multi-state database,Electronics,1480.08,93,SUP069,2024-09-24
P04508,Universal optimizing secured line,Beauty,1212.61,38,SUP042,2025-03-15
P04509,Reverse-engineered web-enabled focus group,Books,366.8,31,SUP087,2025-12-22
P04510,Streamlined uniform installation,Home,1973.82,308,SUP095,2025-11-12
P04511,Function-based heuristic data-warehouse,Home,1307.2,307,SUP072,2024-08-06
P04512,Vision-oriented methodical hardware,Beauty,418.88,260,SUP099,2024-08-02
P04513,Streamlined upward-trending leverage,Sports,1622.72,245,SUP073,2026-02-09
P04514,Horizontal composite website,Clothing,353.11,33,SUP098,2025-07-16
P04515,Focused responsive data-warehouse,Sports,1310.76,289,SUP062,2025-06-15
P04516,Re-engineered logistical extranet,Books,265.51,492,SUP008,2025-05-02
P04517,Realigned eco-centric hierarchy,Home,1835.73,385,SUP020,2025-12-09
P04518,Profit-focused tangible portal,Books,520.99,389,SUP025,2025-12-16
P04519,Operative modular complexity,Sports,1570.2,109,SUP034,2026-04-12
P04520,Networked user-facing frame,Home,1981.06,205,SUP067,2025-07-06
P04521,Customer-focused intangible encryption,Books,1701.05,3,SUP013,2025-03-14
P04522,User-friendly motivating frame,Home,731.4,473,SUP016,2026-04-05
P04523,Persistent systemic challenge,Sports,1477.07,67,SUP055,2024-08-30
P04524,Grass-roots full-range Internet solution,Sports,1179.61,343,SUP056,2025-12-31
P04525,Mandatory incremental capacity,Electronics,544.32,196,SUP087,2026-03-27
P04526,Multi-lateral homogeneous orchestration,Home,480.59,396,SUP007,2025-05-17
P04527,Multi-layered analyzing array,Beauty,1589.57,455,SUP025,2025-03-15
P04528,Realigned motivating success,Books,921.41,74,SUP053,2026-04-23
P04529,Reverse-engineered radical knowledgebase,Books,518.48,170,SUP061,2026-03-30
P04530,Exclusive grid-enabled knowledgebase,Beauty,1523.41,382,SUP007,2025-09-29
P04531,Configurable optimizing complexity,Clothing,19.96,445,SUP036,2024-07-11
P04532,Visionary system-worthy Internet solution,Beauty,770.41,421,SUP049,2024-07-28
P04533,Innovative even-keeled methodology,Beauty,1800.13,386,SUP089,2026-01-27
P04534,Organic 4thgeneration database,Clothing,479.7,448,SUP009,2025-05-24
P04535,Monitored homogeneous encryption,Clothing,1365.46,487,SUP010,2025-11-04
P04536,Up-sized solution-oriented analyzer,Beauty,676.99,195,SUP098,2025-02-26
P04537,Exclusive empowering knowledgebase,Clothing,409.6,237,SUP054,2025-01-15
P04538,Sharable holistic archive,Home,390.24,415,SUP073,2024-08-03
P04539,Down-sized client-driven middleware,Clothing,38.83,244,SUP027,2025-12-04
P04540,Stand-alone tertiary flexibility,Electronics,1326.94,378,SUP011,2026-02-24
P04541,Upgradable reciprocal pricing structure,Clothing,446.89,349,SUP037,2025-08-22
P04542,Phased leadingedge knowledge user,Sports,681.37,383,SUP047,2025-06-12
P04543,Multi-tiered demand-driven access,Books,1501.35,102,SUP047,2024-11-26
P04544,Automated well-modulated complexity,Books,15.26,451,SUP055,2025-01-06
P04545,Focused local instruction set,Electronics,1314.75,441,SUP018,2024-05-27
P04546,Face-to-face tertiary hub,Home,1877.03,53,SUP055,2024-06-14
P04547,Cross-group stable workforce,Electronics,340.92,348,SUP061,2024-10-21
P04548,Future-proofed maximized middleware,Sports,1044.85,89,SUP039,2024-10-11
P04549,Compatible modular implementation,Home,1678.22,101,SUP041,2025-10-31
P04550,Enterprise-wide 4thgeneration application,Home,102.53,65,SUP079,2026-02-06
P04551,Front-line needs-based capacity,Home,42.84,487,SUP056,2024-05-22
P04552,Re-engineered fresh-thinking moderator,Sports,1886.47,390,SUP069,2025-10-28
P04553,Operative asynchronous help-desk,Books,1787.68,499,SUP030,2024-07-19
P04554,Triple-buffered cohesive infrastructure,Clothing,634.75,179,SUP071,2025-07-11
P04555,Customer-focused dedicated Internet solution,Home,831.82,80,SUP008,2025-02-01
P04556,Organic cohesive installation,Home,414.57,48,SUP081,2026-01-23
P04557,User-friendly bandwidth-monitored encryption,Books,431.27,331,SUP078,2026-01-16
P04558,Function-based disintermediate database,Beauty,126.15,482,SUP010,2025-08-25
P04559,Right-sized bottom-line intranet,Sports,800.46,125,SUP068,2025-04-08
P04560,Adaptive optimizing service-desk,Home,265.75,234,SUP086,2025-03-12
P04561,Up-sized national infrastructure,Electronics,651.71,168,SUP066,2024-07-25
P04562,Operative bi-directional process improvement,Electronics,376.33,5,SUP084,2025-08-19
P04563,Public-key analyzing conglomeration,Clothing,1627.75,261,SUP037,2024-10-14
P04564,Upgradable 5thgeneration protocol,Beauty,490.78,176,SUP068,2025-10-04
P04565,Face-to-face zero tolerance concept,Electronics,804.18,336,SUP044,2025-07-19
P04566,Programmable 5thgeneration capability,Clothing,69.56,406,SUP036,2026-01-26
P04567,Customizable radical data-warehouse,Beauty,1203.4,29,SUP068,2024-08-09
P04568,Fully-configurable heuristic Graphical User Interface,Clothing,1926.87,230,SUP079,2024-11-02
P04569,Balanced user-facing orchestration,Books,494.98,43,SUP055,2025-02-26
P04570,Organic 3rdgeneration pricing structure,Clothing,1002.55,350,SUP054,2025-11-27
P04571,Decentralized client-server model,Clothing,176.3,282,SUP063,2025-04-28
P04572,Switchable hybrid pricing structure,Electronics,1923.94,151,SUP070,2026-04-10
P04573,Automated grid-enabled adapter,Sports,505.29,335,SUP054,2026-02-16
P04574,Re-contextualized mobile utilization,Electronics,1141.04,66,SUP042,2024-12-05
P04575,Synchronized disintermediate intranet,Clothing,1678.46,399,SUP027,2026-05-03
P04576,Progressive systematic customer loyalty,Beauty,30.79,196,SUP025,2024-09-30
P04577,Balanced regional service-desk,Sports,1900.42,396,SUP003,2026-02-18
P04578,Enhanced bottom-line orchestration,Electronics,333.19,13,SUP024,2025-02-10
P04579,Profound zero tolerance pricing structure,Clothing,1559.36,5,SUP094,2024-06-10
P04580,Self-enabling tangible info-mediaries,Electronics,1303.34,7,SUP014,2026-02-13
P04581,Seamless real-time leverage,Sports,1241.38,429,SUP096,2025-01-18
P04582,Intuitive upward-trending intranet,Beauty,1685.48,199,SUP075,2024-08-23
P04583,Intuitive asynchronous frame,Home,1200.53,446,SUP075,2025-08-13
P04584,Secured leadingedge focus group,Electronics,1369.82,358,SUP084,2025-10-08
P04585,User-centric asymmetric moderator,Clothing,728.73,130,SUP025,2024-09-04
P04586,De-engineered well-modulated moratorium,Home,656.82,453,SUP058,2025-04-21
P04587,Advanced bi-directional data-warehouse,Beauty,1710.71,150,SUP006,2026-03-05
P04588,Proactive foreground approach,Books,1278.92,261,SUP051,2026-03-17
P04589,Synchronized demand-driven portal,Home,1055.81,225,SUP052,2025-03-21
P04590,Multi-layered 6thgeneration focus group,Beauty,648.7,97,SUP095,2025-08-03
P04591,Focused secondary throughput,Electronics,110.66,40,SUP058,2026-02-22
P04592,Compatible 6thgeneration Local Area Network,Books,1550.05,180,SUP086,2025-09-26
P04593,Reduced heuristic circuit,Books,131.18,55,SUP020,2025-05-28
P04594,Integrated 3rdgeneration software,Sports,1903.18,22,SUP063,2026-01-08
P04595,Innovative incremental structure,Sports,1002.83,275,SUP086,2024-06-17
P04596,Multi-lateral logistical Graphical User Interface,Sports,1872.83,182,SUP021,2025-02-20
P04597,Cross-group demand-driven protocol,Books,1424.05,81,SUP016,2025-01-11
P04598,Focused background throughput,Beauty,1972.68,452,SUP039,2024-09-24
P04599,Reactive uniform help-desk,Clothing,1006.17,42,SUP073,2026-01-29
P04600,Synchronized uniform concept,Electronics,1158.41,22,SUP002,2025-10-15
P04601,Cloned multimedia service-desk,Beauty,1433.18,47,SUP076,2025-06-22
P04602,Front-line responsive time-frame,Clothing,382.85,123,SUP085,2024-11-23
P04603,Horizontal global hub,Home,205.04,387,SUP083,2024-12-20
P04604,Implemented responsive productivity,Clothing,1443.88,27,SUP058,2025-07-02
P04605,Function-based leadingedge methodology,Electronics,732.78,383,SUP080,2025-05-11
P04606,Adaptive clear-thinking array,Beauty,1107.62,231,SUP071,2025-03-23
P04607,Profound mission-critical support,Home,1011.89,243,SUP055,2025-06-29
P04608,Managed 6thgeneration protocol,Electronics,1557.67,497,SUP049,2025-11-16
P04609,Implemented hybrid framework,Sports,621.74,488,SUP001,2025-09-10
P04610,Operative disintermediate installation,Sports,591.04,261,SUP055,2025-02-27
P04611,Proactive didactic workforce,Electronics,139.4,485,SUP058,2025-10-20
P04612,Versatile encompassing application,Sports,1270.91,227,SUP093,2024-08-01
P04613,Down-sized scalable challenge,Clothing,1737.76,75,SUP045,2025-04-23
P04614,Ergonomic bifurcated moderator,Clothing,661.98,71,SUP007,2025-11-16
P04615,Reverse-engineered 24hour hub,Beauty,1845.67,38,SUP036,2025-08-28
P04616,Synchronized coherent definition,Sports,871.83,160,SUP100,2026-01-20
P04617,Reactive systemic hub,Beauty,808.81,458,SUP046,2025-03-25
P04618,Ameliorated multimedia orchestration,Beauty,650.85,227,SUP010,2025-12-22
P04619,Customizable regional structure,Books,284.17,287,SUP066,2024-06-13
P04620,Re-engineered intangible analyzer,Home,532.82,205,SUP070,2024-10-17
P04621,Versatile static attitude,Books,944.54,20,SUP039,2025-03-25
P04622,Profit-focused global synergy,Electronics,605.21,450,SUP002,2025-02-05
P04623,Cross-group 3rdgeneration leverage,Books,745.21,93,SUP031,2025-11-08
P04624,Networked dynamic implementation,Sports,825.04,90,SUP033,2025-05-04
P04625,Organized bifurcated concept,Books,747.61,46,SUP001,2025-03-18
P04626,Total bandwidth-monitored time-frame,Sports,1505.53,294,SUP069,2025-12-30
P04627,Enhanced bottom-line Internet solution,Home,1068.51,124,SUP053,2026-02-22
P04628,Optional 4thgeneration Local Area Network,Clothing,513.13,179,SUP008,2026-03-20
P04629,Versatile well-modulated Graphic Interface,Sports,435.29,413,SUP026,2025-09-02
P04630,Phased executive protocol,Books,727.2,154,SUP006,2025-06-03
P04631,Right-sized impactful success,Sports,1469.3,469,SUP054,2024-12-21
P04632,Open-architected 24/7 database,Books,646.35,278,SUP078,2024-05-31
P04633,Stand-alone encompassing service-desk,Electronics,1971.15,159,SUP015,2025-01-15
P04634,Function-based systemic framework,Sports,1328.52,49,SUP075,2025-08-02
P04635,Enhanced grid-enabled process improvement,Books,1460.86,345,SUP054,2025-06-13
P04636,Advanced clear-thinking toolset,Sports,1454.76,269,SUP036,2024-06-02
P04637,Persistent modular firmware,Electronics,69.22,315,SUP076,2025-11-12
P04638,Reactive dynamic framework,Sports,363.66,453,SUP091,2024-11-01
P04639,Profit-focused context-sensitive orchestration,Electronics,1277.16,250,SUP061,2025-04-09
P04640,Networked full-range Internet solution,Beauty,484.81,484,SUP006,2024-11-26
P04641,Adaptive optimizing structure,Sports,1371.71,444,SUP082,2026-04-15
P04642,Customizable stable firmware,Beauty,1886.44,444,SUP046,2026-04-05
P04643,Grass-roots zero administration service-desk,Beauty,405.3,482,SUP047,2024-12-04
P04644,Multi-channeled needs-based access,Sports,1111.88,328,SUP023,2024-12-04
P04645,Ameliorated 6thgeneration policy,Beauty,764.71,394,SUP065,2024-05-25
P04646,Distributed fresh-thinking utilization,Home,1797.63,488,SUP089,2025-07-26
P04647,Implemented solution-oriented emulation,Beauty,1592.3,281,SUP091,2026-03-27
P04648,Streamlined homogeneous knowledgebase,Electronics,328.28,87,SUP054,2025-08-03
P04649,Automated actuating hierarchy,Electronics,118.63,99,SUP082,2024-07-25
P04650,Universal holistic analyzer,Home,1437.92,309,SUP004,2025-01-31
P04651,Managed zero-defect attitude,Beauty,1880.34,61,SUP037,2024-06-01
P04652,Fundamental multi-tasking extranet,Beauty,968.57,470,SUP037,2024-11-25
P04653,Upgradable tangible info-mediaries,Beauty,1332.45,84,SUP080,2025-12-20
P04654,Customer-focused 6thgeneration project,Electronics,1616.67,265,SUP066,2025-12-05
P04655,Profit-focused context-sensitive moratorium,Books,656.7,224,SUP084,2026-04-28
P04656,Self-enabling national circuit,Books,1226.57,456,SUP023,2025-03-04
P04657,Extended 6thgeneration product,Home,1610.0,388,SUP021,2025-07-03
P04658,User-friendly well-modulated architecture,Beauty,1733.17,354,SUP072,2024-09-13
P04659,Inverse reciprocal projection,Clothing,260.64,186,SUP063,2025-09-04
P04660,Up-sized heuristic circuit,Home,301.93,274,SUP034,2025-10-06
P04661,Reverse-engineered clear-thinking secured line,Electronics,1854.18,128,SUP013,2025-09-19
P04662,Universal clear-thinking Internet solution,Home,202.75,209,SUP008,2025-07-30
P04663,Sharable attitude-oriented toolset,Home,35.61,5,SUP046,2024-10-03
P04664,Optimized maximized customer loyalty,Books,216.06,478,SUP035,2025-11-26
P04665,Enhanced fresh-thinking application,Sports,69.75,203,SUP082,2026-01-29
P04666,Multi-layered bifurcated encoding,Beauty,1575.77,71,SUP053,2024-09-29
P04667,Open-source non-volatile policy,Books,381.96,39,SUP007,2025-09-29
P04668,Multi-layered radical frame,Home,226.93,119,SUP025,2024-07-18
P04669,Phased value-added capacity,Clothing,1006.52,128,SUP089,2025-07-01
P04670,Horizontal executive infrastructure,Clothing,47.53,82,SUP053,2024-10-10
P04671,Profound next generation strategy,Books,1997.76,297,SUP076,2024-08-04
P04672,Fully-configurable dynamic parallelism,Sports,1176.44,176,SUP030,2025-01-23
P04673,Re-contextualized uniform frame,Electronics,923.98,429,SUP070,2026-01-18
P04674,Team-oriented encompassing workforce,Beauty,1317.23,256,SUP006,2025-02-18
P04675,Business-focused local circuit,Home,130.52,46,SUP089,2025-05-26
P04676,Vision-oriented client-server product,Sports,350.54,82,SUP062,2025-04-18
P04677,Synergized exuding data-warehouse,Beauty,1314.92,25,SUP074,2024-07-11
P04678,Public-key grid-enabled core,Books,237.52,450,SUP091,2026-02-24
P04679,Synergized multi-state adapter,Electronics,1521.62,170,SUP002,2026-01-16
P04680,Object-based static parallelism,Home,1659.96,40,SUP095,2026-04-09
P04681,Object-based multimedia moratorium,Books,738.11,131,SUP021,2025-02-21
P04682,Profit-focused asymmetric complexity,Books,1822.28,110,SUP004,2024-11-08
P04683,Adaptive user-facing workforce,Books,579.77,265,SUP064,2024-11-20
P04684,Configurable global Graphic Interface,Books,612.01,5,SUP087,2026-02-10
P04685,Automated mobile throughput,Sports,1505.58,387,SUP053,2024-06-28
P04686,Operative analyzing moderator,Clothing,375.92,401,SUP021,2025-08-08
P04687,Organic neutral focus group,Clothing,1696.6,379,SUP002,2024-05-06
P04688,Operative background forecast,Sports,904.52,6,SUP063,2025-06-10
P04689,Right-sized bi-directional paradigm,Home,1012.98,285,SUP011,2025-06-02
P04690,Customer-focused executive task-force,Sports,1794.5,232,SUP015,2024-05-19
P04691,Triple-buffered empowering Internet solution,Books,1602.1,180,SUP068,2026-02-20
P04692,Inverse motivating capacity,Books,560.82,322,SUP007,2025-08-16
P04693,Open-source dynamic benchmark,Beauty,1800.38,93,SUP022,2024-10-29
P04694,Up-sized empowering interface,Home,543.82,410,SUP082,2026-04-20
P04695,Focused exuding methodology,Books,927.28,275,SUP037,2025-07-07
P04696,Synchronized coherent hierarchy,Beauty,1196.05,307,SUP026,2026-03-30
P04697,Synchronized grid-enabled complexity,Beauty,1803.03,182,SUP057,2024-10-22
P04698,Configurable secondary middleware,Electronics,1912.82,391,SUP080,2025-04-22
P04699,Inverse impactful definition,Sports,315.03,217,SUP032,2026-04-15
P04700,Fundamental 24/7 synergy,Sports,1289.61,68,SUP036,2024-05-12
P04701,Multi-tiered neutral moderator,Sports,1899.98,28,SUP053,2025-03-24
P04702,Upgradable neutral extranet,Beauty,835.8,79,SUP027,2025-10-10
P04703,Front-line actuating open architecture,Sports,1677.12,376,SUP091,2025-02-24
P04704,Secured value-added structure,Electronics,969.12,454,SUP069,2024-08-22
P04705,Customizable secondary application,Clothing,1871.48,9,SUP078,2025-08-02
P04706,Ergonomic radical portal,Books,558.44,161,SUP015,2024-12-25
P04707,Enterprise-wide system-worthy hierarchy,Home,55.67,315,SUP085,2025-09-23
P04708,Inverse analyzing Graphic Interface,Beauty,1793.8,278,SUP005,2025-07-03
P04709,Phased even-keeled protocol,Beauty,559.14,43,SUP036,2025-02-15
P04710,Total directional open architecture,Sports,1815.75,459,SUP092,2026-04-14
P04711,User-friendly bifurcated info-mediaries,Electronics,269.25,37,SUP043,2024-06-26
P04712,Phased client-driven Graphical User Interface,Sports,1308.53,454,SUP092,2024-07-07
P04713,Streamlined optimal forecast,Sports,1432.82,451,SUP012,2026-04-14
P04714,Streamlined radical software,Clothing,1247.64,403,SUP050,2025-06-05
P04715,De-engineered methodical implementation,Books,1958.42,258,SUP062,2025-07-05
P04716,Business-focused zero administration initiative,Books,381.82,1,SUP029,2025-05-04
P04717,Quality-focused background core,Electronics,311.27,29,SUP056,2025-06-03
P04718,Devolved 5thgeneration Graphic Interface,Clothing,1239.57,237,SUP061,2026-03-07
P04719,Universal asynchronous customer loyalty,Beauty,844.92,326,SUP051,2024-08-17
P04720,Integrated content-based implementation,Beauty,455.17,397,SUP074,2024-09-27
P04721,Upgradable foreground workforce,Books,1401.3,464,SUP011,2024-12-25
P04722,Future-proofed uniform complexity,Beauty,513.68,459,SUP070,2026-03-06
P04723,Centralized regional data-warehouse,Sports,1301.67,348,SUP046,2025-04-09
P04724,Pre-emptive full-range artificial intelligence,Books,1385.42,90,SUP055,2026-04-21
P04725,Sharable leadingedge focus group,Beauty,1348.97,189,SUP010,2025-02-04
P04726,Versatile next generation hardware,Books,1106.13,261,SUP046,2025-07-03
P04727,Front-line 24hour groupware,Sports,314.89,154,SUP019,2024-11-19
P04728,Reverse-engineered local policy,Home,570.35,18,SUP021,2024-10-02
P04729,Sharable asynchronous ability,Electronics,1584.79,456,SUP002,2025-01-04
P04730,Down-sized tangible focus group,Electronics,979.76,226,SUP038,2025-05-15
P04731,User-centric maximized customer loyalty,Sports,785.99,254,SUP100,2024-08-07
P04732,Customizable incremental forecast,Beauty,202.83,56,SUP012,2026-04-24
P04733,Enhanced value-added neural-net,Sports,123.53,301,SUP056,2025-10-18
P04734,Phased bottom-line process improvement,Sports,647.08,74,SUP072,2025-06-29
P04735,Intuitive transitional migration,Beauty,1987.28,289,SUP100,2026-04-06
P04736,Synchronized tertiary info-mediaries,Sports,1909.25,203,SUP047,2025-05-16
P04737,Total systematic paradigm,Books,1791.27,185,SUP005,2025-07-18
P04738,Adaptive 5thgeneration customer loyalty,Books,1215.57,8,SUP100,2025-04-28
P04739,Virtual motivating info-mediaries,Electronics,1018.35,383,SUP099,2024-05-06
P04740,Up-sized responsive circuit,Books,1419.18,350,SUP053,2024-10-06
P04741,Face-to-face 6thgeneration moratorium,Clothing,470.94,174,SUP088,2025-08-01
P04742,Self-enabling asynchronous knowledgebase,Home,497.97,105,SUP051,2024-10-08
P04743,Fundamental incremental archive,Books,244.83,490,SUP081,2024-07-10
P04744,Ameliorated optimal capability,Clothing,901.76,319,SUP004,2024-09-19
P04745,Decentralized attitude-oriented emulation,Home,500.51,118,SUP023,2025-09-08
P04746,Progressive upward-trending alliance,Sports,847.26,339,SUP091,2024-10-06
P04747,Persistent maximized methodology,Home,1872.6,173,SUP078,2025-05-15
P04748,Profit-focused upward-trending flexibility,Sports,1906.09,265,SUP046,2024-12-21
P04749,Cloned stable archive,Home,1431.11,207,SUP086,2024-11-19
P04750,Organic motivating interface,Beauty,370.7,464,SUP044,2024-12-04
P04751,Fundamental optimizing conglomeration,Clothing,1975.34,25,SUP040,2025-12-20
P04752,Customer-focused 24hour methodology,Books,843.13,350,SUP082,2024-06-21
P04753,Exclusive coherent superstructure,Sports,1602.03,275,SUP028,2025-09-15
P04754,Organic exuding artificial intelligence,Clothing,1949.45,63,SUP090,2024-06-04
P04755,Cross-platform real-time access,Home,1843.96,353,SUP044,2026-01-30
P04756,Multi-lateral stable adapter,Sports,1314.03,215,SUP074,2024-05-30
P04757,Implemented bifurcated budgetary management,Electronics,1518.97,123,SUP082,2026-04-08
P04758,User-friendly web-enabled infrastructure,Home,132.17,203,SUP020,2026-04-25
P04759,Pre-emptive motivating focus group,Electronics,176.91,167,SUP057,2025-04-22
P04760,Fully-configurable methodical leverage,Beauty,339.89,370,SUP071,2026-01-30
P04761,Reduced zero tolerance analyzer,Electronics,102.76,97,SUP079,2024-11-13
P04762,Self-enabling bandwidth-monitored throughput,Clothing,1991.18,428,SUP068,2025-05-11
P04763,Centralized 6thgeneration synergy,Sports,605.51,414,SUP082,2025-09-04
P04764,Intuitive mobile encoding,Books,1850.32,17,SUP041,2025-07-27
P04765,Profound responsive knowledgebase,Beauty,1792.18,127,SUP027,2025-11-21
P04766,Customer-focused full-range capacity,Sports,365.58,175,SUP080,2025-07-12
P04767,Reduced upward-trending open architecture,Books,973.12,140,SUP020,2026-02-26
P04768,Reduced content-based access,Electronics,1819.95,10,SUP055,2025-01-05
P04769,Decentralized 4thgeneration architecture,Clothing,347.4,89,SUP016,2024-08-08
P04770,Multi-channeled multi-state protocol,Sports,1878.25,122,SUP001,2024-05-04
P04771,User-friendly heuristic leverage,Books,1852.04,394,SUP023,2024-07-07
P04772,Focused local hierarchy,Beauty,1987.74,365,SUP068,2024-10-31
P04773,Persistent coherent secured line,Books,1367.38,338,SUP012,2024-05-05
P04774,Right-sized heuristic throughput,Sports,1009.35,5,SUP085,2025-11-22
P04775,Re-contextualized bi-directional middleware,Clothing,1769.92,167,SUP068,2024-11-21
P04776,Future-proofed asynchronous superstructure,Home,1965.41,68,SUP050,2024-11-14
P04777,Reactive 6thgeneration forecast,Beauty,648.28,192,SUP039,2025-01-02
P04778,Re-contextualized impactful capacity,Sports,1014.91,298,SUP091,2024-11-19
P04779,Virtual system-worthy emulation,Sports,668.97,255,SUP033,2024-08-02
P04780,Visionary reciprocal parallelism,Beauty,285.23,51,SUP015,2024-08-10
P04781,Monitored reciprocal project,Electronics,54.56,402,SUP020,2025-01-29
P04782,Quality-focused system-worthy ability,Electronics,1260.35,186,SUP015,2024-07-22
P04783,Managed bi-directional Graphical User Interface,Books,1380.11,91,SUP005,2024-12-01
P04784,Triple-buffered national definition,Books,531.7,229,SUP035,2024-12-17
P04785,Face-to-face disintermediate throughput,Books,898.86,362,SUP089,2025-05-23
P04786,Advanced bi-directional approach,Beauty,1714.31,417,SUP085,2025-09-19
P04787,Grass-roots 24/7 middleware,Sports,1552.6,284,SUP003,2025-02-26
P04788,Phased logistical interface,Home,1715.63,321,SUP094,2025-07-22
P04789,Team-oriented systematic circuit,Beauty,1512.56,194,SUP055,2025-01-02
P04790,Public-key dynamic approach,Electronics,138.64,101,SUP046,2024-10-10
P04791,Customer-focused local success,Beauty,546.57,325,SUP029,2024-07-14
P04792,Profit-focused global encryption,Beauty,494.34,443,SUP009,2026-01-24
P04793,Networked modular support,Home,1605.65,250,SUP047,2025-03-16
P04794,Diverse interactive orchestration,Books,1647.68,57,SUP040,2024-10-14
P04795,Phased interactive project,Beauty,308.07,232,SUP015,2025-07-15
P04796,Multi-layered reciprocal hub,Books,603.47,20,SUP011,2026-03-19
P04797,Inverse explicit Internet solution,Clothing,1268.37,199,SUP096,2025-06-12
P04798,Centralized stable migration,Home,1608.09,131,SUP083,2025-12-12
P04799,Universal mobile protocol,Beauty,540.09,278,SUP011,2025-11-19
P04800,Up-sized motivating data-warehouse,Clothing,54.98,408,SUP015,2026-03-13
P04801,Re-contextualized empowering collaboration,Clothing,741.84,387,SUP036,2024-05-31
P04802,Versatile 4thgeneration challenge,Books,773.81,429,SUP040,2025-06-19
P04803,Inverse bandwidth-monitored policy,Electronics,1493.12,225,SUP054,2024-05-15
P04804,Operative static definition,Home,867.4,390,SUP034,2026-04-21
P04805,Vision-oriented client-driven hierarchy,Sports,1783.6,220,SUP078,2024-06-30
P04806,Customizable 5thgeneration contingency,Electronics,559.46,9,SUP043,2024-08-09
P04807,Self-enabling exuding protocol,Beauty,503.06,54,SUP040,2025-08-11
P04808,Advanced static standardization,Clothing,783.53,156,SUP055,2024-06-14
P04809,Progressive tangible process improvement,Home,928.92,242,SUP011,2026-03-06
P04810,Integrated client-driven system engine,Home,35.57,19,SUP017,2024-08-25
P04811,Enhanced user-facing pricing structure,Clothing,605.25,32,SUP030,2025-08-29
P04812,Operative 5thgeneration success,Sports,590.35,439,SUP045,2024-09-06
P04813,Seamless bottom-line Local Area Network,Sports,70.06,56,SUP034,2024-08-05
P04814,User-centric multi-tasking forecast,Electronics,1665.1,295,SUP006,2026-02-26
P04815,Grass-roots tertiary circuit,Sports,1968.23,245,SUP029,2025-12-03
P04816,Polarized 24hour website,Electronics,601.46,161,SUP018,2025-06-07
P04817,Adaptive composite matrices,Beauty,1314.62,258,SUP032,2025-10-24
P04818,Focused zero tolerance productivity,Sports,1946.89,438,SUP034,2026-04-22
P04819,Reactive non-volatile capacity,Sports,601.67,234,SUP018,2024-12-28
P04820,Total neutral data-warehouse,Home,1685.78,69,SUP014,2024-09-22
P04821,Public-key background throughput,Sports,223.4,198,SUP059,2025-07-17
P04822,Optional exuding attitude,Books,1459.8,291,SUP094,2026-03-06
P04823,Grass-roots global frame,Books,716.94,376,SUP058,2024-08-26
P04824,Switchable static leverage,Home,239.88,435,SUP090,2024-07-16
P04825,De-engineered intangible approach,Beauty,938.25,433,SUP045,2025-07-31
P04826,Down-sized discrete circuit,Books,1528.65,223,SUP032,2026-02-04
P04827,Customer-focused holistic superstructure,Books,677.47,418,SUP082,2024-07-10
P04828,Right-sized solution-oriented application,Sports,1047.96,128,SUP056,2025-07-20
P04829,Monitored 3rdgeneration analyzer,Home,303.77,113,SUP022,2024-05-28
P04830,Customizable zero tolerance solution,Books,159.18,380,SUP030,2024-12-01
P04831,Devolved analyzing firmware,Beauty,104.21,398,SUP039,2026-02-05
P04832,Proactive 5thgeneration capability,Clothing,666.9,409,SUP026,2026-03-11
P04833,Cross-platform tangible matrix,Books,289.68,435,SUP079,2025-06-26
P04834,Future-proofed intermediate implementation,Home,945.05,155,SUP026,2025-05-08
P04835,Profit-focused leadingedge infrastructure,Electronics,546.23,352,SUP010,2025-11-13
P04836,Ameliorated executive migration,Home,115.3,457,SUP032,2025-10-01
P04837,Managed tangible framework,Home,811.82,457,SUP010,2025-04-27
P04838,Versatile reciprocal success,Sports,66.94,454,SUP083,2025-09-06
P04839,Reduced systematic knowledgebase,Clothing,1264.56,64,SUP003,2024-05-26
P04840,Realigned cohesive installation,Sports,927.91,56,SUP062,2026-04-14
P04841,Down-sized contextually-based framework,Sports,1982.11,225,SUP072,2026-03-13
P04842,Open-source radical superstructure,Home,679.02,47,SUP085,2026-02-16
P04843,Enhanced heuristic encryption,Clothing,552.06,146,SUP063,2025-02-15
P04844,Compatible dedicated middleware,Books,216.41,173,SUP095,2024-11-29
P04845,Optimized discrete focus group,Books,1136.15,235,SUP006,2024-08-23
P04846,Vision-oriented analyzing groupware,Beauty,485.79,324,SUP050,2024-06-01
P04847,Operative uniform system engine,Home,412.73,262,SUP071,2025-10-31
P04848,Assimilated background methodology,Books,13.87,269,SUP015,2024-08-04
P04849,Exclusive directional analyzer,Electronics,440.67,81,SUP015,2024-05-07
P04850,Right-sized multi-state Internet solution,Electronics,917.58,223,SUP045,2026-01-16
P04851,Streamlined multi-state project,Electronics,172.71,29,SUP043,2025-07-19
P04852,Innovative next generation instruction set,Home,1959.68,490,SUP018,2025-09-22
P04853,Networked methodical service-desk,Clothing,1324.69,73,SUP094,2024-09-13
P04854,Mandatory solution-oriented toolset,Electronics,1616.72,86,SUP022,2025-03-08
P04855,Multi-channeled local knowledgebase,Clothing,1487.95,236,SUP063,2026-03-11
P04856,Inverse 4thgeneration installation,Sports,1906.5,221,SUP073,2024-08-13
P04857,Profit-focused maximized moderator,Electronics,982.15,259,SUP042,2025-06-10
P04858,Cloned 24/7 core,Electronics,43.24,85,SUP049,2026-01-09
P04859,Visionary explicit matrix,Sports,371.52,399,SUP096,2025-04-25
P04860,Programmable bottom-line focus group,Beauty,377.45,36,SUP080,2024-06-07
P04861,Sharable intermediate utilization,Electronics,1427.23,132,SUP027,2025-07-15
P04862,Networked fresh-thinking portal,Beauty,1385.18,104,SUP077,2024-05-22
P04863,Reduced user-facing hierarchy,Clothing,620.74,70,SUP097,2025-07-29
P04864,Face-to-face responsive open architecture,Clothing,1048.08,165,SUP036,2025-07-12
P04865,Mandatory human-resource interface,Beauty,467.86,42,SUP080,2024-06-12
P04866,Networked uniform knowledge user,Books,706.61,499,SUP046,2024-09-28
P04867,Focused zero-defect open system,Sports,1390.78,205,SUP063,2026-04-20
P04868,Innovative bifurcated array,Home,640.42,472,SUP076,2024-10-24
P04869,Secured grid-enabled intranet,Beauty,162.38,441,SUP038,2025-01-02
P04870,Future-proofed web-enabled migration,Home,1430.07,226,SUP092,2025-01-19
P04871,Mandatory attitude-oriented capacity,Home,1661.25,301,SUP021,2024-09-30
P04872,Grass-roots systematic groupware,Sports,319.03,398,SUP009,2025-11-06
P04873,Mandatory encompassing methodology,Books,1244.31,343,SUP052,2025-11-27
P04874,Public-key web-enabled installation,Beauty,1982.69,100,SUP070,2025-05-30
P04875,Virtual multi-tasking synergy,Electronics,177.01,260,SUP062,2026-02-07
P04876,Networked homogeneous protocol,Books,977.96,173,SUP036,2024-10-06
P04877,Customer-focused impactful archive,Beauty,72.69,388,SUP015,2025-08-05
P04878,Quality-focused 24/7 toolset,Sports,1893.62,93,SUP035,2024-11-09
P04879,Compatible solution-oriented portal,Home,160.35,271,SUP022,2025-06-20
P04880,Fully-configurable stable protocol,Books,326.65,161,SUP013,2025-03-12
P04881,Customizable tertiary open architecture,Beauty,830.73,449,SUP091,2025-04-22
P04882,Automated user-facing encryption,Electronics,302.34,319,SUP041,2024-10-23
P04883,Pre-emptive tertiary hardware,Clothing,1568.23,389,SUP025,2024-09-24
P04884,Synchronized stable customer loyalty,Electronics,1878.72,260,SUP086,2024-07-15
P04885,Distributed 24hour website,Home,1722.71,225,SUP099,2025-05-10
P04886,Intuitive radical time-frame,Books,1515.15,309,SUP086,2025-12-16
P04887,Pre-emptive multimedia software,Home,1492.12,332,SUP098,2025-09-02
P04888,Advanced encompassing hierarchy,Beauty,1449.23,159,SUP046,2024-08-30
P04889,Persistent full-range framework,Home,1478.07,179,SUP018,2025-12-14
P04890,Programmable high-level toolset,Clothing,1679.78,24,SUP078,2026-01-03
P04891,Virtual exuding functionalities,Books,1419.26,382,SUP016,2024-11-23
P04892,Multi-lateral asynchronous instruction set,Home,1813.61,3,SUP023,2025-11-27
P04893,Cross-group mobile attitude,Sports,125.17,289,SUP055,2025-06-26
P04894,Operative methodical moderator,Clothing,581.68,191,SUP059,2024-12-06
P04895,Mandatory analyzing collaboration,Electronics,264.86,167,SUP005,2025-11-27
P04896,Phased logistical function,Home,1451.03,384,SUP076,2024-05-14
P04897,De-engineered impactful encryption,Home,462.19,156,SUP015,2025-05-17
P04898,Synchronized empowering time-frame,Sports,1957.55,195,SUP071,2024-08-19
P04899,Triple-buffered zero tolerance structure,Sports,1406.68,142,SUP058,2025-01-25
P04900,Multi-tiered context-sensitive Graphic Interface,Clothing,1026.56,350,SUP039,2024-06-02
P04901,Robust foreground projection,Sports,849.13,179,SUP048,2025-04-30
P04902,Face-to-face optimal task-force,Sports,117.6,11,SUP015,2026-03-13
P04903,Future-proofed 5thgeneration system engine,Sports,1653.87,144,SUP055,2025-06-22
P04904,Devolved secondary capacity,Electronics,1658.9,395,SUP080,2025-11-17
P04905,Decentralized full-range contingency,Sports,1766.06,62,SUP067,2026-03-23
P04906,Vision-oriented asynchronous approach,Books,819.86,169,SUP018,2024-06-14
P04907,Re-contextualized tangible strategy,Books,469.4,269,SUP013,2025-10-22
P04908,Up-sized 24/7 orchestration,Clothing,1249.19,488,SUP041,2025-05-28
P04909,Pre-emptive upward-trending encoding,Books,128.75,143,SUP082,2024-12-30
P04910,Exclusive coherent system engine,Sports,759.7,55,SUP008,2024-08-10
P04911,Grass-roots contextually-based throughput,Books,182.74,248,SUP093,2025-11-30
P04912,Reverse-engineered optimal alliance,Home,1855.19,365,SUP070,2026-02-05
P04913,Optional eco-centric moderator,Home,527.29,407,SUP048,2025-01-10
P04914,Visionary optimal array,Books,1451.29,67,SUP097,2025-10-10
P04915,Customer-focused intangible capability,Home,1512.1,150,SUP055,2025-08-06
P04916,Ameliorated radical toolset,Home,1796.82,462,SUP081,2025-12-29
P04917,Future-proofed clear-thinking model,Sports,330.66,55,SUP050,2025-06-19
P04918,De-engineered motivating throughput,Beauty,1419.46,40,SUP045,2025-10-14
P04919,Quality-focused object-oriented frame,Sports,497.55,433,SUP016,2025-09-10
P04920,Diverse tertiary Local Area Network,Books,1147.6,185,SUP034,2025-08-21
P04921,Distributed directional challenge,Beauty,403.1,287,SUP088,2026-04-02
P04922,Multi-lateral coherent customer loyalty,Electronics,608.24,120,SUP022,2024-11-25
P04923,Decentralized discrete customer loyalty,Books,188.96,239,SUP077,2025-07-20
P04924,Persistent 5thgeneration product,Books,169.1,341,SUP077,2024-12-27
P04925,Managed real-time analyzer,Sports,516.1,493,SUP033,2025-07-03
P04926,Configurable contextually-based core,Home,1033.0,457,SUP010,2025-06-17
P04927,Integrated interactive capacity,Home,567.53,410,SUP088,2025-12-24
P04928,Open-architected attitude-oriented toolset,Books,829.73,270,SUP005,2024-05-15
P04929,Assimilated logistical firmware,Books,63.72,226,SUP085,2024-12-16
P04930,Grass-roots modular extranet,Beauty,844.32,394,SUP073,2025-01-25
P04931,Persevering needs-based intranet,Electronics,1449.31,419,SUP033,2025-07-28
P04932,Enhanced demand-driven conglomeration,Clothing,1582.11,31,SUP076,2025-04-10
P04933,Distributed fresh-thinking Internet solution,Books,466.57,231,SUP046,2024-06-17
P04934,Extended 24/7 Local Area Network,Beauty,1242.7,345,SUP042,2025-12-26
P04935,Open-architected hybrid service-desk,Beauty,1710.65,198,SUP082,2026-04-05
P04936,Up-sized grid-enabled circuit,Books,1080.5,423,SUP006,2024-06-14
P04937,Versatile reciprocal budgetary management,Home,439.3,221,SUP069,2024-09-30
P04938,De-engineered leadingedge encoding,Books,1709.33,406,SUP091,2024-08-21
P04939,Cloned tertiary utilization,Home,527.39,141,SUP057,2025-11-27
P04940,Innovative asymmetric challenge,Home,829.44,125,SUP047,2025-05-01
P04941,Vision-oriented user-facing benchmark,Books,1042.66,415,SUP054,2025-05-13
P04942,Grass-roots analyzing service-desk,Electronics,1472.02,229,SUP014,2024-12-30
P04943,Function-based user-facing infrastructure,Beauty,1920.96,2,SUP047,2025-10-17
P04944,Down-sized multi-state help-desk,Sports,947.14,291,SUP043,2024-11-30
P04945,Versatile system-worthy software,Clothing,1045.21,137,SUP075,2025-05-13
P04946,Exclusive secondary circuit,Sports,457.16,301,SUP015,2024-06-17
P04947,Operative even-keeled neural-net,Beauty,333.19,337,SUP025,2024-12-10
P04948,Optional maximized groupware,Electronics,392.62,229,SUP046,2024-08-12
P04949,Synergistic fault-tolerant leverage,Sports,536.25,116,SUP024,2025-09-05
P04950,Programmable systematic open system,Clothing,239.95,482,SUP014,2024-07-25
P04951,Front-line directional capability,Clothing,136.32,128,SUP058,2026-02-03
P04952,Customizable maximized Graphic Interface,Sports,461.58,39,SUP053,2025-02-14
P04953,Visionary mission-critical emulation,Clothing,221.35,280,SUP049,2025-06-23
P04954,Pre-emptive executive productivity,Electronics,289.35,142,SUP095,2026-03-10
P04955,Realigned executive encryption,Electronics,1690.05,184,SUP098,2025-06-03
P04956,De-engineered coherent task-force,Beauty,1717.56,497,SUP030,2025-05-12
P04957,Mandatory stable pricing structure,Electronics,734.37,342,SUP024,2024-08-30
P04958,Secured context-sensitive product,Beauty,984.52,99,SUP047,2024-10-27
P04959,Universal zero tolerance customer loyalty,Home,545.58,264,SUP090,2024-11-24
P04960,Organic bifurcated data-warehouse,Home,1169.58,344,SUP007,2024-10-19
P04961,Secured encompassing challenge,Beauty,1671.34,67,SUP045,2025-08-16
P04962,Function-based reciprocal emulation,Clothing,1430.89,131,SUP057,2026-05-04
P04963,Advanced actuating system engine,Beauty,551.2,224,SUP095,2025-04-12
P04964,Progressive dedicated matrices,Books,676.35,3,SUP012,2026-03-03
P04965,Vision-oriented zero tolerance alliance,Clothing,1101.71,401,SUP068,2025-01-18
P04966,Optional multi-state Internet solution,Beauty,1988.23,411,SUP053,2026-01-02
P04967,Team-oriented exuding utilization,Clothing,1096.77,343,SUP056,2025-04-09
P04968,Robust zero tolerance moderator,Sports,28.67,13,SUP041,2025-11-21
P04969,Phased 4thgeneration challenge,Books,1315.3,377,SUP076,2025-01-22
P04970,Organized value-added ability,Electronics,1827.22,220,SUP011,2025-03-23
P04971,Innovative national functionalities,Beauty,1191.81,280,SUP056,2025-01-22
P04972,Re-engineered static alliance,Home,979.75,317,SUP065,2024-07-27
P04973,User-friendly upward-trending architecture,Home,1123.34,287,SUP030,2025-01-12
P04974,Intuitive dedicated neural-net,Sports,1713.72,195,SUP096,2025-08-25
P04975,Versatile tangible migration,Home,1340.59,21,SUP007,2024-10-29
P04976,Optimized clear-thinking synergy,Books,1165.75,476,SUP025,2025-05-25
P04977,De-engineered 3rdgeneration extranet,Beauty,1777.62,140,SUP050,2024-09-09
P04978,Ergonomic static function,Beauty,795.53,128,SUP060,2025-03-18
P04979,Synergistic system-worthy Graphical User Interface,Sports,1556.59,325,SUP077,2024-12-12
P04980,Right-sized bottom-line approach,Beauty,172.96,113,SUP077,2025-06-13
P04981,Right-sized full-range archive,Home,1919.06,75,SUP021,2026-03-15
P04982,Monitored even-keeled open architecture,Clothing,615.57,111,SUP015,2025-12-02
P04983,Grass-roots value-added throughput,Clothing,1775.3,443,SUP055,2025-05-07
P04984,Quality-focused exuding Local Area Network,Beauty,504.56,129,SUP010,2025-01-19
P04985,Object-based client-driven pricing structure,Books,253.11,287,SUP056,2025-01-10
P04986,Managed dedicated Local Area Network,Books,478.91,452,SUP046,2025-01-09
P04987,Inverse system-worthy Graphical User Interface,Home,54.36,236,SUP027,2025-02-16
P04988,Virtual non-volatile utilization,Books,1955.12,113,SUP064,2024-07-04
P04989,Stand-alone bi-directional Internet solution,Beauty,1762.44,101,SUP044,2025-05-24
P04990,Organic executive moratorium,Home,290.67,246,SUP004,2025-06-04
P04991,Streamlined grid-enabled forecast,Clothing,1576.38,175,SUP053,2025-10-23
P04992,Proactive local application,Sports,1462.34,493,SUP003,2024-08-07
P04993,De-engineered high-level capacity,Electronics,1064.19,469,SUP023,2024-06-05
P04994,Down-sized asymmetric orchestration,Clothing,1756.37,253,SUP045,2025-05-17
P04995,Compatible bandwidth-monitored implementation,Beauty,941.15,92,SUP085,2025-11-03
P04996,Future-proofed explicit orchestration,Books,365.38,403,SUP040,2026-01-04
P04997,Networked maximized infrastructure,Beauty,770.6,15,SUP006,2026-01-27
P04998,Mandatory homogeneous functionalities,Books,1990.58,400,SUP083,2025-03-02
P04999,Centralized cohesive benchmark,Home,727.21,100,SUP058,2025-05-27
P05000,Stand-alone web-enabled data-warehouse,Clothing,167.13,252,SUP016,2025-07-27
